bt_score,bear_score,fwd_spy_ret,fwd_spy_ret_pct
2.5,0.5,0.010429012105229063,1.0429012105229063
2.5,0.5,0.016371800639697787,1.6371800639697787
2.5,0.5,0.001750725004932896,0.1750725004932896
3.5,0.5,-0.008302190719378544,-0.8302190719378544
2.5,0.5,0.008547669884900966,0.8547669884900966
4.5,0.5,0.005941830770538115,0.5941830770538115
5.0,0.5,-0.0021721247197141746,-0.21721247197141746
4.0,0.5,0.001218524175437441,0.1218524175437441
5.0,0.5,0.011824675139268992,1.1824675139268992
5.5,0.5,-0.0326514458869418,-3.26514458869418
3.5,0.5,-0.010043453085805787,-1.0043453085805787
3.5,0.5,-0.0002702723940426477,-0.02702723940426477
4.0,0.5,0.032513747387298286,3.2513747387298286
3.0,0.5,-0.0023550884866002653,-0.23550884866002653
3.5,0.5,-0.00472179805234485,-0.472179805234485
4.5,0.5,0.004656334321535782,0.4656334321535782
4.5,0.5,-0.029730781056050648,-2.973078105605065
2.5,0.5,-0.009012198471408661,-0.9012198471408661
2.5,0.5,0.0007278667166392694,0.07278667166392694
2.5,0.5,-0.002090390392301966,-0.20903903923019662
2.5,0.5,0.027775143165747362,2.7775143165747362
4.5,0.5,0.0010633387044605147,0.10633387044605147
4.5,0.5,0.012125914530526138,1.2125914530526138
5.0,0.5,-0.002669147963383911,-0.2669147963383911
5.5,0.5,0.001847929861430897,0.1847929861430897
4.0,0.5,-0.008432757886501996,-0.8432757886501996
4.5,0.5,-0.01018791516527151,-1.018791516527151
3.5,0.5,-0.009128894057151338,-0.9128894057151338
4.5,0.5,-0.01580747128307658,-1.580747128307658
3.5,0.5,0.01725472744880885,1.7254727448808849
4.0,0.5,-0.03599774231554276,-3.599774231554276
3.5,0.5,0.0031816896405989503,0.31816896405989503
3.5,0.5,0.030693227088231412,3.069322708823141
4.5,0.5,0.008780142776736666,0.8780142776736666
5.0,0.5,0.0060111163820091296,0.601111638200913
5.0,0.5,0.008384258496762165,0.8384258496762165
5.5,0.5,0.004961729281711458,0.4961729281711458
4.5,0.5,-0.014935653157407747,-1.4935653157407747
5.0,0.5,0.01964836549674609,1.964836549674609
4.5,0.5,-0.01003102331836725,-1.003102331836725
4.0,0.5,-0.01110990938659595,-1.110990938659595
3.5,0.5,-0.011415269097534209,-1.1415269097534209
3.5,0.5,0.02918458456764128,2.918458456764128
4.5,0.5,0.03604235623544638,3.6042356235446382
6.0,0.5,0.01287521209091902,1.287521209091902
6.5,0.5,-0.00860340341730581,-0.860340341730581
6.5,0.5,0.00792043401737752,0.792043401737752
6.5,0.5,0.007604787194677609,0.7604787194677609
5.5,0.5,0.0006701742453036896,0.06701742453036896
6.5,0.5,0.00565035002315728,0.565035002315728
6.0,0.5,0.011135252580119603,1.1135252580119603
6.5,0.5,0.0008282709752112094,0.08282709752112094
6.5,0.5,-0.020104705890496843,-2.0104705890496843
6.0,0.5,-0.0016882713209049882,-0.16882713209049882
5.5,0.5,-0.012348139287615467,-1.2348139287615467
4.0,0.5,0.005566014316259693,0.5566014316259693
5.0,0.5,0.023843901973101156,2.3843901973101156
6.0,0.5,0.0044917376403157405,0.44917376403157405
6.5,0.5,-0.003146437316027595,-0.3146437316027595
6.0,0.5,0.008638878012757534,0.8638878012757534
6.5,0.5,0.010705550071729464,1.0705550071729464
6.5,0.5,-0.01906632160983368,-1.906632160983368
5.0,0.5,-0.011499407523461236,-1.1499407523461236
4.0,0.5,-0.011810375386321459,-1.181037538632146
4.0,0.5,0.0024756440049111816,0.24756440049111816
5.0,0.5,0.004854374053330002,0.48543740533300017
4.0,0.5,-0.032627222257960886,-3.2627222257960886
3.5,0.5,0.012440001424702585,1.2440001424702585
4.0,0.5,0.0015566873334922349,0.1556687333492235
4.0,0.5,0.01157712550552148,1.157712550552148
5.0,0.5,-0.011700485125174964,-1.1700485125174964
4.0,0.5,0.029381359218160652,2.938135921816065
6.0,0.5,0.009486195978967826,0.9486195978967826
6.0,0.5,-0.0008319698194354519,-0.08319698194354519
6.0,0.5,0.0004166593630201554,0.04166593630201554
6.0,0.5,0.013725667670355435,1.3725667670355435
6.0,0.5,-0.019611112584839385,-1.9611112584839385
5.0,0.5,0.004622348412068877,0.46223484120688774
4.0,0.5,0.014975448046753215,1.4975448046753215
4.5,0.5,0.012528624287634571,1.252862428763457
5.0,0.5,0.005698627995452954,0.5698627995452954
5.0,0.5,0.0016191092665405193,0.16191092665405193
5.0,0.5,-0.006950135954119641,-0.6950135954119641
5.0,0.5,0.0014642215991673702,0.14642215991673702
4.5,0.5,-0.004794148322444625,-0.47941483224446246
5.0,0.5,-0.01396217335461547,-1.396217335461547
5.0,0.5,0.012503958198084364,1.2503958198084364
5.0,0.5,0.019056545890165477,1.9056545890165477
5.5,0.5,-0.004609665226708914,-0.46096652267089144
5.5,0.5,-0.016680020487012448,-1.6680020487012448
5.0,0.5,0.013175275888323457,1.3175275888323457
6.0,0.5,-0.02787742452054276,-2.787742452054276
4.0,0.5,-0.007858714773524622,-0.7858714773524622
3.5,0.5,-0.004550306612016053,-0.4550306612016053
2.5,0.5,0.014137204111764445,1.4137204111764445
4.0,0.5,0.01928169383087619,1.928169383087619
5.0,0.5,0.013512507322327671,1.3512507322327671
5.0,0.5,0.011069816631511964,1.1069816631511964
5.0,0.5,0.015983210465555064,1.5983210465555064
6.5,0.5,-0.0022022100647457465,-0.22022100647457465
5.5,0.5,-0.004099260320993392,-0.4099260320993392
5.5,0.5,0.005539636196899345,0.5539636196899345
6.5,0.5,0.0031655400441563675,0.31655400441563675
6.0,0.5,-0.0177500073627479,-1.77500073627479
5.0,0.5,0.03156355749875206,3.156355749875206
6.5,0.5,0.001868427545080431,0.1868427545080431
6.5,0.5,-0.021059721780788743,-2.1059721780788743
5.0,0.5,0.020401524756118672,2.040152475611867
5.0,0.5,-0.017659539451506,-1.7659539451506001
5.0,0.5,0.0029299536238796,0.29299536238796
4.0,0.5,0.017135400184401073,1.7135400184401073
5.0,0.5,0.004658210972344978,0.4658210972344978
5.5,0.5,-0.00502339770535587,-0.502339770535587
4.5,0.5,-0.0013199828420351611,-0.13199828420351611
5.0,0.5,0.019825912494848108,1.9825912494848108
6.5,0.5,-0.003138623453722733,-0.3138623453722733
5.0,0.5,-0.002918518770344769,-0.2918518770344769
5.0,0.5,-0.0022338033276219083,-0.22338033276219083
4.5,0.5,-0.00640706753447462,-0.640706753447462
4.0,0.5,0.018957541977641545,1.8957541977641545
5.0,0.5,0.002439742462159611,0.2439742462159611
5.0,0.5,0.007986949898120654,0.7986949898120654
5.0,0.5,-0.02475106343515887,-2.475106343515887
4.5,0.5,-0.016558899396930338,-1.6558899396930338
4.0,0.5,0.010071334702612678,1.0071334702612678
5.0,0.5,0.004829343734917169,0.48293437349171686
5.0,0.5,-0.028294444229019833,-2.8294444229019833
3.5,0.5,-0.0011893087053760354,-0.11893087053760354
4.0,0.5,-0.0016848345532421982,-0.16848345532421982
3.0,0.5,0.022822389796688825,2.2822389796688825
5.5,0.5,-0.005264120591652821,-0.5264120591652821
5.5,0.5,-0.024405530300406375,-2.4405530300406375
4.0,0.5,0.0034809545650866802,0.348095456508668
3.5,0.5,0.03251354564398001,3.2513545643980013
6.0,0.5,0.0017186501738923887,0.17186501738923887
5.0,0.5,-0.009281959634820258,-0.9281959634820258
5.5,0.5,0.02897339000721244,2.897339000721244
5.5,0.5,-0.006732895703262409,-0.6732895703262409
5.5,0.5,0.01240255781853783,1.240255781853783
5.5,0.5,-0.008674664168956125,-0.8674664168956125
4.5,0.5,0.01735009943544008,1.735009943544008
4.5,0.5,-0.0037130674853715906,-0.37130674853715906
4.0,0.5,0.016048990962758358,1.6048990962758358
5.5,0.5,0.010705354418184099,1.0705354418184099
6.0,0.5,0.011999160833069844,1.1999160833069844
5.0,0.5,0.0015371185013588473,0.15371185013588473
5.0,0.5,0.007819296490984451,0.7819296490984451
5.0,0.5,-0.009934291074123913,-0.9934291074123913
4.5,0.5,0.012450875381500026,1.2450875381500026
6.0,0.5,0.015769300020131993,1.5769300020131993
6.0,0.5,-0.0004981011067126673,-0.04981011067126673
5.5,0.5,-0.0009264326644539134,-0.09264326644539134
5.5,0.5,0.00855802731649824,0.855802731649824
6.0,0.5,0.012112915077572506,1.2112915077572506
5.0,0.5,-0.011169737676478109,-1.1169737676478109
4.5,0.5,0.006181120231352866,0.6181120231352866
5.0,0.5,-0.007626439865468182,-0.7626439865468182
4.5,0.5,0.019212080227674733,1.9212080227674733
4.5,0.5,-0.002931964829216649,-0.2931964829216649
4.5,0.5,-0.004831672846802304,-0.4831672846802304
4.5,0.5,0.018856001639458775,1.8856001639458775
6.0,0.5,-0.006008049051558717,-0.6008049051558717
5.0,0.5,0.012435990889004378,1.2435990889004378
5.5,0.5,-0.0029509621224950155,-0.29509621224950155
5.5,0.5,-0.04562996794194396,-4.562996794194396
3.5,0.5,0.015216360913707039,1.5216360913707039
4.5,0.5,-0.012079562102506936,-1.2079562102506936
3.5,0.5,0.03508237318351215,3.508237318351215
5.0,0.5,-0.009693157614634962,-0.9693157614634962
5.5,0.5,0.01577438103578821,1.577438103578821
6.0,0.5,0.007487560219550993,0.7487560219550993
5.0,0.5,0.02270840802769869,2.270840802769869
6.0,0.5,0.0061234952271758125,0.6123495227175813
5.0,0.5,0.009295129180524553,0.9295129180524553
6.0,0.5,-0.0003974998047059364,-0.03974998047059364
7.0,0.5,0.011666695717323483,1.1666695717323483
7.0,0.5,-0.006093577483672674,-0.6093577483672674
6.5,0.5,0.015755237592515625,1.5755237592515625
7.0,0.5,-0.019729862824237943,-1.9729862824237943
6.5,0.5,0.01780875124286352,1.7808751242863519
5.5,0.5,-0.016463214871742404,-1.6463214871742404
3.5,0.5,-0.0007968388036351248,-0.07968388036351248
3.5,0.5,0.016951146861919453,1.6951146861919453
5.0,0.5,0.012224051287506033,1.2224051287506033
6.0,0.5,-0.008718507350290783,-0.8718507350290783
5.0,0.5,-0.0546580531623152,-5.4658053162315205
4.0,0.5,-0.009027245767371683,-0.9027245767371683
3.0,0.5,0.00632814439737861,0.632814439737861
4.0,0.5,0.0,0.0
5.0,0.5,0.025015536206988376,2.5015536206988376
5.5,0.5,-0.004988987436428838,-0.4988987436428838
6.0,0.5,-0.010298651208622278,-1.0298651208622278
4.5,0.5,0.01937387924221401,1.937387924221401
6.5,0.5,0.025460100744960412,2.546010074496041
6.5,0.5,0.004013925162913434,0.4013925162913434
6.5,0.5,0.02143157032099241,2.143157032099241
7.0,0.5,0.003079417449861843,0.3079417449861843
6.0,0.5,-0.04260209270561732,-4.260209270561733
4.0,0.5,0.026390946750168176,2.6390946750168176
4.5,0.5,-0.01575232006473537,-1.575232006473537
4.0,0.5,-0.04007993524846054,-4.007993524846054
3.5,0.5,0.004478659040546562,0.4478659040546562
3.5,0.5,-0.011386404001372918,-1.1386404001372918
3.5,0.5,0.031430069076894496,3.1430069076894496
4.5,0.5,0.015135584936965873,1.5135584936965873
5.5,0.5,-0.024783592743281124,-2.4783592743281124
5.0,0.5,0.011865643821423744,1.1865643821423744
5.5,0.5,-0.0056031864000956055,-0.5603186400095606
4.0,0.5,-0.040665336124340645,-4.066533612434064
3.5,0.5,-0.008209472532445306,-0.8209472532445306
3.5,0.5,-0.05772385616581632,-5.772385616581632
3.5,0.5,0.007420966540073515,0.7420966540073515
3.5,0.5,0.04915824509197719,4.915824509197719
4.0,0.5,-0.046640067119692374,-4.664006711969238
3.5,0.5,0.015556036731040335,1.5556036731040335
3.0,0.5,0.0035515292350030148,0.3551529235003015
4.0,0.5,-0.013272207652504364,-1.3272207652504364
3.5,0.5,-0.030712779592839357,-3.0712779592839357
3.5,0.5,-0.0007711239275758341,-0.07711239275758341
3.5,0.5,0.024102294008748304,2.4102294008748304
3.5,0.5,-0.004315317832943144,-0.4315317832943144
4.0,0.5,0.040909506462249556,4.090950646224956
6.0,0.5,-0.025641299157288744,-2.5641299157288744
5.5,0.436,0.038236210042440266,3.8236210042440266
5.0,0.346,0.008087987750333703,0.8087987750333703
5.0,0.302,0.013682219939841644,1.3682219939841644
5.0,0.248,-0.018443976554907926,-1.8443976554907926
5.0,0.3,0.027070011396768567,2.7070011396768567
6.5,0.271,-0.03518889787272372,-3.5188897872723723
3.5,0.357,0.019689400596133888,1.9689400596133888
5.5,0.322,-0.028927671859103166,-2.8927671859103166
3.5,0.411,-0.001027536556378661,-0.10275365563786609
3.5,0.402,-0.02873180429183142,-2.873180429183142
2.5,0.442,-0.030779718864124117,-3.0779718864124117
3.5,0.449,-0.00956626124284976,-0.9566261242849761
3.5,0.522,-0.019555271644469685,-1.9555271644469685
3.5,0.487,0.01728022394923623,1.7280223949236229
5.0,0.414,-0.00396861208521615,-0.396861208521615
4.0,0.483,0.005418638439361745,0.5418638439361745
3.0,0.491,0.025444108664312903,2.5444108664312903
4.0,0.51,0.006183784109924373,0.6183784109924373
4.0,0.541,-0.0039944473539872405,-0.39944473539872405
4.5,0.5,-0.006633422117618526,-0.6633422117618526
4.5,0.518,-0.033930849070408664,-3.3930849070408664
3.5,0.517,0.013422353120079444,1.3422353120079444
3.5,0.461,-0.009925990971554555,-0.9925990971554555
2.5,0.472,-0.02634592801560498,-2.634592801560498
2.5,0.506,-0.08696715519181253,-8.696715519181254
2.5,0.507,-0.19793397164741755,-19.793397164741755
2.5,0.507,0.05322110495585308,5.322110495585308
2.5,0.507,-0.06619468556024022,-6.619468556024022
2.5,0.507,0.11247694377506612,11.247694377506612
3.0,0.507,-0.03067212487079385,-3.067212487079385
4.0,0.507,-0.07713686510359008,-7.7136865103590075
2.5,0.507,-0.08196713628339769,-8.196713628339769
2.5,0.507,0.13292341258920026,13.292341258920025
4.0,0.507,-0.023976913322663607,-2.3976913322663607
4.0,0.507,0.012055477501478506,1.2055477501478506
4.0,0.507,-0.0009449636577049114,-0.09449636577049114
6.0,0.507,-0.011679471619710058,-1.1679471619710058
6.0,0.507,0.066544422180294,6.654442218029399
6.0,0.507,-0.04163073623039171,-4.163073623039171
5.0,0.507,-0.045235430990769765,-4.523543099076976
4.5,0.507,-0.022925193925324994,-2.2925193925324994
2.5,0.507,-0.0033688150896437064,-0.33688150896437064
3.5,0.507,0.050102963706832426,5.010296370683243
5.0,0.507,-0.04851692024857923,-4.851692024857924
4.0,0.507,-0.06452377529467335,-6.452377529467334
3.5,0.507,-0.04507920814685351,-4.507920814685351
2.5,0.507,-0.06776651938408007,-6.776651938408007
2.5,0.507,0.10403329764853675,10.403329764853675
3.0,0.507,0.015364413562544366,1.5364413562544366
4.0,0.51,0.06387658950927433,6.387658950927433
6.0,0.507,0.032471632711520426,3.2471632711520426
6.0,0.573,0.018395365363068628,1.8395365363068628
6.0,0.52,0.01480040553433093,1.480040553433093
6.0,0.474,-0.004823034548722349,-0.4823034548722349
5.0,0.476,0.014192772294278067,1.4192772294278067
5.0,0.535,0.057913536408829014,5.791353640882901
5.0,0.508,-0.04592407909634688,-4.592407909634688
4.0,0.574,0.003494999191633541,0.3494999191633541
6.0,0.513,0.039429182270692475,3.9429182270692475
6.5,0.245,0.021831137592958516,2.1831137592958516
6.5,0.31,0.005605726812972556,0.5605726812972556
7.0,0.215,-0.026505311624516414,-2.6505311624516414
5.0,0.236,-0.0021736562023815242,-0.21736562023815242
5.5,0.218,-0.02210303083458709,-2.210303083458709
3.5,0.191,-0.020598981773759517,-2.0598981773759517
4.0,0.257,0.07014541389782436,7.014541389782436
7.0,0.145,0.04175055754153356,4.175055754153356
7.0,0.181,0.00764861688704821,0.764861688704821
7.0,0.194,0.024188350558271177,2.4188350558271177
6.0,0.187,-0.004051985583143902,-0.4051985583143902
6.0,0.198,0.02162914659651327,2.162914659651327
6.0,0.184,0.003981634396683864,0.3981634396683864
6.0,0.106,-0.012768297063591394,-1.2768297063591394
5.5,0.109,0.026553104995774568,2.655310499577457
7.0,0.127,0.023463889902491042,2.346388990249104
7.0,0.102,-0.02127081318294821,-2.127081318294821
6.0,0.111,-0.018764833919146073,-1.8764833919146073
5.5,0.126,0.046541243917109565,4.6541243917109565
7.0,0.098,0.015196739186366104,1.5196739186366104
6.5,0.09,-0.007438660476671188,-0.7438660476671188
6.5,0.094,-0.041821157799580955,-4.182115779958096
4.5,0.136,0.034473056424485726,3.4473056424485726
6.5,0.103,0.023242694834397115,2.3242694834397115
5.5,0.099,-0.0017336206136773225,-0.17336206136773225
5.5,0.093,0.001280072884038308,0.1280072884038308
5.5,0.106,0.01314203344833853,1.314203344833853
7.0,0.089,0.0009005829392723097,0.09005829392723097
5.5,0.09,-0.0027595370393752594,-0.27595370393752594
5.0,0.091,0.020596572923945233,2.0596572923945233
6.0,0.08,-0.00924571210651326,-0.924571210651326
5.0,0.091,0.02808661301895965,2.808661301895965
6.0,0.073,-0.008117127916192235,-0.8117127916192235
7.0,0.072,-0.03898293984740819,-3.8982939847408193
4.5,0.119,-0.016664647855339054,-1.6664647855339054
4.5,0.174,-0.006798207452801686,-0.6798207452801686
4.5,0.308,0.012938334470385282,1.2938334470385282
4.0,0.296,0.028693449957680528,2.869344995768053
5.0,0.283,-0.0035993619735147364,-0.35993619735147364
5.5,0.28,0.03169595471708431,3.1695954717084307
6.0,0.27,0.010590679110744405,1.0590679110744405
6.0,0.27,0.008553043701537755,0.8553043701537755
7.0,0.267,0.005260461819051709,0.5260461819051709
6.0,0.271,0.010464820370655437,1.0464820370655437
6.0,0.27,0.014855526639296013,1.4855526639296013
7.0,0.263,-0.0015892747543679864,-0.15892747543679864
5.5,0.274,0.020526278124304742,2.052627812430474
7.0,0.266,-0.024628718736436572,-2.4628718736436572
5.0,0.293,-0.06354671014307212,-6.354671014307211
4.0,0.45,0.02363847227567728,2.363847227567728
4.0,0.383,-0.04197066328354959,-4.197066328354959
3.5,0.524,0.0023834046435660117,0.23834046435660117
3.5,0.503,-0.0233152882947415,-2.33152882947415
3.5,0.513,0.026773479739373496,2.6773479739373496
4.0,0.294,0.023537713558022588,2.353771355802259
5.5,0.223,-0.03454769887420228,-3.454769887420228
5.5,0.445,-0.052563218850763094,-5.256321885076309
3.5,0.584,0.0563599158403536,5.63599158403536
5.5,0.458,-0.012041181774606668,-1.2041181774606668
4.0,0.484,0.03515865990336908,3.5158659903369083
4.5,0.372,-0.001268594131923928,-0.1268594131923928
5.0,0.365,0.01922583717275761,1.922583717275761
5.5,0.329,-0.03630231787398808,-3.6302317873988077
3.5,0.453,-0.00720138092578948,-0.720138092578948
4.0,0.452,-0.006230726572582057,-0.6230726572582057
4.0,0.445,0.037712531542872796,3.7712531542872796
5.0,0.297,0.005320879751681273,0.5320879751681273
4.5,0.317,0.014461944740680854,1.4461944740680854
6.5,0.327,0.020713074739239667,2.0713074739239667
6.5,0.297,-0.001829058960269081,-0.1829058960269081
6.5,0.337,0.01683985029055446,1.683985029055446
5.5,0.193,0.009953253747431834,0.9953253747431834
7.0,0.239,0.005522806248362322,0.5522806248362322
7.0,0.185,0.0011827189164768104,0.11827189164768104
6.5,0.152,0.03569925732731205,3.569925732731205
7.0,0.167,-0.020534468789665472,-2.053446878966547
5.0,0.213,0.0007485334337526961,0.07485334337526961
6.0,0.205,-0.012386013003528928,-1.2386013003528928
4.0,0.343,0.034426993333722455,3.4426993333722455
6.0,0.182,0.01293845048283071,1.293845048283071
6.0,0.088,0.003805714020141293,0.3805714020141293
6.0,0.068,0.010458521063924753,1.0458521063924753
6.0,0.142,0.001194031947658658,0.1194031947658658
5.5,0.096,0.01105374860242514,1.105374860242514
6.0,0.169,0.016989014975277827,1.6989014975277827
7.0,0.199,-0.007192508011577892,-0.7192508011577892
5.5,0.231,-0.005063427968070466,-0.5063427968070466
5.0,0.183,0.026855619810077336,2.6855619810077336
6.0,0.199,0.014944587724228464,1.4944587724228464
6.0,0.071,0.010668449085079246,1.0668449085079246
6.0,0.065,-0.016353576864240993,-1.6353576864240993
5.5,0.152,0.0010578434752304133,0.10578434752304133
5.0,0.096,-0.012304851643654136,-1.2304851643654136
4.5,0.083,-0.019298028633707998,-1.9298028633707998
4.5,0.105,0.027708340365629525,2.7708340365629525
6.5,0.072,0.014089567853316831,1.4089567853316831
6.5,0.069,-0.002177833511495808,-0.2177833511495808
6.5,0.072,-0.006171773670375136,-0.6171773670375136
6.0,0.059,0.013177752687377087,1.3177752687377087
7.5,0.058,0.01980854163280754,1.9808541632807541
6.5,0.058,-0.016345475957983857,-1.6345475957983857
5.0,0.074,-0.001192349326142872,-0.11923493261428719
5.0,0.068,-0.0032077475097338493,-0.3207747509733849
4.0,0.07,-0.000748723784954497,-0.0748723784954497
5.0,0.079,-0.02314415929850011,-2.314415929850011
4.0,0.113,-0.021622167766142786,-2.1622167766142786
4.0,0.183,0.0006257984328204014,0.06257984328204014
4.0,0.221,-0.0018891217952675676,-0.18891217952675676
4.0,0.226,0.056068318837954934,5.606831883795493
7.0,0.077,0.003584273789206005,0.3584273789206005
7.0,0.096,-0.020163942435151294,-2.0163942435151294
6.0,0.152,0.021945248516369364,2.1945248516369364
7.0,0.109,-0.03901002553345645,-3.901002553345645
4.0,0.434,-0.07152242446865664,-7.152242446865664
3.5,0.436,-0.016322339379514328,-1.6322339379514328
3.5,0.504,-0.046393808608478415,-4.639380860847842
3.5,0.507,0.04731909521282307,4.731909521282307
3.5,0.505,-0.001017346850018086,-0.1017346850018086
4.0,0.492,-0.016376308411723106,-1.6376308411723106
3.5,0.507,0.05373242659144006,5.373242659144006
5.0,0.463,-0.06566817306524864,-6.566817306524864
2.5,0.507,-0.0034349775675467376,-0.34349775675467376
2.5,0.507,0.022624973438152507,2.2624973438152507
3.0,0.507,0.05928595915769597,5.928595915769597
5.0,0.407,0.01142200061824239,1.142200061824239
5.0,0.387,0.037347866471650004,3.7347866471650004
6.5,0.259,-0.024261272403891976,-2.4261272403891976
6.0,0.362,0.009403915188427536,0.9403915188427536
5.5,0.351,-0.03694930768861049,-3.694930768861049
4.0,0.453,-0.04623726171606157,-4.623726171606157
3.5,0.505,0.07323404591841198,7.323404591841198
5.0,0.475,0.009530626762813021,0.9530626762813021
4.5,0.329,-0.02926495321226441,-2.926495321226441
5.0,0.382,0.03947680849661639,3.947680849661639
6.5,0.26,-0.007041724417933715,-0.7041724417933715
5.5,0.29,0.017609083862535124,1.7609083862535124
6.0,0.435,0.008848532727575797,0.8848532727575797
6.5,0.44,0.0241383878239545,2.41383878239545
6.0,0.377,-0.000985059411302891,-0.0985059411302891
7.0,0.375,0.02063378770258173,2.063378770258173
7.0,0.355,-0.0013373969334683489,-0.1337396933468349
6.5,0.378,0.01525737287910145,1.525737287910145
7.0,0.351,0.003811912899111203,0.3811912899111203
7.0,0.332,0.002774909732781161,0.2774909732781161
6.0,0.329,0.0018939293706377036,0.18939293706377036
7.0,0.331,0.02431377940491597,2.431377940491597
6.5,0.296,-0.0046329304551707695,-0.46329304551707695
6.5,0.3,0.008306271206756088,0.8306271206756088
6.0,0.3,-0.007243665802331711,-0.7243665802331711
4.5,0.318,-0.018957367517766444,-1.8957367517766444
4.5,0.347,0.005906765207098985,0.5906765207098985
4.5,0.329,0.017687541063312162,1.7687541063312162
5.0,0.315,-0.024146818248707458,-2.414681824870746
5.5,0.328,-0.010146053267493294,-1.0146053267493294
4.5,0.336,-0.0432860032963277,-4.328600329632771
4.0,0.463,0.018190218788744605,1.8190218788744605
4.0,0.411,-0.029826035578023546,-2.9826035578023546
4.0,0.476,0.038545767692131916,3.8545767692131916
4.5,0.395,0.013035305283231269,1.3035305283231269
6.0,0.375,-0.005069063506723648,-0.5069063506723648
5.0,0.284,0.01978141664699451,1.978141664699451
6.0,0.261,-0.004482203829784259,-0.4482203829784259
5.5,0.191,0.001918876101008049,0.1918876101008049
6.5,0.32,0.005303793565557768,0.5303793565557768
5.0,0.274,0.016194213962423154,1.6194213962423154
7.0,0.304,0.00483122282520454,0.48312228252045397
6.5,0.152,0.0106923969737438,1.06923969737438
6.5,0.272,0.009514189375332771,0.9514189375332771
6.5,0.164,-0.004712021898447327,-0.4712021898447327
6.0,0.226,-0.0024731216424608293,-0.24731216424608293
4.5,0.219,0.022456672501892427,2.2456672501892427
6.5,0.268,0.02016162728758797,2.016162728758797
7.5,0.224,-0.004015788339171822,-0.4015788339171822
7.5,0.247,-0.01302532010958346,-1.302532010958346
5.5,0.213,0.015072713762521284,1.5072713762521284
7.5,0.25,-0.022239288376668886,-2.2239288376668886
4.5,0.256,0.0034994268962260655,0.34994268962260655
4.5,0.185,-0.014226485059161242,-1.4226485059161242
4.0,0.303,0.0014853304114079702,0.14853304114079702
4.0,0.223,-0.024018053420474805,-2.4018053420474805
4.0,0.298,-0.012955896533782041,-1.295589653378204
4.0,0.235,0.03651851722568722,3.651851722568722
5.5,0.226,0.005659519557900117,0.5659519557900117
6.0,0.139,0.0018290624014998258,0.18290624014998258
5.5,0.159,-0.0021771711585626408,-0.21771711585626408
5.0,0.122,0.011982593650162965,1.1982593650162965
6.0,0.102,-0.019329218115025415,-1.9329218115025415
5.5,0.169,0.045276291748103326,4.527629174810333
6.5,0.058,0.004782455508408834,0.4782455508408834
6.5,0.058,0.008567433418915193,0.8567433418915193
6.5,0.074,0.012944222322353705,1.2944222322353705
6.5,0.078,0.006588931326849012,0.6588931326849012
6.5,0.058,0.0037027532283402387,0.37027532283402387
5.5,0.068,0.0020424151761979648,0.20424151761979648
5.5,0.248,-0.001446646228143944,-0.1446646228143944
5.0,0.259,0.0014487420453592748,0.14487420453592748
5.0,0.268,0.02189194800056815,2.189194800056815
6.5,0.193,0.006967703911150425,0.6967703911150425
7.5,0.171,-0.0014758912797326884,-0.14758912797326884
7.5,0.067,0.0068766096308185976,0.6876609630818598
6.5,0.076,-0.009638619531665671,-0.9638619531665671
6.0,0.079,0.023460114273596844,2.3460114273596844
6.5,0.069,-0.02090718145719106,-2.090718145719106
6.0,0.077,0.01775186258206851,1.7751862582068512
7.0,0.069,0.01977944212400251,1.977944212400251
6.5,0.058,0.01264196666829065,1.264196666829065
6.5,0.058,0.02160241530687035,2.160241530687035
6.5,0.058,-0.009764002889405043,-0.9764002889405043
6.5,0.058,-0.01125130108211847,-1.125130108211847
4.5,0.073,0.008259121858415375,0.8259121858415375
4.0,0.068,-0.009829853895169327,-0.9829853895169327
3.5,0.08,-0.020029194075187662,-2.002919407518766
4.5,0.088,0.008486730108800078,0.8486730108800078
5.0,0.076,0.016207890674253322,1.6207890674253322
6.0,0.058,0.027542634273610256,2.7542634273610256
6.5,0.058,0.009910156442135554,0.9910156442135554
6.5,0.058,-0.00035521333496502105,-0.035521333496502105
7.5,0.058,0.010880276674264833,1.0880276674264833
7.5,0.058,-0.009593420280789022,-0.9593420280789022
6.5,0.139,-0.020554108815645455,-2.0554108815645455
4.5,0.081,0.004764141217044715,0.4764141217044715
5.5,0.058,-0.017824872641957645,-1.7824872641957645
4.5,0.068,0.014604316530032468,1.4604316530032468
4.5,0.062,0.01981426405144382,1.981426405144382
5.5,0.058,0.013123292332456238,1.3123292332456238
7.5,0.058,-0.010601826874613973,-1.0601826874613973
5.5,0.069,-0.00011872152056824348,-0.011872152056824348
5.5,0.072,0.008111806569701008,0.8111806569701008
6.0,0.261,0.02425693924498762,2.425693924498762
7.0,0.059,0.008945834409223696,0.8945834409223696
7.5,0.152,0.0014773221843058515,0.14773221843058515
6.5,0.199,0.006128822844114756,0.6128822844114756
6.5,0.258,0.015568159643328805,1.5568159643328805
7.5,0.258,0.0042208257623395085,0.42208257623395085
6.5,0.258,0.0010508498646168984,0.10508498646168984
6.5,0.258,-0.0003312236569434912,-0.03312236569434912
6.5,0.258,-0.01564059012090635,-1.564059012090635
5.0,0.261,0.024904211504315654,2.4904211504315654
6.0,0.258,0.01261259579102969,1.261259579102969
6.5,0.258,-0.0052217275002581776,-0.5221727500258178
6.0,0.258,0.006835010188205093,0.6835010188205093
7.5,0.082,-0.0027153212523288728,-0.2715321252328873
6.5,0.058,-0.02586568325688643,-2.586568325688643
4.5,0.109,-0.003969001382238768,-0.3969001382238768
4.5,0.099,0.008418017347626927,0.8418017347626927
5.0,0.275,0.024154271878242817,2.4154271878242817
7.0,0.066,-0.0007059854940347776,-0.07059854940347776
6.5,0.106,0.01305090896093053,1.305090896093053
7.5,0.194,0.010575186113650936,1.0575186113650936
6.5,0.194,-0.019122697674139433,-1.9122697674139433
5.0,0.155,0.01279006176819708,1.279006176819708
5.5,0.166,-0.003812842235117908,-0.3812842235117908
6.0,0.069,0.0049057531123060105,0.49057531123060105
5.5,0.066,-0.02623432821046856,-2.623432821046856
4.0,0.116,0.02688594485827589,2.688594485827589
6.5,0.076,-0.0005365051893019279,-0.05365051893019279
5.5,0.081,0.00950122924934016,0.950122924934016
5.5,0.088,-0.0005318406962626643,-0.05318406962626643
6.0,0.09,0.0004791507569095188,0.04791507569095188
6.5,0.096,0.01223069028879653,1.223069028879653
6.0,0.097,0.012240619490009541,1.224061949000954
6.5,0.115,0.014012953074664436,1.4012953074664436
7.5,0.088,-0.006398072881176997,-0.6398072881176997
7.5,0.132,0.014160100314555057,1.4160100314555057
7.5,0.083,-0.000612307057560324,-0.0612307057560324
6.5,0.095,0.012154055886642867,1.2154055886642867
7.5,0.087,-0.008022228206320814,-0.8022228206320814
6.0,0.107,0.005594778358732233,0.5594778358732233
6.0,0.119,5.049798564948915e-05,0.005049798564948915
6.0,0.119,-0.026400807096392587,-2.6400807096392587
4.0,0.161,0.003844095663722902,0.3844095663722902
4.0,0.148,0.01283376177564488,1.283376177564488
5.5,0.163,0.017729570018476526,1.7729570018476526
6.0,0.124,0.007630653438876589,0.7630653438876589
7.0,0.13,0.0019926102990366346,0.19926102990366346
6.5,0.165,-0.009844970663479558,-0.9844970663479558
6.5,0.121,0.01259557358395158,1.259557358395158
6.0,0.118,-0.01395097962272196,-1.395097962272196
4.5,0.147,-0.006973376598753744,-0.6973376598753744
4.0,0.155,-0.030429378616513847,-3.0429378616513847
4.0,0.276,-0.01086400963774714,-1.086400963774714
3.5,0.488,0.04223482332330297,4.223482332330297
5.5,0.179,0.026625200683795258,2.662520068379526
7.5,0.15,0.008330924673136009,0.8330924673136009
7.5,0.263,0.00442610209969696,0.442610209969696
5.5,0.163,0.011946734485574595,1.1946734485574595
5.5,0.16,0.0025157909854283123,0.2515790985428312
6.5,0.18,0.0038612589558086885,0.38612589558086885
5.5,0.174,-0.034182763092246216,-3.4182763092246216
3.0,0.393,0.03369913006734504,3.369913006734504
5.0,0.392,0.009296966600439216,0.9296966600439216
6.0,0.174,-0.014440774911918641,-1.4440774911918641
4.0,0.298,-0.005743723327237493,-0.5743723327237493
4.5,0.303,-0.012827596298997213,-1.2827596298997213
4.5,0.46,0.0165649789669311,1.6564978966931099
4.5,0.256,-0.026931005453343815,-2.6931005453343815
4.0,0.299,0.03058468134631842,3.058468134631842
6.5,0.333,0.02057883223053647,2.057883223053647
6.5,0.164,0.006959491362650727,0.6959491362650727
6.5,0.152,-0.002745737517532487,-0.2745737517532487
6.5,0.157,-0.015000551132997031,-1.500055113299703
5.0,0.154,-0.008047918589249692,-0.8047918589249692
3.0,0.392,0.02681443843193132,2.681443843193132
6.0,0.178,-0.022194820022877204,-2.2194820022877204
4.0,0.4,0.0034023827316316257,0.3402382731631626
5.0,0.195,0.017438406346136803,1.7438406346136803
7.5,0.274,-0.00995037813328159,-0.995037813328159
5.5,0.246,0.01779235239442034,1.779235239442034
7.0,0.275,-0.0043937036527913476,-0.43937036527913476
7.0,0.141,0.004271008711943081,0.42710087119430806
6.0,0.131,0.0038748102657835126,0.38748102657835126
6.0,0.131,0.0025888473270898604,0.25888473270898604
6.0,0.126,-0.008685926666066823,-0.8685926666066823
4.0,0.148,-0.006488320526570335,-0.6488320526570335
5.5,0.146,0.0011439300344056047,0.11439300344056047
4.5,0.151,0.008692271182047406,0.8692271182047406
5.0,0.148,-0.004696230444672045,-0.4696230444672045
5.0,0.145,-0.011962835555234586,-1.1962835555234586
4.0,0.18,0.0008201382882044861,0.08201382882044861
5.5,0.178,0.024098745943245348,2.4098745943245348
4.5,0.334,-0.021084257182717447,-2.1084257182717447
5.0,0.407,0.012019292107689372,1.2019292107689372
6.0,0.389,-0.012114336171589857,-1.2114336171589857
4.5,0.425,0.007069326556083055,0.7069326556083055
4.0,0.419,-0.05534329413699679,-5.534329413699679
3.5,0.504,0.007329377076958243,0.7329377076958243
2.5,0.548,-0.033570881406916886,-3.3570881406916886
2.5,0.577,0.021548288744446475,2.1548288744446475
4.0,0.476,-0.0013916515974179422,-0.13916515974179422
4.0,0.353,-0.013303297845513873,-1.3303297845513873
4.0,0.453,0.011148835428238302,1.1148835428238302
5.0,0.401,0.03246148952156269,3.246148952156269
6.0,0.283,0.009636180927062865,0.9636180927062865
6.0,0.261,0.020858877791371633,2.0858877791371633
7.0,0.214,0.002023911940045142,0.20239119400451422
6.5,0.41,0.010147980324863637,1.0147980324863637
6.0,0.386,-0.03570778753306436,-3.570778753306436
3.0,0.495,0.03342558513764016,3.3425585137640157
4.5,0.426,0.0011941443087906123,0.11941443087906123
4.0,0.423,0.0002867984277086233,0.02867984277086233
4.0,0.416,-0.036924286512256876,-3.6924286512256876
3.5,0.58,-0.003316734928070497,-0.3316734928070497
2.5,0.558,0.02829710375408645,2.829710375408645
3.5,0.466,-0.008799841252451257,-0.8799841252451257
3.5,0.484,-0.058616006421901234,-5.8616006421901234
3.5,0.635,-0.02141505997997306,-2.141505997997306
3.5,0.668,0.014429255286905862,1.4429255286905862
3.5,0.627,0.01679622402970682,1.6796224029706819
4.0,0.613,-0.02978532408708945,-2.978532408708945
4.0,0.649,-0.007022772708188074,-0.7022772708188074
3.5,0.662,0.028773207370886178,2.877320737088618
5.0,0.636,0.016093888779224574,1.6093888779224574
6.0,0.593,0.027371931630566948,2.737193163056695
6.0,0.484,0.011624912293692669,1.1624912293692669
6.5,0.433,0.013188696968558178,1.3188696968558178
7.0,0.41,-0.006165084824099609,-0.6165084824099609
7.0,0.432,0.018708476077300418,1.8708476077300418
6.0,0.36,-0.011695581247736397,-1.1695581247736397
5.0,0.36,0.01603922150455639,1.603922150455639
7.0,0.273,0.005727350257509256,0.5727350257509256
7.0,0.252,-0.0126335577196659,-1.26335577196659
5.5,0.189,-0.0029564523479435056,-0.29564523479435056
4.0,0.189,-0.0046666069719099035,-0.46666069719099035
4.0,0.342,0.0035652370132490674,0.35652370132490674
5.0,0.368,0.023115372428499814,2.3115372428499814
6.0,0.321,0.00019047930640181399,0.0190479306401814
7.0,0.283,-0.000998627080433856,-0.0998627080433856
4.5,0.237,-0.011786784425079522,-1.1786784425079522
4.5,0.295,-0.015882226710667524,-1.5882226710667524
4.0,0.335,0.032867614486401076,3.2867614486401076
5.5,0.239,0.013004807885129477,1.3004807885129477
7.0,0.295,0.014954176394451624,1.4954176394451624
7.5,0.29,0.006533131229413236,0.6533131229413236
7.5,0.295,-0.0005525548881359921,-0.05525548881359921
6.5,0.206,0.004882018639174701,0.4882018639174701
6.5,0.191,0.001283603456024629,0.1283603456024629
6.0,0.221,0.0003659574161027912,0.03659574161027912
7.0,0.266,-0.005719814578367011,-0.5719814578367011
6.0,0.277,0.004970202199653828,0.4970202199653828
7.0,0.268,-0.02330911942934666,-2.330911942934666
4.0,0.315,0.005475703816287147,0.5475703816287147
4.0,0.204,0.012279237888682681,1.2279237888682681
6.5,0.07,0.001435252281504873,0.1435252281504873
6.5,0.17,-0.0058256467218532615,-0.5825646721853261
5.5,0.244,-0.008928215473346546,-0.8928215473346546
5.5,0.213,0.004035241437499781,0.40352414374997814
6.0,0.25,-0.006729746955850491,-0.6729746955850491
3.0,0.179,-0.01877297144946899,-1.877297144946899
4.0,0.384,0.03773697136106069,3.773697136106069
4.5,0.268,0.009611076814824537,0.9611076814824537
5.5,0.258,0.01382139453009179,1.382139453009179
6.5,0.258,-0.0083064231602753,-0.83064231602753
6.0,0.262,0.031090693026635696,3.1090693026635696
6.5,0.258,-0.0006338195737963792,-0.06338195737963792
6.5,0.258,0.00297725880703803,0.297725880703803
6.5,0.258,-0.009658496162240349,-0.9658496162240349
7.0,0.258,0.016463068753811205,1.6463068753811205
7.5,0.258,-0.0007038872732255674,-0.07038872732255674
6.0,0.258,-0.0013655323648648077,-0.13655323648648077
7.0,0.258,0.009835149343354388,0.9835149343354388
7.0,0.258,0.001615952692408218,0.1615952692408218
7.0,0.258,0.009461968324900427,0.9461968324900427
7.5,0.258,0.015463625190086594,1.5463625190086594
7.5,0.258,0.007018569690852017,0.7018569690852017
6.5,0.257,0.007096440336012977,0.7096440336012977
6.5,0.258,-0.0030618905435071397,-0.306189054350714
5.5,0.258,0.0015616638037281305,0.15616638037281305
6.0,0.258,-0.013373909455317134,-1.3373909455317134
5.5,0.258,0.008039045239281117,0.8039045239281117
6.5,0.258,-0.0022907618088919834,-0.22907618088919834
6.5,0.258,-0.01143727717209364,-1.143727717209364
4.5,0.272,0.008946013582837864,0.8946013582837864
6.0,0.261,0.014877139363383751,1.4877139363383751
7.0,0.258,0.006804369972769564,0.6804369972769564
6.0,0.259,-0.0030037913923846027,-0.30037913923846027
6.0,0.26,-0.002803259437811012,-0.2803259437811012
5.5,0.277,0.014267128534671603,1.4267128534671603
6.0,0.278,0.01017724192773195,1.017724192773195
6.5,0.298,-0.0031125993040134192,-0.3112599304013419
6.0,0.3,0.0016977453703750367,0.16977453703750367
6.0,0.318,0.00201945711840934,0.20194571184093402
6.0,0.316,-0.005470284918405399,-0.5470284918405399
6.0,0.289,0.0012820288482262576,0.12820288482262576
6.0,0.281,0.014249666324833932,1.4249666324833932
6.0,0.287,0.005375543027294372,0.5375543027294372
7.0,0.323,0.00012146163863846482,0.012146163863846482
7.5,0.302,0.0020251339595431794,0.20251339595431794
6.0,0.312,-0.013297671158357893,-1.3297671158357893
5.0,0.326,-0.005775899168405152,-0.5775899168405152
5.0,0.306,0.007622245522182158,0.7622245522182158
5.0,0.294,0.013411717190686678,1.3411717190686678
7.0,0.272,-0.005083895827738605,-0.5083895827738605
5.0,0.325,0.015600181274926683,1.5600181274926683
7.0,0.272,0.0010030097302529128,0.10030097302529128
7.5,0.247,0.007176166253080929,0.7176166253080929
6.5,0.242,0.01249857449217151,1.249857449217151
6.5,0.239,0.002280128950907123,0.22801289509071232
5.5,0.262,0.00847203397611862,0.847203397611862
6.5,0.245,0.0023341049133682734,0.23341049133682734
6.5,0.237,0.002870977321977053,0.2870977321977053
6.5,0.301,-0.0013926476074316296,-0.13926476074316296
6.0,0.328,-0.0008912567891742329,-0.08912567891742329
6.0,0.351,0.009695296582676649,0.9695296582676649
7.0,0.343,0.01574748519789937,1.574748519789937
7.5,0.332,0.003970299939536792,0.3970299939536792
6.5,0.335,0.00889707462449274,0.889707462449274
6.5,0.356,0.0037522481858971446,0.37522481858971446
6.5,0.326,-0.0024298601865542224,-0.24298601865542224
7.5,0.357,0.024582034806013953,2.4582034806013953
7.5,0.335,0.01645861295576645,1.645861295576645
6.5,0.33,0.008958880096210375,0.8958880096210375
6.5,0.31,0.022003264449073523,2.2003264449073523
7.5,0.3,-0.03883691226078356,-3.8836912260783563
5.5,0.299,-0.05064415759129137,-5.064415759129137
3.0,0.409,0.044397260792955695,4.4397260792955695
4.5,0.317,0.005858514979478757,0.5858514979478757
5.0,0.311,-0.02049426225571971,-2.049426225571971
5.0,0.336,0.036383100269899105,3.6383100269899105
6.5,0.306,-0.012808300863935806,-1.2808300863935806
6.0,0.34,-0.05889845572577357,-5.889845572577357
4.0,0.463,0.01976366467279722,1.976366467279722
4.0,0.417,-0.01303431912832953,-1.303431912832953
4.0,0.444,0.020906689759457198,2.0906689759457198
5.5,0.375,0.005506610661909717,0.5506610661909717
5.5,0.353,-0.00018739457837491091,-0.01873945783749109
6.5,0.35,-0.0020258124340448713,-0.20258124340448713
5.5,0.361,0.025674743501807207,2.5674743501807207
6.0,0.329,-0.005570799473362142,-0.5570799473362142
5.5,0.322,0.003022080018701967,0.3022080018701967
6.0,0.343,0.005328078428174177,0.5328078428174177
6.0,0.346,0.016776173882298462,1.6776173882298462
7.5,0.318,0.0006630542087731062,0.06630542087731062
7.5,0.31,-0.008624129839925665,-0.8624129839925665
6.5,0.319,-0.012593816926117718,-1.2593816926117718
4.0,0.371,0.015261180062904112,1.5261180062904112
5.5,0.347,0.015140343749215912,1.5140343749215912
6.0,0.331,0.0003217043686636334,0.03217043686636334
6.5,0.314,0.0062216434761539485,0.6221643476153949
6.5,0.294,0.007746574011121554,0.7746574011121554
6.5,0.293,-0.0015516252200079572,-0.15516252200079572
5.5,0.326,0.0067097517753376135,0.6709751775337613
6.0,0.318,0.008594735373925522,0.8594735373925522
6.0,0.341,0.009738817605352335,0.9738817605352335
7.5,0.334,-0.00933506267087425,-0.933506267087425
7.0,0.332,0.011404961619421394,1.1404961619421394
6.5,0.313,0.008360321032156559,0.8360321032156559
6.5,0.302,-0.004349331806270618,-0.43493318062706177
6.0,0.309,-0.009975129157946405,-0.9975129157946405
6.0,0.285,-0.041241136058088324,-4.124113605808832
3.0,0.419,0.0010864667095409342,0.10864667095409342
3.0,0.418,-0.039529061579310465,-3.9529061579310465
2.5,0.539,0.024724031063992014,2.4724031063992014
3.0,0.438,0.021589515131628767,2.1589515131628767
4.5,0.406,-0.014508754988189598,-1.4508754988189598
4.0,0.472,-0.03828579010681943,-3.828579010681943
2.5,0.574,0.04710334752888823,4.710334752888823
5.5,0.468,-0.04382377304595153,-4.382377304595153
3.5,0.611,-0.01176164038854488,-1.176164038854488
3.5,0.61,-0.07050498015309348,-7.050498015309348
3.5,0.697,0.02928981836804856,2.928981836804856
3.5,0.685,0.018728480034677197,1.8728480034677197
4.0,0.653,0.026110513726748108,2.611051372674811
5.0,0.598,0.02888245139320489,2.888245139320489
6.0,0.514,-0.0025519469653878524,-0.25519469653878524
6.0,0.516,0.016103458800872605,1.6103458800872605
6.0,0.491,0.0015183616599785399,0.151836165997854
6.0,0.505,0.025511047402407616,2.5511047402407616
7.0,0.448,0.00638111515592632,0.638111515592632
7.0,0.446,0.00458577100280011,0.458577100280011
7.0,0.403,-0.021253651255815575,-2.1253651255815575
4.5,0.484,0.0294725209450184,2.94725209450184
6.0,0.43,-0.007322945361609379,-0.7322945361609379
4.5,0.484,0.011567190478620093,1.1567190478620093
5.5,0.434,0.021558848377587037,2.1558848377587037
7.5,0.401,0.005509585131570516,0.5509585131570516
7.5,0.38,-0.000482377873592843,-0.0482377873592843
7.5,0.381,0.011689109253641305,1.1689109253641305
7.5,0.389,0.0021125651089672903,0.21125651089672903
7.5,0.385,-0.02016787036950407,-2.016787036950407
4.5,0.418,-0.007844438211963234,-0.7844438211963234
4.0,0.436,-0.010705149524655844,-1.0705149524655844
4.0,0.459,-0.026557777955404815,-2.6557777955404815
3.0,0.568,0.044973996243781844,4.497399624378184
4.0,0.452,0.005597226182653792,0.5597226182653792
5.0,0.407,0.02132975851041019,2.132975851041019
7.0,0.373,-0.0034013714933202044,-0.34013714933202044
6.5,0.383,0.018634923235052447,1.8634923235052447
7.0,0.416,0.0073376510864406885,0.7337651086440689
8.0,0.379,-0.011575038254624581,-1.1575038254624581
7.0,0.374,0.016286885767051063,1.6286885767051063
8.0,0.378,-0.031091505340988146,-3.1091505340988146
4.0,0.428,-0.003417181176672779,-0.3417181176672779
4.0,0.442,-0.009498665019905372,-0.9498665019905372
3.5,0.46,-0.01384805867521599,-1.384805867521599
3.5,0.521,0.026680598755486118,2.668059875548612
3.5,0.485,0.019148677725102647,1.9148677725102647
6.5,0.443,0.010199384650696697,1.0199384650696697
7.0,0.364,-0.004757847422884098,-0.47578474228840983
5.5,0.382,-0.00965491819707931,-0.965491819707931
4.0,0.372,-0.00355476740424876,-0.355476740424876
3.0,0.399,0.006556648895526429,0.6556648895526429
5.0,0.326,0.0057040546015802995,0.57040546015803
6.5,0.317,0.012182232036568319,1.218223203656832
7.5,0.305,0.01505324333797331,1.505324333797331
7.0,0.301,0.009146242286182549,0.9146242286182549
7.0,0.254,0.009224958834650243,0.9224958834650243
7.5,0.28,-0.002661864634665889,-0.2661864634665889
6.5,0.31,0.010773035925267127,1.0773035925267127
6.5,0.308,0.0017815071359834622,0.17815071359834622
7.5,0.271,0.007781181491127054,0.7781181491127054
7.5,0.288,0.01571543610783155,1.5715436107831549
7.5,0.269,0.006641282635418522,0.6641282635418522
7.5,0.278,-0.0013939070024902023,-0.13939070024902023
7.5,0.282,0.010235456942897736,1.0235456942897736
7.5,0.288,0.019158406676943684,1.9158406676943684
6.5,0.305,-0.009579919365851786,-0.9579919365851786
6.5,0.339,-0.02141320470773611,-2.141320470773611
5.0,0.412,0.03254303020111271,3.254303020111271
5.5,0.376,0.01625498255306468,1.6254982553064679
7.5,0.378,-0.012203504262985443,-1.2203504262985443
4.5,0.411,-0.1116110918965264,-11.16110918965264
3.0,0.606,0.00405045106782298,0.405045106782298
3.5,0.594,-0.09460115458731277,-9.460115458731277
2.5,0.607,-0.14545717071385478,-14.545717071385479
2.5,0.574,0.10760471515222303,10.760471515222303
4.0,0.594,-0.020637456122585385,-2.0637456122585385
4.0,0.629,0.1209153491036783,12.09153491036783
5.0,0.63,0.03033789664795261,3.033789664795261
6.0,0.608,-0.01280368011747468,-1.280368011747468
5.0,0.632,-0.0006356424381898096,-0.06356424381898096
6.0,0.625,0.03412383679304387,3.412383679304387
6.0,0.536,-0.02106393524812622,-2.106393524812622
4.0,0.592,0.03199643207763114,3.1996432077631143
6.0,0.522,0.03005693370922624,3.005693370922624
5.5,0.46,0.049356004900754424,4.935600490075442
6.0,0.315,-0.04737872755918382,-4.7378727559183815
6.0,0.487,0.01902693500281183,1.902693500281183
5.0,0.453,-0.027831849960091026,-2.7831849960091026
4.0,0.527,0.04059312173607155,4.059312173607155
5.0,0.407,0.017166711915308275,1.7166711915308275
6.0,0.393,0.013004291948493174,1.3004291948493174
7.0,0.366,-0.002611040822529831,-0.2611040822529831
7.0,0.355,0.01757691799269656,1.7576917992696561
7.0,0.344,0.024653621479558296,2.4653621479558296
7.0,0.324,0.006784958552542131,0.6784958552542131
7.0,0.309,0.007837646874100379,0.7837646874100379
7.0,0.315,0.03269683458890649,3.2696834588906487
6.5,0.334,-0.022847864344669122,-2.284786434466912
5.5,0.446,-0.024841819662032694,-2.4841819662032694
5.0,0.417,-0.006245359974700548,-0.6245359974700548
5.0,0.316,-0.005806860304541583,-0.5806860304541583
5.0,0.346,0.01554474792949212,1.554474792949212
5.0,0.323,0.03897096175433701,3.897096175433701
7.0,0.302,0.0012683868030676226,0.12683868030676226
6.5,0.31,-0.004348052115419998,-0.4348052115419998
6.5,0.268,-0.055641915300801204,-5.56419153008012
4.5,0.313,0.072333997790623,7.2333997790622995
6.0,0.244,0.022675095306698756,2.2675095306698756
6.0,0.215,-0.007735311581233528,-0.7735311581233528
7.0,0.22,0.023471275296682803,2.3471275296682803
7.0,0.197,0.01699339358079799,1.6993393580797989
7.0,0.162,-0.009598445757693086,-0.9598445757693086
6.5,0.187,0.012158601105343836,1.2158601105343836
7.0,0.209,-0.0004876772036279675,-0.04876772036279675
7.0,0.192,0.013225101319437327,1.3225101319437327
6.5,0.177,0.019738753472818837,1.9738753472818837
7.0,0.215,-0.01458295798675735,-1.458295798675735
6.5,0.205,0.019110642764176955,1.9110642764176955
7.0,0.167,-0.03345688465262586,-3.3456884652625862
4.5,0.205,0.04766668815883035,4.766668815883035
6.0,0.131,0.012715738319069025,1.2715738319069025
7.0,0.124,-0.006647222433346145,-0.6647222433346145
6.0,0.115,-0.02479306042049234,-2.479306042049234
4.5,0.132,0.008597247024908938,0.8597247024908938
5.0,0.106,0.027187656323583775,2.7187656323583775
5.5,0.086,-0.008385258499042259,-0.8385258499042259
5.0,0.087,0.016688600930936826,1.6688600930936826
6.5,0.077,0.011692436188799338,1.1692436188799338
6.0,0.069,0.027158578939483924,2.7158578939483924
7.0,0.066,0.01402232018181726,1.402232018181726
7.0,0.064,-0.001246258535446021,-0.1246258535446021
6.0,0.069,0.0013437932512574413,0.13437932512574413
6.5,0.076,0.011550219310743737,1.1550219310743737
7.0,0.066,-0.013123794252518528,-1.3123794252518528
6.5,0.077,-0.003937067935772087,-0.3937067935772087
4.5,0.083,0.012291078895960483,1.2291078895960483
5.5,0.066,0.006094669170763289,0.6094669170763289
5.5,0.065,0.004046096163696777,0.40460961636967774
6.0,0.068,-0.018930661588020037,-1.8930661588020037
5.0,0.198,0.028173970743819332,2.817397074381933
7.0,0.261,0.016666528897661292,1.6666528897661292
7.0,0.271,0.004149858971195242,0.41498589711952416
6.0,0.287,-0.009597603879076821,-0.9597603879076821
5.0,0.314,0.019937911660753427,1.9937911660753427
5.5,0.312,-0.0032504319189076147,-0.3250431918907615
5.5,0.333,0.009076159665531991,0.9076159665531991
6.5,0.315,0.007751505531782277,0.7751505531782277
7.0,0.315,-0.005740976467583425,-0.5740976467583425
5.5,0.344,0.015540641108153785,1.5540641108153785
7.0,0.314,0.006285140799612732,0.6285140799612732
6.0,0.31,-0.01686204333707575,-1.686204333707575
6.0,0.333,-0.005895233109947884,-0.5895233109947884
5.5,0.235,0.005686416722018972,0.5686416722018972
5.0,0.141,-0.021783768330973285,-2.1783768330973285
4.5,0.202,0.008336462636124642,0.8336462636124642
5.0,0.296,0.018293593061159186,1.8293593061159186
5.0,0.281,0.01626029376113647,1.6260293761136468
7.0,0.278,0.013528302789414637,1.3528302789414637
6.0,0.292,0.02020703132004109,2.020703132004109
6.0,0.267,-0.002689237029026681,-0.2689237029026681
6.0,0.273,0.0034668043608834243,0.3466804360883424
5.5,0.297,-0.021156208915315777,-2.1156208915315777
5.0,0.343,-0.012092311997378369,-1.2092311997378369
4.5,0.357,0.038198410442382924,3.8198410442382924
5.5,0.331,-0.01965911913931906,-1.965911913931906
4.0,0.164,0.023332628991824977,2.3332628991824977
5.5,0.319,0.009264722453583119,0.9264722453583119
7.0,0.111,-0.018675180015927384,-1.8675180015927384
5.0,0.309,-0.0029392151409035616,-0.29392151409035616
5.0,0.307,-0.05754011389376179,-5.7540113893761795
2.5,0.451,0.009064401430262548,0.9064401430262548
3.0,0.443,0.015273128958223747,1.5273128958223747
3.5,0.398,-0.01836416556084286,-1.836416556084286
2.5,0.468,-0.014144261258863922,-1.4144261258863922
2.5,0.491,0.008106245838217951,0.8106245838217951
4.0,0.464,-0.012746946054979391,-1.2746946054979391
3.5,0.557,-0.027998118679163908,-2.799811867916391
3.5,0.574,0.061492022423458303,6.14920224234583
5.5,0.415,0.018379207037281686,1.8379207037281686
6.5,0.358,0.0005082597930363697,0.05082597930363697
5.5,0.348,-0.011812393497065754,-1.1812393497065754
5.5,0.374,-0.02185118091100624,-2.185118091100624
4.5,0.407,-0.026839357359718874,-2.6839357359718874
3.5,0.484,-0.03295467912926753,-3.295467912926753
2.5,0.532,-0.0016020702131167575,-0.16020702131167575
2.5,0.507,-0.02338685202127455,-2.338685202127455
2.5,0.535,-0.030095638998496876,-3.0095638998496876
3.0,0.56,0.06578026783659663,6.578026783659663
4.0,0.485,-0.011366349178071333,-1.1366349178071333
5.0,0.48,-0.05051890954372518,-5.051890954372517
3.5,0.524,-0.057361673099189936,-5.736167309918994
2.5,0.562,0.06620031625826184,6.620031625826184
3.0,0.538,-0.022662186472444557,-2.2662186472444557
3.0,0.603,0.019489346853963863,1.9489346853963863
4.0,0.558,-0.00910819535472096,-0.910819535472096
6.0,0.632,0.025861420396961154,2.5861420396961154
6.0,0.654,0.04277506556358612,4.277506556358612
6.0,0.637,0.0035923280107812428,0.3592328010781243
6.0,0.598,0.032964973430979594,3.2964973430979594
6.0,0.536,-0.01161323178002538,-1.161323178002538
6.0,0.57,-0.039868465165599165,-3.9868465165599165
4.0,0.677,-0.03224678783958257,-3.224678783958257
2.5,0.669,0.0366102404959614,3.66102404959614
4.0,0.609,-0.047850786404259105,-4.78507864042591
3.5,0.651,-0.045673940091664145,-4.5673940091664145
2.5,0.656,-0.02927022120429079,-2.927022120429079
2.5,0.663,0.015706242308749063,1.5706242308749063
3.5,0.638,-0.014222988791400382,-1.4222988791400382
3.5,0.666,0.046584546994619336,4.658454699461934
4.0,0.627,0.039354146889368335,3.9354146889368335
5.0,0.637,-0.032568876601521746,-3.2568876601521746
4.0,0.625,0.05888123046672833,5.888123046672833
5.5,0.618,-0.006223121614606697,-0.6223121614606697
4.5,0.642,0.015907985437569216,1.5907985437569216
4.5,0.624,0.011383794873494946,1.1383794873494946
5.0,0.609,-0.03349640532205067,-3.349640532205067
4.0,0.675,-0.020977552939764665,-2.0977552939764665
3.0,0.717,-0.000939152056778858,-0.0939152056778858
4.5,0.679,-0.0012535187753174304,-0.12535187753174304
4.5,0.675,0.014773766297669466,1.4773766297669466
3.5,0.665,0.026850144821958022,2.685014482195802
5.5,0.596,-0.006574458619105772,-0.6574458619105772
6.0,0.621,0.024754819226064928,2.475481922606493
6.0,0.572,0.016441529806674682,1.6441529806674682
6.5,0.533,-0.010452290959792276,-1.0452290959792276
4.5,0.563,-0.0019115661130537642,-0.19115661130537642
4.5,0.555,-0.02671514281016707,-2.671514281016707
3.5,0.591,0.01970333519036349,1.9703335190363491
4.0,0.526,-0.04522631397415833,-4.522631397415832
3.0,0.681,0.014429237520615867,1.4429237520615867
3.5,0.622,0.014769900142606929,1.4769900142606929
4.0,0.602,0.034465975815329175,3.4465975815329175
6.5,0.496,-0.0004885035466601906,-0.04885035466601906
5.0,0.534,0.007991208543930206,0.7991208543930206
6.5,0.512,-0.000630173736008155,-0.0630173736008155
6.5,0.511,0.009048984614681954,0.9048984614681954
6.5,0.508,-0.007934028413470129,-0.7934028413470129
3.5,0.538,-0.002520349497093788,-0.2520349497093788
3.5,0.536,0.017080006084083665,1.7080006084083665
5.0,0.508,0.0033444328340455076,0.33444328340455076
5.0,0.507,0.018808525893856842,1.8808525893856842
6.0,0.492,0.004627063510579621,0.4627063510579621
6.0,0.468,0.02603487059333398,2.603487059333398
6.0,0.457,-0.014221998224484778,-1.4221998224484778
6.0,0.48,0.02324513310029963,2.324513310029963
6.0,0.457,-0.010670550114912025,-1.0670550114912025
6.0,0.452,0.02446717191927328,2.446717191927328
6.0,0.457,0.006454766574618409,0.6454766574618409
7.0,0.453,0.010482523954425504,1.0482523954425504
6.0,0.442,-0.02212641044522934,-2.212641044522934
5.5,0.453,-0.0025963498392470585,-0.25963498392470585
5.0,0.435,-0.02053166047852073,-2.053166047852073
4.0,0.445,0.007949584439851165,0.7949584439851165
4.5,0.438,0.025501724102304335,2.5501724102304335
5.5,0.428,-0.012566822787473564,-1.2566822787473564
5.0,0.428,-0.001315372034849105,-0.1315372034849105
6.5,0.425,-0.029208252165284332,-2.920825216528433
3.5,0.453,-0.006830523748535433,-0.6830523748535433
3.5,0.466,0.0048190280054036805,0.48190280054036805
3.5,0.465,0.004563035670573923,0.4563035670573923
2.5,0.473,-0.023893336610602,-2.3893336610602
3.5,0.503,-0.024953197484879897,-2.4953197484879897
2.0,0.551,0.058464028078585306,5.846402807858531
6.5,0.436,0.013618857453780109,1.3618857453780109
6.0,0.418,0.023104305297608763,2.3104305297608763
7.0,0.405,0.0100046033107144,1.00046033107144
7.0,0.407,0.00834628521463876,0.834628521463876
7.0,0.403,0.002396060914085396,0.2396060914085396
7.0,0.404,0.02397391560282336,2.397391560282336
6.0,0.41,0.009204646419610718,0.9204646419610718
7.0,0.404,0.0035046965469227587,0.35046965469227587
6.0,0.407,-0.015547721784252233,-1.5547721784252233
7.0,0.41,0.018721016739870366,1.8721016739870366
7.0,0.405,0.012062630787761375,1.2062630787761375
6.0,0.401,0.010322804060592716,1.0322804060592716
6.0,0.401,0.01423848793256699,1.423848793256699
6.0,0.409,0.013856654165794513,1.3856654165794513
6.0,0.403,-0.0033718277658709717,-0.33718277658709717
6.0,0.404,0.01669620874339306,1.669620874339306
6.0,0.406,0.009845475868174969,0.9845475868174969
6.0,0.404,-0.002203340166346268,-0.22033401663462682
6.0,0.41,-0.000597836814939634,-0.0597836814939634
7.0,0.406,0.02232111736401521,2.232111736401521
7.0,0.405,0.0035685873873070317,0.3568587387307032
7.0,0.404,-0.008870780887679564,-0.8870780887679564
5.0,0.411,-0.014621060997047186,-1.4621060997047186
4.0,0.419,-0.030713512393289566,-3.0713512393289566
4.0,0.427,0.026456206274695804,2.6456206274695804
4.5,0.409,0.005961513310165811,0.5961513310165811
5.0,0.408,0.01867827805419564,1.867827805419564
6.5,0.409,0.01653095013805328,1.653095013805328
6.0,0.412,-1.9060804320902847e-05,-0.0019060804320902847
6.0,0.416,-0.003909788821205296,-0.39097888212052956
7.0,0.416,0.012590884044486828,1.2590884044486828
6.0,0.423,0.016422985606617146,1.6422985606617146
6.0,0.447,0.006423602790751826,0.6423602790751826
6.0,0.437,-0.0005327633389057285,-0.05327633389057285
7.0,0.433,0.01914688088671146,1.914688088671146
7.0,0.435,0.009645974443597494,0.9645974443597494
7.0,0.437,-0.01964307849677871,-1.964307849677871
5.5,0.441,-0.008288033519965099,-0.8288033519965099
5.0,0.44,-0.021196099988294415,-2.1196099988294415
4.0,0.509,0.00016883334167738795,0.016883334167738795
4.0,0.481,0.040000768999834735,4.0000768999834735
5.0,0.447,0.014107525087947215,1.4107525087947215
6.5,0.447,0.0027572680472014444,0.27572680472014444
6.5,0.433,-0.041370881677580296,-4.13708816775803
5.0,0.484,0.040065823994353655,4.0065823994353655
5.5,0.442,0.01420440269891321,1.420440269891321
6.5,0.405,0.005666354299016074,0.5666354299016074
6.5,0.405,0.0026425447082072395,0.26425447082072395
6.0,0.406,0.011518650283832477,1.1518650283832477
5.0,0.402,0.008644134447882257,0.8644134447882257
5.5,0.391,-0.009493962891478636,-0.9493962891478636
4.5,0.38,-0.013815697470530353,-1.3815697470530353
4.5,0.34,0.0475447797670685,4.75447797670685
6.0,0.312,-0.020796046424934378,-2.079604642493438
6.0,0.298,0.016662189727370436,1.6662189727370436
5.5,0.306,0.011821954089317854,1.1821954089317854
6.0,0.342,0.008729661870586991,0.8729661870586991
6.0,0.334,-0.005922994512549962,-0.5922994512549962
7.0,0.277,-0.018321964729045237,-1.8321964729045237
5.5,0.279,0.006529669417764339,0.6529669417764339
5.0,0.244,-0.005143063963610639,-0.5143063963610639
5.0,0.253,-0.019359713652426058,-1.9359713652426058
5.0,0.255,0.02944090072738148,2.944090072738148
5.0,0.257,0.01738663490809267,1.7386634908092669
7.5,0.256,-0.010115568571230193,-1.0115568571230193
5.5,0.276,-0.0017446415428519213,-0.17446415428519213
5.5,0.309,0.01486410214705658,1.486410214705658
6.5,0.301,-0.016007739186719494,-1.6007739186719494
4.5,0.332,-0.009601021195011716,-0.9601021195011716
4.0,0.387,-0.03073150375899003,-3.073150375899003
4.0,0.449,-0.022763483783801552,-2.2763483783801552
3.5,0.491,0.005093276731319651,0.5093276731319651
4.0,0.484,-0.014752446431362087,-1.4752446431362087
4.0,0.532,-0.09066681681777011,-9.06668168177701
3.0,0.714,0.056720887304031464,5.672088730403146
2.5,0.624,-0.014102727578332419,-1.410272757833242
3.5,0.616,0.046028825261256845,4.6028825261256845
5.0,0.566,0.02927505224797522,2.927505224797522
5.0,0.505,-0.004269865456483779,-0.4269865456483779
6.0,0.499,0.05291151524085036,5.291151524085036
6.5,0.379,-0.025395654137619017,-2.5395654137619017
5.0,0.445,0.01775140656258367,1.7751406562583671
6.0,0.418,0.01654256001177834,1.654256001177834
5.5,0.363,-0.003571754349663281,-0.3571754349663281
4.5,0.416,-0.0016132841472257242,-0.16132841472257242
5.5,0.413,0.0347141910248836,3.47141910248836
6.0,0.38,0.016961891267987417,1.6961891267987417
7.0,0.372,-0.0027505378065231234,-0.27505378065231234
7.0,0.362,0.006350058320194307,0.6350058320194307
7.0,0.358,0.015169344601831947,1.5169344601831947
7.5,0.362,-0.02414069163117849,-2.414069163117849
5.0,0.416,0.024866521152637766,2.4866521152637766
6.0,0.363,0.009824650506321975,0.9824650506321975
7.0,0.348,0.0029062228578617955,0.29062228578617955
7.0,0.354,-0.00040298773230373897,-0.0402987732303739
5.5,0.356,0.0033950144843235552,0.3395014484323555
6.0,0.349,0.015712850491415686,1.5712850491415686
6.5,0.359,0.012366978360768277,1.2366978360768277
6.5,0.333,-0.0028326211059341855,-0.28326211059341855
7.0,0.322,0.011166188495207674,1.1166188495207674
6.5,0.344,-0.024192760049088435,-2.4192760049088435
5.0,0.4,0.01741146850294606,1.741146850294606
5.0,0.392,0.01935610322526382,1.935610322526382
6.0,0.352,0.0071022063827990145,0.7102206382799015
7.0,0.332,-0.016259605096034524,-1.6259605096034524
5.5,0.356,0.0014309111852752743,0.14309111852752743
5.0,0.362,-0.01919852315952708,-1.919852315952708
3.5,0.388,0.036963435581080395,3.6963435581080395
5.0,0.344,0.0033655237201748456,0.33655237201748456
5.5,0.291,-0.005731449033452907,-0.5731449033452907
5.0,0.268,0.0012337773355066695,0.12337773355066695
6.5,0.275,0.014281667553504684,1.4281667553504684
6.5,0.284,-0.010343234978203109,-1.0343234978203109
6.0,0.271,0.015955073375985007,1.5955073375985007
7.0,0.269,-0.003472297735142793,-0.3472297735142793
6.0,0.274,-0.003513317169158592,-0.3513317169158592
6.0,0.283,0.003975553409035326,0.3975553409035326
6.0,0.29,-0.001950997871300153,-0.1950997871300153
4.5,0.321,-0.012843544696793607,-1.2843544696793607
4.5,0.36,0.011265220175134871,1.1265220175134871
5.0,0.347,-0.004989715564674757,-0.4989715564674757
4.5,0.381,-0.019839985287812945,-1.9839985287812945
4.0,0.434,-0.015006334618812733,-1.5006334618812733
3.0,0.439,-0.018041526278676834,-1.8041526278676834
3.5,0.456,-0.022326067713281827,-2.2326067713281827
3.5,0.506,0.03428536411305094,3.4285364113050942
4.0,0.433,0.03603067056259723,3.6030670562597233
5.0,0.353,0.04515355152491507,4.515355152491507
7.0,0.322,0.005351038518877527,0.5351038518877527
7.0,0.318,0.009398536196029594,0.9398536196029594
7.0,0.291,0.02354818248436108,2.354818248436108
7.0,0.303,0.0021013576114108368,0.21013576114108368
5.5,0.271,0.008753053328125482,0.8753053328125482
6.0,0.265,0.014537830973936128,1.4537830973936128
7.0,0.278,-0.02502378194384225,-2.502378194384225
5.0,0.307,0.005694531006802617,0.5694531006802617
4.5,0.291,0.00932087865599307,0.932087865599307
6.0,0.301,-0.02376998718714518,-2.376998718714518
4.5,0.335,0.016474862380159383,1.6474862380159383
