Date,Dynamic_Strategy,SPY,Fixed_Fund,Dynamic_vs_SPY
2020-06-30,-0.0013503394076141984,0.013637430346531865,0.009789396141923312,-0.014987769754146063
2020-07-31,5.996349276027324e-05,0.058892529437322816,0.04482899155703057,-0.05883256594456254
2020-08-31,5.986835552773684e-05,0.06979660854852554,0.030612312064029812,-0.0697367401929978
2020-09-30,7.02999151822592e-05,-0.03744380922636148,-0.031461415864073916,0.03751410914154374
2020-10-31,4.9609213034873534e-05,-0.02493327575084714,-0.017366224777126904,0.024982884963882013
2020-11-30,5.0064378947167754e-05,0.10877666743001635,0.07834012234484211,-0.10872660305106918
2020-12-31,6.003763884043778e-05,0.03704806122091875,0.04258059902445721,-0.03698802358207831
2021-01-31,4.9875836621415814e-05,-0.010190027673538937,0.002883985441696435,0.010239903510160353
2021-02-28,-1.8302146453930135e-07,0.027805392257676864,0.04486837286970724,-0.027805575279141403
2021-03-31,8.146161231081805e-05,0.0453990401011195,0.03151612792156144,-0.045317578488808685
2021-04-30,0.04478805723975943,0.052910802163957715,0.04278626687724385,-0.008122744924198289
2021-05-31,0.01732194407280785,0.0065659116546366025,0.023101478857379787,0.010756032418171246
2021-06-30,0.005949169163112389,0.022427398240887575,0.0023615148712792244,-0.016478229077775186
2021-07-31,0.007384120730536514,0.02441263984269537,0.004121825582062755,-0.017028519112158857
2021-08-31,0.014887999158351262,0.029759637828709273,0.011585679852763153,-0.014871638670358012
2021-09-30,-0.04161513759846325,-0.046605524671244236,-0.02133629692975203,0.0049903870727809885
2021-10-31,0.06581559385366931,0.07016366823782638,0.053364864399944256,-0.004348074384157075
2021-11-30,-0.010234699723698726,-0.008034620598136422,-0.03024523976407012,-0.0022000791255623042
2021-12-31,0.03436595489375094,0.046247597317890854,0.04134360659215908,-0.011881642424139915
2022-01-31,-0.04250644423887173,-0.05274118941298844,-0.00822244374735459,0.01023474517411671
2022-02-28,0.010045903680763635,-0.029517212990238906,0.01002809710328556,0.03956311667100254
2022-03-31,0.04741558648165123,0.037590428483643024,0.05378170551062622,0.009825157998008205
2022-04-30,-0.013304813359803824,-0.0877688816418396,-0.02820442216679775,0.07446406828203578
2022-05-31,0.014576134964702447,0.0022571534219202327,0.013784027067045512,0.012318981542782215
2022-06-30,-0.04228796409578639,-0.082460384680899,-0.06527189171016123,0.04017242058511261
2022-07-31,0.002518641011280298,0.09208731877564147,0.03342401864799682,-0.08956867776436117
2022-08-31,-0.009872531265156415,-0.040801880473728014,-0.015830388811438945,0.0309293492085716
2022-09-30,-0.019478572566162478,-0.09244583217566571,-0.050412055735161054,0.07296725960950323
2022-10-31,0.022005772059531026,0.08127533521265873,0.05166479234677457,-0.0592695631531277
2022-11-30,-0.010509701424333273,0.055591656561806424,0.017991486653163635,-0.0661013579861397
2022-12-31,-0.03133032547356618,-0.05762832612496682,-0.029650073202909133,0.026298000651400644
2023-01-31,0.01885509760813031,0.06288744371148103,0.036214951391628336,-0.04403234610335072
2023-02-28,-0.028511309741084845,-0.025142511885074992,-0.02980065414006583,-0.003368797856009853
2023-03-31,0.005299764573396315,0.03707763586459989,0.0007777093637182375,-0.031777871291203574
2023-04-30,0.01130236752204783,0.015974881666101393,0.011743842929724524,-0.004672514144053563
2023-05-31,0.0151905467646547,0.004616245961100995,-0.020139504052269497,0.010574300803553704
2023-06-30,0.058410919315278864,0.06479975303569852,0.04675140672517064,-0.006388833720419651
2023-07-31,0.037306100931706165,0.0327335208575632,0.03344707246424128,0.004572580074142962
2023-08-31,-0.020087818626875475,-0.016252202845238095,-0.021664104357459357,-0.0038356157816373804
2023-09-30,-0.040249229212713566,-0.04743436322934824,-0.019819096081053256,0.0071851340166346755
2023-10-31,-0.02811227712427644,-0.021708751381113944,-0.02071577765726973,-0.006403525743162497
2023-11-30,0.06310588945214968,0.09134390929373892,0.038956534636984896,-0.028238019841589246
2023-12-31,0.04278535832099495,0.04565540291828207,0.02619561621997124,-0.0028700445972871247
2024-01-31,0.007783960974222293,0.0159264159573278,0.00055001549184297,-0.008142454983105507
2024-02-29,0.04768580289136448,0.05218666570071151,0.03607085358171869,-0.004500862809347028
2024-03-31,0.027832311428962475,0.03270215819555289,0.040484445566249416,-0.004869846766590413
2024-04-30,-0.04510688546665609,-0.040319617558374876,-0.015877837998463207,-0.004787267908281212
2024-05-31,0.040458846807505555,0.05057951548274664,0.02823872018104745,-0.010120668675241085
2024-06-30,0.02657857880663972,0.03528001002784831,0.007376281288610009,-0.008701431221208589
2024-07-31,0.0034679547989746595,0.01210926350486563,0.0111799722464474,-0.008641308705890971
2024-08-31,0.0019498096066932202,0.02336565182317729,0.0025385822413408476,-0.02141584221648407
2024-09-30,0.019523859298816948,0.021004488071996175,0.021362323585115695,-0.0014806287731792267
2024-10-31,-0.014293131445760499,-0.008923279451850119,-0.014879209958032047,-0.0053698519939103795
2024-11-30,0.03976381638795967,0.05963302701920936,0.036986391707874544,-0.01986921063124969
2024-12-31,-0.0294211891689814,-0.024059815791338868,-0.03495946896708635,-0.005361373377642531
2025-01-31,0.02712579230169232,0.02685634681688409,0.02780677055638603,0.0002694454848082284
2025-02-28,-0.01613268301321935,-0.01269482190828286,-0.012313938555589599,-0.0034378611049364904
2025-03-31,-0.030861069004543773,-0.05571931022636378,-0.019458645979393063,0.02485824122182001
2025-04-30,-0.010314354083424737,-0.008670067254165637,-0.006034804129916971,-0.0016442868292591006
2025-05-31,0.003920615370500258,0.06284490143371624,0.03216988572030255,-0.05892428606321598
2025-06-30,0.04559226327503296,0.051386135090823126,0.03489594484189906,-0.005793871815790164
2025-07-31,0.018066510245372314,0.023031667090379626,0.009152423831524148,-0.0049651568450073125
2025-08-31,0.021149706666404144,0.020519442869476823,0.028393359657151063,0.0006302637969273217
2025-09-30,0.041576319339519774,0.0356203621268254,0.0401142167640387,0.005955957212694374
2025-10-31,0.02775827525871044,0.023837409863407766,0.018337659563320452,0.003920865395302675
2025-11-30,0.000379103411176418,0.0019499627157140154,0.013055719407440103,-0.0015708593045375974
2025-12-31,0.0017078436677901987,0.0007974972632864841,0.009891661793453244,0.0009103464045037146
2026-01-31,0.030432418661055838,0.014737883533700868,0.04864329054466032,0.01569453512735497
2026-02-28,0.024383573432295913,-0.008642082420245556,0.0396791403115897,0.03302565585254147
2026-03-31,-0.039856289569579206,-0.049379608638833505,-0.04099279713491677,0.009523319069254299
2026-04-30,0.043697646407891755,0.10505274506872375,0.05716842830568836,-0.061355098660832
2026-05-31,0.043388222162521695,0.05262574755586247,0.015088082043417606,-0.009237525393340773
2026-06-30,-0.015131970700335784,-0.0102925809568154,-0.024844174170374878,-0.004839389743520384
2026-07-31,-0.012558264939856345,0.00034822442006943177,0.020033555652118062,-0.012906489359925777
2026-08-31,0.03329012849912982,0.02679935978497161,0.03214679003903642,0.006490768714158213
2026-09-30,0.005581611343746795,-0.0032934177830514777,-0.003970443886966213,0.008875029126798273
2026-10-31,0.018265039702419772,0.020901357590638492,0.01839636208233819,-0.00263631788821872
