,Regime
2020-06-01,
2020-06-02,
2020-06-03,
2020-06-04,
2020-06-05,WARMUP
2020-06-08,WARMUP
2020-06-09,WARMUP
2020-06-10,WARMUP
2020-06-11,WARMUP
2020-06-12,WARMUP
2020-06-15,WARMUP
2020-06-16,WARMUP
2020-06-17,WARMUP
2020-06-18,WARMUP
2020-06-19,WARMUP
2020-06-22,WARMUP
2020-06-23,WARMUP
2020-06-24,WARMUP
2020-06-25,WARMUP
2020-06-26,WARMUP
2020-06-29,WARMUP
2020-06-30,WARMUP
2020-07-01,WARMUP
2020-07-02,WARMUP
2020-07-06,WARMUP
2020-07-07,WARMUP
2020-07-08,WARMUP
2020-07-09,WARMUP
2020-07-10,WARMUP
2020-07-13,WARMUP
2020-07-14,WARMUP
2020-07-15,WARMUP
2020-07-16,WARMUP
2020-07-17,WARMUP
2020-07-20,WARMUP
2020-07-21,WARMUP
2020-07-22,WARMUP
2020-07-23,WARMUP
2020-07-24,WARMUP
2020-07-27,WARMUP
2020-07-28,WARMUP
2020-07-29,WARMUP
2020-07-30,WARMUP
2020-07-31,WARMUP
2020-08-03,WARMUP
2020-08-04,WARMUP
2020-08-05,WARMUP
2020-08-06,WARMUP
2020-08-07,WARMUP
2020-08-10,WARMUP
2020-08-11,WARMUP
2020-08-12,WARMUP
2020-08-13,WARMUP
2020-08-14,WARMUP
2020-08-17,WARMUP
2020-08-18,WARMUP
2020-08-19,WARMUP
2020-08-20,WARMUP
2020-08-21,WARMUP
2020-08-24,WARMUP
2020-08-25,WARMUP
2020-08-26,WARMUP
2020-08-27,WARMUP
2020-08-28,WARMUP
2020-08-31,WARMUP
2020-09-01,WARMUP
2020-09-02,WARMUP
2020-09-03,WARMUP
2020-09-04,WARMUP
2020-09-08,WARMUP
2020-09-09,WARMUP
2020-09-10,WARMUP
2020-09-11,WARMUP
2020-09-14,WARMUP
2020-09-15,WARMUP
2020-09-16,WARMUP
2020-09-17,WARMUP
2020-09-18,WARMUP
2020-09-21,WARMUP
2020-09-22,WARMUP
2020-09-23,WARMUP
2020-09-24,WARMUP
2020-09-25,WARMUP
2020-09-28,WARMUP
2020-09-29,WARMUP
2020-09-30,WARMUP
2020-10-01,WARMUP
2020-10-02,WARMUP
2020-10-05,WARMUP
2020-10-06,WARMUP
2020-10-07,WARMUP
2020-10-08,WARMUP
2020-10-09,WARMUP
2020-10-12,WARMUP
2020-10-13,WARMUP
2020-10-14,WARMUP
2020-10-15,WARMUP
2020-10-16,WARMUP
2020-10-19,WARMUP
2020-10-20,WARMUP
2020-10-21,WARMUP
2020-10-22,WARMUP
2020-10-23,WARMUP
2020-10-26,WARMUP
2020-10-27,WARMUP
2020-10-28,WARMUP
2020-10-29,WARMUP
2020-10-30,WARMUP
2020-11-02,WARMUP
2020-11-03,WARMUP
2020-11-04,WARMUP
2020-11-05,WARMUP
2020-11-06,WARMUP
2020-11-09,WARMUP
2020-11-10,WARMUP
2020-11-11,WARMUP
2020-11-12,WARMUP
2020-11-13,WARMUP
2020-11-16,WARMUP
2020-11-17,WARMUP
2020-11-18,WARMUP
2020-11-19,WARMUP
2020-11-20,WARMUP
2020-11-23,WARMUP
2020-11-24,WARMUP
2020-11-25,WARMUP
2020-11-27,WARMUP
2020-11-30,WARMUP
2020-12-01,WARMUP
2020-12-02,WARMUP
2020-12-03,WARMUP
2020-12-04,WARMUP
2020-12-07,WARMUP
2020-12-08,WARMUP
2020-12-09,WARMUP
2020-12-10,WARMUP
2020-12-11,WARMUP
2020-12-14,WARMUP
2020-12-15,WARMUP
2020-12-16,WARMUP
2020-12-17,WARMUP
2020-12-18,WARMUP
2020-12-21,WARMUP
2020-12-22,WARMUP
2020-12-23,WARMUP
2020-12-24,WARMUP
2020-12-28,WARMUP
2020-12-29,WARMUP
2020-12-30,WARMUP
2020-12-31,WARMUP
2021-01-04,WARMUP
2021-01-05,WARMUP
2021-01-06,WARMUP
2021-01-07,WARMUP
2021-01-08,WARMUP
2021-01-11,WARMUP
2021-01-12,WARMUP
2021-01-13,WARMUP
2021-01-14,WARMUP
2021-01-15,WARMUP
2021-01-19,WARMUP
2021-01-20,WARMUP
2021-01-21,WARMUP
2021-01-22,WARMUP
2021-01-25,WARMUP
2021-01-26,WARMUP
2021-01-27,WARMUP
2021-01-28,WARMUP
2021-01-29,WARMUP
2021-02-01,WARMUP
2021-02-02,WARMUP
2021-02-03,WARMUP
2021-02-04,WARMUP
2021-02-05,WARMUP
2021-02-08,WARMUP
2021-02-09,WARMUP
2021-02-10,WARMUP
2021-02-11,WARMUP
2021-02-12,WARMUP
2021-02-16,WARMUP
2021-02-17,WARMUP
2021-02-18,WARMUP
2021-02-19,WARMUP
2021-02-22,WARMUP
2021-02-23,WARMUP
2021-02-24,WARMUP
2021-02-25,WARMUP
2021-02-26,WARMUP
2021-03-01,WARMUP
2021-03-02,WARMUP
2021-03-03,WARMUP
2021-03-04,WARMUP
2021-03-05,WARMUP
2021-03-08,WARMUP
2021-03-09,WARMUP
2021-03-10,WARMUP
2021-03-11,WARMUP
2021-03-12,WARMUP
2021-03-15,WARMUP
2021-03-16,WARMUP
2021-03-17,WARMUP
2021-03-18,WARMUP
2021-03-19,BROAD_BULL
2021-03-22,BROAD_BULL
2021-03-23,BROAD_BULL
2021-03-24,BROAD_BULL
2021-03-25,BROAD_BULL
2021-03-26,BROAD_BULL
2021-03-29,BROAD_BULL
2021-03-30,BROAD_BULL
2021-03-31,BROAD_BULL
2021-04-01,BROAD_BULL
2021-04-05,BROAD_BULL
2021-04-06,BROAD_BULL
2021-04-07,BROAD_BULL
2021-04-08,BROAD_BULL
2021-04-09,BROAD_BULL
2021-04-12,BROAD_BULL
2021-04-13,BROAD_BULL
2021-04-14,BROAD_BULL
2021-04-15,BROAD_BULL
2021-04-16,BROAD_BULL
2021-04-19,BROAD_BULL
2021-04-20,BROAD_BULL
2021-04-21,BROAD_BULL
2021-04-22,BROAD_BULL
2021-04-23,BROAD_BULL
2021-04-26,BROAD_BULL
2021-04-27,BROAD_BULL
2021-04-28,BROAD_BULL
2021-04-29,BROAD_BULL
2021-04-30,BROAD_BULL
2021-05-03,BROAD_BULL
2021-05-04,BROAD_BULL
2021-05-05,BROAD_BULL
2021-05-06,BROAD_BULL
2021-05-07,BROAD_BULL
2021-05-10,BROAD_BULL
2021-05-11,BROAD_BULL
2021-05-12,BROAD_BULL
2021-05-13,BROAD_BULL
2021-05-14,BROAD_BULL
2021-05-17,BROAD_BULL
2021-05-18,BROAD_BULL
2021-05-19,BROAD_BULL
2021-05-20,BROAD_BULL
2021-05-21,BROAD_BULL
2021-05-24,BROAD_BULL
2021-05-25,BROAD_BULL
2021-05-26,BROAD_BULL
2021-05-27,BROAD_BULL
2021-05-28,BROAD_BULL
2021-06-01,BROAD_BULL
2021-06-02,BROAD_BULL
2021-06-03,BROAD_BULL
2021-06-04,BROAD_BULL
2021-06-07,BROAD_BULL
2021-06-08,BROAD_BULL
2021-06-09,BROAD_BULL
2021-06-10,BROAD_BULL
2021-06-11,BROAD_BULL
2021-06-14,BROAD_BULL
2021-06-15,BROAD_BULL
2021-06-16,BROAD_BULL
2021-06-17,BROAD_BULL
2021-06-18,BROAD_BULL
2021-06-21,BROAD_BULL
2021-06-22,BROAD_BULL
2021-06-23,BROAD_BULL
2021-06-24,BROAD_BULL
2021-06-25,BROAD_BULL
2021-06-28,BROAD_BULL
2021-06-29,BROAD_BULL
2021-06-30,BROAD_BULL
2021-07-01,BROAD_BULL
2021-07-02,BROAD_BULL
2021-07-06,BROAD_BULL
2021-07-07,BROAD_BULL
2021-07-08,BROAD_BULL
2021-07-09,BROAD_BULL
2021-07-12,BROAD_BULL
2021-07-13,BROAD_BULL
2021-07-14,BROAD_BULL
2021-07-15,BROAD_BULL
2021-07-16,BROAD_BULL
2021-07-19,BROAD_BULL
2021-07-20,BROAD_BULL
2021-07-21,BROAD_BULL
2021-07-22,BROAD_BULL
2021-07-23,BROAD_BULL
2021-07-26,BROAD_BULL
2021-07-27,BROAD_BULL
2021-07-28,BROAD_BULL
2021-07-29,BROAD_BULL
2021-07-30,BROAD_BULL
2021-08-02,BROAD_BULL
2021-08-03,BROAD_BULL
2021-08-04,BROAD_BULL
2021-08-05,BROAD_BULL
2021-08-06,BROAD_BULL
2021-08-09,BROAD_BULL
2021-08-10,BROAD_BULL
2021-08-11,BROAD_BULL
2021-08-12,BROAD_BULL
2021-08-13,BROAD_BULL
2021-08-16,BROAD_BULL
2021-08-17,BROAD_BULL
2021-08-18,BROAD_BULL
2021-08-19,BROAD_BULL
2021-08-20,BROAD_BULL
2021-08-23,BROAD_BULL
2021-08-24,BROAD_BULL
2021-08-25,BROAD_BULL
2021-08-26,BROAD_BULL
2021-08-27,US_BULL
2021-08-30,US_BULL
2021-08-31,US_BULL
2021-09-01,US_BULL
2021-09-02,US_BULL
2021-09-03,US_BULL
2021-09-07,US_BULL
2021-09-08,US_BULL
2021-09-09,US_BULL
2021-09-10,US_BULL
2021-09-13,US_BULL
2021-09-14,US_BULL
2021-09-15,US_BULL
2021-09-16,US_BULL
2021-09-17,US_BULL
2021-09-20,US_BULL
2021-09-21,US_BULL
2021-09-22,US_BULL
2021-09-23,US_BULL
2021-09-24,US_BULL
2021-09-27,US_BULL
2021-09-28,US_BULL
2021-09-29,US_BULL
2021-09-30,US_BULL
2021-10-01,US_BULL
2021-10-04,US_BULL
2021-10-05,US_BULL
2021-10-06,US_BULL
2021-10-07,US_BULL
2021-10-08,US_BULL
2021-10-11,US_BULL
2021-10-12,US_BULL
2021-10-13,US_BULL
2021-10-14,US_BULL
2021-10-15,US_BULL
2021-10-18,US_BULL
2021-10-19,US_BULL
2021-10-20,US_BULL
2021-10-21,US_BULL
2021-10-22,US_BULL
2021-10-25,US_BULL
2021-10-26,US_BULL
2021-10-27,US_BULL
2021-10-28,US_BULL
2021-10-29,US_BULL
2021-11-01,US_BULL
2021-11-02,US_BULL
2021-11-03,US_BULL
2021-11-04,US_BULL
2021-11-05,US_BULL
2021-11-08,US_BULL
2021-11-09,US_BULL
2021-11-10,US_BULL
2021-11-11,US_BULL
2021-11-12,US_BULL
2021-11-15,US_BULL
2021-11-16,US_BULL
2021-11-17,US_BULL
2021-11-18,US_BULL
2021-11-19,US_BULL
2021-11-22,US_BULL
2021-11-23,US_BULL
2021-11-24,US_BULL
2021-11-26,US_BULL
2021-11-29,US_BULL
2021-11-30,US_BULL
2021-12-01,US_BULL
2021-12-02,US_BULL
2021-12-03,US_BULL
2021-12-06,US_BULL
2021-12-07,US_BULL
2021-12-08,US_BULL
2021-12-09,US_BULL
2021-12-10,US_BULL
2021-12-13,US_BULL
2021-12-14,US_BULL
2021-12-15,US_BULL
2021-12-16,US_BULL
2021-12-17,US_BULL
2021-12-20,US_BULL
2021-12-21,US_BULL
2021-12-22,US_BULL
2021-12-23,US_BULL
2021-12-27,US_BULL
2021-12-28,US_BULL
2021-12-29,US_BULL
2021-12-30,US_BULL
2021-12-31,US_BULL
2022-01-03,US_BULL
2022-01-04,US_BULL
2022-01-05,US_BULL
2022-01-06,US_BULL
2022-01-07,BROAD_BULL
2022-01-10,BROAD_BULL
2022-01-11,BROAD_BULL
2022-01-12,BROAD_BULL
2022-01-13,BROAD_BULL
2022-01-14,BROAD_BULL
2022-01-18,BROAD_BULL
2022-01-19,BROAD_BULL
2022-01-20,BROAD_BULL
2022-01-21,INFLATION
2022-01-24,INFLATION
2022-01-25,INFLATION
2022-01-26,INFLATION
2022-01-27,INFLATION
2022-01-28,BROAD_BULL
2022-01-31,BROAD_BULL
2022-02-01,BROAD_BULL
2022-02-02,BROAD_BULL
2022-02-03,BROAD_BULL
2022-02-04,BROAD_BULL
2022-02-07,BROAD_BULL
2022-02-08,BROAD_BULL
2022-02-09,BROAD_BULL
2022-02-10,BROAD_BULL
2022-02-11,INFLATION
2022-02-14,INFLATION
2022-02-15,INFLATION
2022-02-16,INFLATION
2022-02-17,INFLATION
2022-02-18,INFLATION
2022-02-22,INFLATION
2022-02-23,INFLATION
2022-02-24,INFLATION
2022-02-25,INFLATION
2022-02-28,INFLATION
2022-03-01,INFLATION
2022-03-02,INFLATION
2022-03-03,INFLATION
2022-03-04,INFLATION
2022-03-07,INFLATION
2022-03-08,INFLATION
2022-03-09,INFLATION
2022-03-10,INFLATION
2022-03-11,INFLATION
2022-03-14,INFLATION
2022-03-15,INFLATION
2022-03-16,INFLATION
2022-03-17,INFLATION
2022-03-18,BROAD_BULL
2022-03-21,BROAD_BULL
2022-03-22,BROAD_BULL
2022-03-23,BROAD_BULL
2022-03-24,BROAD_BULL
2022-03-25,BROAD_BULL
2022-03-28,BROAD_BULL
2022-03-29,BROAD_BULL
2022-03-30,BROAD_BULL
2022-03-31,BROAD_BULL
2022-04-01,BROAD_BULL
2022-04-04,BROAD_BULL
2022-04-05,BROAD_BULL
2022-04-06,BROAD_BULL
2022-04-07,BROAD_BULL
2022-04-08,BROAD_BULL
2022-04-11,BROAD_BULL
2022-04-12,BROAD_BULL
2022-04-13,BROAD_BULL
2022-04-14,INFLATION
2022-04-18,INFLATION
2022-04-19,INFLATION
2022-04-20,INFLATION
2022-04-21,INFLATION
2022-04-22,INFLATION
2022-04-25,INFLATION
2022-04-26,INFLATION
2022-04-27,INFLATION
2022-04-28,INFLATION
2022-04-29,INFLATION
2022-05-02,INFLATION
2022-05-03,INFLATION
2022-05-04,INFLATION
2022-05-05,INFLATION
2022-05-06,INFLATION
2022-05-09,INFLATION
2022-05-10,INFLATION
2022-05-11,INFLATION
2022-05-12,INFLATION
2022-05-13,INFLATION
2022-05-16,INFLATION
2022-05-17,INFLATION
2022-05-18,INFLATION
2022-05-19,INFLATION
2022-05-20,INFLATION
2022-05-23,INFLATION
2022-05-24,INFLATION
2022-05-25,INFLATION
2022-05-26,INFLATION
2022-05-27,INFLATION
2022-05-31,INFLATION
2022-06-01,INFLATION
2022-06-02,INFLATION
2022-06-03,INFLATION
2022-06-06,INFLATION
2022-06-07,INFLATION
2022-06-08,INFLATION
2022-06-09,INFLATION
2022-06-10,INFLATION
2022-06-13,INFLATION
2022-06-14,INFLATION
2022-06-15,INFLATION
2022-06-16,INFLATION
2022-06-17,INFLATION
2022-06-21,INFLATION
2022-06-22,INFLATION
2022-06-23,INFLATION
2022-06-24,INFLATION
2022-06-27,INFLATION
2022-06-28,INFLATION
2022-06-29,INFLATION
2022-06-30,INFLATION
2022-07-01,RISK_OFF
2022-07-05,RISK_OFF
2022-07-06,RISK_OFF
2022-07-07,RISK_OFF
2022-07-08,RISK_OFF
2022-07-11,RISK_OFF
2022-07-12,RISK_OFF
2022-07-13,RISK_OFF
2022-07-14,RISK_OFF
2022-07-15,RISK_OFF
2022-07-18,RISK_OFF
2022-07-19,RISK_OFF
2022-07-20,RISK_OFF
2022-07-21,RISK_OFF
2022-07-22,RISK_OFF
2022-07-25,RISK_OFF
2022-07-26,RISK_OFF
2022-07-27,RISK_OFF
2022-07-28,RISK_OFF
2022-07-29,INFLATION
2022-08-01,INFLATION
2022-08-02,INFLATION
2022-08-03,INFLATION
2022-08-04,INFLATION
2022-08-05,RISK_OFF
2022-08-08,RISK_OFF
2022-08-09,RISK_OFF
2022-08-10,RISK_OFF
2022-08-11,RISK_OFF
2022-08-12,INFLATION
2022-08-15,INFLATION
2022-08-16,INFLATION
2022-08-17,INFLATION
2022-08-18,INFLATION
2022-08-19,INFLATION
2022-08-22,INFLATION
2022-08-23,INFLATION
2022-08-24,INFLATION
2022-08-25,INFLATION
2022-08-26,INFLATION
2022-08-29,INFLATION
2022-08-30,INFLATION
2022-08-31,INFLATION
2022-09-01,INFLATION
2022-09-02,RISK_OFF
2022-09-06,RISK_OFF
2022-09-07,RISK_OFF
2022-09-08,RISK_OFF
2022-09-09,INFLATION
2022-09-12,INFLATION
2022-09-13,INFLATION
2022-09-14,INFLATION
2022-09-15,INFLATION
2022-09-16,RISK_OFF
2022-09-19,RISK_OFF
2022-09-20,RISK_OFF
2022-09-21,RISK_OFF
2022-09-22,RISK_OFF
2022-09-23,RISK_OFF
2022-09-26,RISK_OFF
2022-09-27,RISK_OFF
2022-09-28,RISK_OFF
2022-09-29,RISK_OFF
2022-09-30,RISK_OFF
2022-10-03,RISK_OFF
2022-10-04,RISK_OFF
2022-10-05,RISK_OFF
2022-10-06,RISK_OFF
2022-10-07,RISK_OFF
2022-10-10,RISK_OFF
2022-10-11,RISK_OFF
2022-10-12,RISK_OFF
2022-10-13,RISK_OFF
2022-10-14,RISK_OFF
2022-10-17,RISK_OFF
2022-10-18,RISK_OFF
2022-10-19,RISK_OFF
2022-10-20,RISK_OFF
2022-10-21,RISK_OFF
2022-10-24,RISK_OFF
2022-10-25,RISK_OFF
2022-10-26,RISK_OFF
2022-10-27,RISK_OFF
2022-10-28,RISK_OFF
2022-10-31,RISK_OFF
2022-11-01,RISK_OFF
2022-11-02,RISK_OFF
2022-11-03,RISK_OFF
2022-11-04,RISK_OFF
2022-11-07,RISK_OFF
2022-11-08,RISK_OFF
2022-11-09,RISK_OFF
2022-11-10,RISK_OFF
2022-11-11,RISK_OFF
2022-11-14,RISK_OFF
2022-11-15,RISK_OFF
2022-11-16,RISK_OFF
2022-11-17,RISK_OFF
2022-11-18,RISK_OFF
2022-11-21,RISK_OFF
2022-11-22,RISK_OFF
2022-11-23,RISK_OFF
2022-11-25,INFLATION
2022-11-28,INFLATION
2022-11-29,INFLATION
2022-11-30,INFLATION
2022-12-01,INFLATION
2022-12-02,MIXED
2022-12-05,MIXED
2022-12-06,MIXED
2022-12-07,MIXED
2022-12-08,MIXED
2022-12-09,RISK_OFF
2022-12-12,RISK_OFF
2022-12-13,RISK_OFF
2022-12-14,RISK_OFF
2022-12-15,RISK_OFF
2022-12-16,RISK_OFF
2022-12-19,RISK_OFF
2022-12-20,RISK_OFF
2022-12-21,RISK_OFF
2022-12-22,RISK_OFF
2022-12-23,RISK_OFF
2022-12-27,RISK_OFF
2022-12-28,RISK_OFF
2022-12-29,RISK_OFF
2022-12-30,RISK_OFF
2023-01-03,RISK_OFF
2023-01-04,RISK_OFF
2023-01-05,RISK_OFF
2023-01-06,INFLATION
2023-01-09,INFLATION
2023-01-10,INFLATION
2023-01-11,INFLATION
2023-01-12,INFLATION
2023-01-13,INFLATION
2023-01-17,INFLATION
2023-01-18,INFLATION
2023-01-19,INFLATION
2023-01-20,INFLATION
2023-01-23,INFLATION
2023-01-24,INFLATION
2023-01-25,INFLATION
2023-01-26,INFLATION
2023-01-27,INFLATION
2023-01-30,INFLATION
2023-01-31,INFLATION
2023-02-01,INFLATION
2023-02-02,INFLATION
2023-02-03,INFLATION
2023-02-06,INFLATION
2023-02-07,INFLATION
2023-02-08,INFLATION
2023-02-09,INFLATION
2023-02-10,INFLATION
2023-02-13,INFLATION
2023-02-14,INFLATION
2023-02-15,INFLATION
2023-02-16,INFLATION
2023-02-17,INFLATION
2023-02-21,INFLATION
2023-02-22,INFLATION
2023-02-23,INFLATION
2023-02-24,MIXED
2023-02-27,MIXED
2023-02-28,MIXED
2023-03-01,MIXED
2023-03-02,MIXED
2023-03-03,INFLATION
2023-03-06,INFLATION
2023-03-07,INFLATION
2023-03-08,INFLATION
2023-03-09,INFLATION
2023-03-10,RISK_OFF
2023-03-13,RISK_OFF
2023-03-14,RISK_OFF
2023-03-15,RISK_OFF
2023-03-16,RISK_OFF
2023-03-17,US_BULL
2023-03-20,US_BULL
2023-03-21,US_BULL
2023-03-22,US_BULL
2023-03-23,US_BULL
2023-03-24,US_BULL
2023-03-27,US_BULL
2023-03-28,US_BULL
2023-03-29,US_BULL
2023-03-30,US_BULL
2023-03-31,US_BULL
2023-04-03,US_BULL
2023-04-04,US_BULL
2023-04-05,US_BULL
2023-04-06,US_BULL
2023-04-10,US_BULL
2023-04-11,US_BULL
2023-04-12,US_BULL
2023-04-13,US_BULL
2023-04-14,US_BULL
2023-04-17,US_BULL
2023-04-18,US_BULL
2023-04-19,US_BULL
2023-04-20,US_BULL
2023-04-21,US_BULL
2023-04-24,US_BULL
2023-04-25,US_BULL
2023-04-26,US_BULL
2023-04-27,US_BULL
2023-04-28,US_BULL
2023-05-01,US_BULL
2023-05-02,US_BULL
2023-05-03,US_BULL
2023-05-04,US_BULL
2023-05-05,US_BULL
2023-05-08,US_BULL
2023-05-09,US_BULL
2023-05-10,US_BULL
2023-05-11,US_BULL
2023-05-12,US_BULL
2023-05-15,US_BULL
2023-05-16,US_BULL
2023-05-17,US_BULL
2023-05-18,US_BULL
2023-05-19,US_BULL
2023-05-22,US_BULL
2023-05-23,US_BULL
2023-05-24,US_BULL
2023-05-25,US_BULL
2023-05-26,US_BULL
2023-05-30,US_BULL
2023-05-31,US_BULL
2023-06-01,US_BULL
2023-06-02,US_BULL
2023-06-05,US_BULL
2023-06-06,US_BULL
2023-06-07,US_BULL
2023-06-08,US_BULL
2023-06-09,US_BULL
2023-06-12,US_BULL
2023-06-13,US_BULL
2023-06-14,US_BULL
2023-06-15,US_BULL
2023-06-16,US_BULL
2023-06-20,US_BULL
2023-06-21,US_BULL
2023-06-22,US_BULL
2023-06-23,US_BULL
2023-06-26,US_BULL
2023-06-27,US_BULL
2023-06-28,US_BULL
2023-06-29,US_BULL
2023-06-30,US_BULL
2023-07-03,US_BULL
2023-07-05,US_BULL
2023-07-06,US_BULL
2023-07-07,US_BULL
2023-07-10,US_BULL
2023-07-11,US_BULL
2023-07-12,US_BULL
2023-07-13,US_BULL
2023-07-14,US_BULL
2023-07-17,US_BULL
2023-07-18,US_BULL
2023-07-19,US_BULL
2023-07-20,US_BULL
2023-07-21,US_BULL
2023-07-24,US_BULL
2023-07-25,US_BULL
2023-07-26,US_BULL
2023-07-27,US_BULL
2023-07-28,US_BULL
2023-07-31,US_BULL
2023-08-01,US_BULL
2023-08-02,US_BULL
2023-08-03,US_BULL
2023-08-04,US_BULL
2023-08-07,US_BULL
2023-08-08,US_BULL
2023-08-09,US_BULL
2023-08-10,US_BULL
2023-08-11,US_BULL
2023-08-14,US_BULL
2023-08-15,US_BULL
2023-08-16,US_BULL
2023-08-17,US_BULL
2023-08-18,US_BULL
2023-08-21,US_BULL
2023-08-22,US_BULL
2023-08-23,US_BULL
2023-08-24,US_BULL
2023-08-25,US_BULL
2023-08-28,US_BULL
2023-08-29,US_BULL
2023-08-30,US_BULL
2023-08-31,US_BULL
2023-09-01,US_BULL
2023-09-05,US_BULL
2023-09-06,US_BULL
2023-09-07,US_BULL
2023-09-08,US_BULL
2023-09-11,US_BULL
2023-09-12,US_BULL
2023-09-13,US_BULL
2023-09-14,US_BULL
2023-09-15,US_BULL
2023-09-18,US_BULL
2023-09-19,US_BULL
2023-09-20,US_BULL
2023-09-21,US_BULL
2023-09-22,US_BULL
2023-09-25,US_BULL
2023-09-26,US_BULL
2023-09-27,US_BULL
2023-09-28,US_BULL
2023-09-29,US_BULL
2023-10-02,US_BULL
2023-10-03,US_BULL
2023-10-04,US_BULL
2023-10-05,US_BULL
2023-10-06,US_BULL
2023-10-09,US_BULL
2023-10-10,US_BULL
2023-10-11,US_BULL
2023-10-12,US_BULL
2023-10-13,US_BULL
2023-10-16,US_BULL
2023-10-17,US_BULL
2023-10-18,US_BULL
2023-10-19,US_BULL
2023-10-20,US_BULL
2023-10-23,US_BULL
2023-10-24,US_BULL
2023-10-25,US_BULL
2023-10-26,US_BULL
2023-10-27,MIXED
2023-10-30,MIXED
2023-10-31,MIXED
2023-11-01,MIXED
2023-11-02,MIXED
2023-11-03,US_BULL
2023-11-06,US_BULL
2023-11-07,US_BULL
2023-11-08,US_BULL
2023-11-09,US_BULL
2023-11-10,US_BULL
2023-11-13,US_BULL
2023-11-14,US_BULL
2023-11-15,US_BULL
2023-11-16,US_BULL
2023-11-17,US_BULL
2023-11-20,US_BULL
2023-11-21,US_BULL
2023-11-22,US_BULL
2023-11-24,US_BULL
2023-11-27,US_BULL
2023-11-28,US_BULL
2023-11-29,US_BULL
2023-11-30,US_BULL
2023-12-01,US_BULL
2023-12-04,US_BULL
2023-12-05,US_BULL
2023-12-06,US_BULL
2023-12-07,US_BULL
2023-12-08,US_BULL
2023-12-11,US_BULL
2023-12-12,US_BULL
2023-12-13,US_BULL
2023-12-14,US_BULL
2023-12-15,US_BULL
2023-12-18,US_BULL
2023-12-19,US_BULL
2023-12-20,US_BULL
2023-12-21,US_BULL
2023-12-22,US_BULL
2023-12-26,US_BULL
2023-12-27,US_BULL
2023-12-28,US_BULL
2023-12-29,US_BULL
2024-01-02,US_BULL
2024-01-03,US_BULL
2024-01-04,US_BULL
2024-01-05,US_BULL
2024-01-08,US_BULL
2024-01-09,US_BULL
2024-01-10,US_BULL
2024-01-11,US_BULL
2024-01-12,US_BULL
2024-01-16,US_BULL
2024-01-17,US_BULL
2024-01-18,US_BULL
2024-01-19,US_BULL
2024-01-22,US_BULL
2024-01-23,US_BULL
2024-01-24,US_BULL
2024-01-25,US_BULL
2024-01-26,US_BULL
2024-01-29,US_BULL
2024-01-30,US_BULL
2024-01-31,US_BULL
2024-02-01,US_BULL
2024-02-02,US_BULL
2024-02-05,US_BULL
2024-02-06,US_BULL
2024-02-07,US_BULL
2024-02-08,US_BULL
2024-02-09,US_BULL
2024-02-12,US_BULL
2024-02-13,US_BULL
2024-02-14,US_BULL
2024-02-15,US_BULL
2024-02-16,US_BULL
2024-02-20,US_BULL
2024-02-21,US_BULL
2024-02-22,US_BULL
2024-02-23,US_BULL
2024-02-26,US_BULL
2024-02-27,US_BULL
2024-02-28,US_BULL
2024-02-29,US_BULL
2024-03-01,US_BULL
2024-03-04,US_BULL
2024-03-05,US_BULL
2024-03-06,US_BULL
2024-03-07,US_BULL
2024-03-08,US_BULL
2024-03-11,US_BULL
2024-03-12,US_BULL
2024-03-13,US_BULL
2024-03-14,US_BULL
2024-03-15,US_BULL
2024-03-18,US_BULL
2024-03-19,US_BULL
2024-03-20,US_BULL
2024-03-21,US_BULL
2024-03-22,US_BULL
2024-03-25,US_BULL
2024-03-26,US_BULL
2024-03-27,US_BULL
2024-03-28,US_BULL
2024-04-01,US_BULL
2024-04-02,US_BULL
2024-04-03,US_BULL
2024-04-04,US_BULL
2024-04-05,BROAD_BULL
2024-04-08,BROAD_BULL
2024-04-09,BROAD_BULL
2024-04-10,BROAD_BULL
2024-04-11,BROAD_BULL
2024-04-12,US_BULL
2024-04-15,US_BULL
2024-04-16,US_BULL
2024-04-17,US_BULL
2024-04-18,US_BULL
2024-04-19,BROAD_BULL
2024-04-22,BROAD_BULL
2024-04-23,BROAD_BULL
2024-04-24,BROAD_BULL
2024-04-25,BROAD_BULL
2024-04-26,US_BULL
2024-04-29,US_BULL
2024-04-30,US_BULL
2024-05-01,US_BULL
2024-05-02,US_BULL
2024-05-03,US_BULL
2024-05-06,US_BULL
2024-05-07,US_BULL
2024-05-08,US_BULL
2024-05-09,US_BULL
2024-05-10,BROAD_BULL
2024-05-13,BROAD_BULL
2024-05-14,BROAD_BULL
2024-05-15,BROAD_BULL
2024-05-16,BROAD_BULL
2024-05-17,BROAD_BULL
2024-05-20,BROAD_BULL
2024-05-21,BROAD_BULL
2024-05-22,BROAD_BULL
2024-05-23,BROAD_BULL
2024-05-24,US_BULL
2024-05-28,US_BULL
2024-05-29,US_BULL
2024-05-30,US_BULL
2024-05-31,BROAD_BULL
2024-06-03,BROAD_BULL
2024-06-04,BROAD_BULL
2024-06-05,BROAD_BULL
2024-06-06,BROAD_BULL
2024-06-07,US_BULL
2024-06-10,US_BULL
2024-06-11,US_BULL
2024-06-12,US_BULL
2024-06-13,US_BULL
2024-06-14,US_BULL
2024-06-17,US_BULL
2024-06-18,US_BULL
2024-06-20,US_BULL
2024-06-21,US_BULL
2024-06-24,US_BULL
2024-06-25,US_BULL
2024-06-26,US_BULL
2024-06-27,US_BULL
2024-06-28,US_BULL
2024-07-01,US_BULL
2024-07-02,US_BULL
2024-07-03,US_BULL
2024-07-05,US_BULL
2024-07-08,US_BULL
2024-07-09,US_BULL
2024-07-10,US_BULL
2024-07-11,US_BULL
2024-07-12,US_BULL
2024-07-15,US_BULL
2024-07-16,US_BULL
2024-07-17,US_BULL
2024-07-18,US_BULL
2024-07-19,BROAD_BULL
2024-07-22,BROAD_BULL
2024-07-23,BROAD_BULL
2024-07-24,BROAD_BULL
2024-07-25,BROAD_BULL
2024-07-26,BROAD_BULL
2024-07-29,BROAD_BULL
2024-07-30,BROAD_BULL
2024-07-31,BROAD_BULL
2024-08-01,BROAD_BULL
2024-08-02,BROAD_BULL
2024-08-05,BROAD_BULL
2024-08-06,BROAD_BULL
2024-08-07,BROAD_BULL
2024-08-08,BROAD_BULL
2024-08-09,MIXED
2024-08-12,MIXED
2024-08-13,MIXED
2024-08-14,MIXED
2024-08-15,MIXED
2024-08-16,BROAD_BULL
2024-08-19,BROAD_BULL
2024-08-20,BROAD_BULL
2024-08-21,BROAD_BULL
2024-08-22,BROAD_BULL
2024-08-23,BROAD_BULL
2024-08-26,BROAD_BULL
2024-08-27,BROAD_BULL
2024-08-28,BROAD_BULL
2024-08-29,BROAD_BULL
2024-08-30,BROAD_BULL
2024-09-03,BROAD_BULL
2024-09-04,BROAD_BULL
2024-09-05,BROAD_BULL
2024-09-06,MIXED
2024-09-09,MIXED
2024-09-10,MIXED
2024-09-11,MIXED
2024-09-12,MIXED
2024-09-13,BROAD_BULL
2024-09-16,BROAD_BULL
2024-09-17,BROAD_BULL
2024-09-18,BROAD_BULL
2024-09-19,BROAD_BULL
2024-09-20,BROAD_BULL
2024-09-23,BROAD_BULL
2024-09-24,BROAD_BULL
2024-09-25,BROAD_BULL
2024-09-26,BROAD_BULL
2024-09-27,US_BULL
2024-09-30,US_BULL
2024-10-01,US_BULL
2024-10-02,US_BULL
2024-10-03,US_BULL
2024-10-04,BROAD_BULL
2024-10-07,BROAD_BULL
2024-10-08,BROAD_BULL
2024-10-09,BROAD_BULL
2024-10-10,BROAD_BULL
2024-10-11,BROAD_BULL
2024-10-14,BROAD_BULL
2024-10-15,BROAD_BULL
2024-10-16,BROAD_BULL
2024-10-17,BROAD_BULL
2024-10-18,US_BULL
2024-10-21,US_BULL
2024-10-22,US_BULL
2024-10-23,US_BULL
2024-10-24,US_BULL
2024-10-25,US_BULL
2024-10-28,US_BULL
2024-10-29,US_BULL
2024-10-30,US_BULL
2024-10-31,US_BULL
2024-11-01,BROAD_BULL
2024-11-04,BROAD_BULL
2024-11-05,BROAD_BULL
2024-11-06,BROAD_BULL
2024-11-07,BROAD_BULL
2024-11-08,US_BULL
2024-11-11,US_BULL
2024-11-12,US_BULL
2024-11-13,US_BULL
2024-11-14,US_BULL
2024-11-15,BROAD_BULL
2024-11-18,BROAD_BULL
2024-11-19,BROAD_BULL
2024-11-20,BROAD_BULL
2024-11-21,BROAD_BULL
2024-11-22,BROAD_BULL
2024-11-25,BROAD_BULL
2024-11-26,BROAD_BULL
2024-11-27,BROAD_BULL
2024-11-29,BROAD_BULL
2024-12-02,BROAD_BULL
2024-12-03,BROAD_BULL
2024-12-04,BROAD_BULL
2024-12-05,BROAD_BULL
2024-12-06,BROAD_BULL
2024-12-09,BROAD_BULL
2024-12-10,BROAD_BULL
2024-12-11,BROAD_BULL
2024-12-12,BROAD_BULL
2024-12-13,BROAD_BULL
2024-12-16,BROAD_BULL
2024-12-17,BROAD_BULL
2024-12-18,BROAD_BULL
2024-12-19,BROAD_BULL
2024-12-20,BROAD_BULL
2024-12-23,BROAD_BULL
2024-12-24,BROAD_BULL
2024-12-26,BROAD_BULL
2024-12-27,BROAD_BULL
2024-12-30,BROAD_BULL
2024-12-31,BROAD_BULL
2025-01-02,BROAD_BULL
2025-01-03,BROAD_BULL
2025-01-06,BROAD_BULL
2025-01-07,BROAD_BULL
2025-01-08,BROAD_BULL
2025-01-09,BROAD_BULL
2025-01-10,MIXED
2025-01-13,MIXED
2025-01-14,MIXED
2025-01-15,MIXED
2025-01-16,MIXED
2025-01-17,US_BULL
2025-01-21,US_BULL
2025-01-22,US_BULL
2025-01-23,US_BULL
2025-01-24,US_BULL
2025-01-27,US_BULL
2025-01-28,US_BULL
2025-01-29,US_BULL
2025-01-30,US_BULL
2025-01-31,US_BULL
2025-02-03,US_BULL
2025-02-04,US_BULL
2025-02-05,US_BULL
2025-02-06,US_BULL
2025-02-07,US_BULL
2025-02-10,US_BULL
2025-02-11,US_BULL
2025-02-12,US_BULL
2025-02-13,US_BULL
2025-02-14,US_BULL
2025-02-18,US_BULL
2025-02-19,US_BULL
2025-02-20,US_BULL
2025-02-21,US_BULL
2025-02-24,US_BULL
2025-02-25,US_BULL
2025-02-26,US_BULL
2025-02-27,US_BULL
2025-02-28,US_BULL
2025-03-03,US_BULL
2025-03-04,US_BULL
2025-03-05,US_BULL
2025-03-06,US_BULL
2025-03-07,MIXED
2025-03-10,MIXED
2025-03-11,MIXED
2025-03-12,MIXED
2025-03-13,MIXED
2025-03-14,INFLATION
2025-03-17,INFLATION
2025-03-18,INFLATION
2025-03-19,INFLATION
2025-03-20,INFLATION
2025-03-21,INFLATION
2025-03-24,INFLATION
2025-03-25,INFLATION
2025-03-26,INFLATION
2025-03-27,INFLATION
2025-03-28,INFLATION
2025-03-31,INFLATION
2025-04-01,INFLATION
2025-04-02,INFLATION
2025-04-03,INFLATION
2025-04-04,RISK_OFF
2025-04-07,RISK_OFF
2025-04-08,RISK_OFF
2025-04-09,RISK_OFF
2025-04-10,RISK_OFF
2025-04-11,RISK_OFF
2025-04-14,RISK_OFF
2025-04-15,RISK_OFF
2025-04-16,RISK_OFF
2025-04-17,INFLATION
2025-04-21,INFLATION
2025-04-22,INFLATION
2025-04-23,INFLATION
2025-04-24,INFLATION
2025-04-25,INFLATION
2025-04-28,INFLATION
2025-04-29,INFLATION
2025-04-30,INFLATION
2025-05-01,INFLATION
2025-05-02,INFLATION
2025-05-05,INFLATION
2025-05-06,INFLATION
2025-05-07,INFLATION
2025-05-08,INFLATION
2025-05-09,INFLATION
2025-05-12,INFLATION
2025-05-13,INFLATION
2025-05-14,INFLATION
2025-05-15,INFLATION
2025-05-16,US_BULL
2025-05-19,US_BULL
2025-05-20,US_BULL
2025-05-21,US_BULL
2025-05-22,US_BULL
2025-05-23,US_BULL
2025-05-26,US_BULL
2025-05-27,US_BULL
2025-05-28,US_BULL
2025-05-29,US_BULL
2025-05-30,US_BULL
2025-06-02,US_BULL
2025-06-03,US_BULL
2025-06-04,US_BULL
2025-06-05,US_BULL
2025-06-06,US_BULL
2025-06-09,US_BULL
2025-06-10,US_BULL
2025-06-11,US_BULL
2025-06-12,US_BULL
2025-06-13,US_BULL
2025-06-16,US_BULL
2025-06-17,US_BULL
2025-06-18,US_BULL
2025-06-20,US_BULL
2025-06-23,US_BULL
2025-06-24,US_BULL
2025-06-25,US_BULL
2025-06-26,US_BULL
2025-06-27,US_BULL
2025-06-30,US_BULL
2025-07-01,US_BULL
2025-07-02,US_BULL
2025-07-03,US_BULL
2025-07-07,US_BULL
2025-07-08,US_BULL
2025-07-09,US_BULL
2025-07-10,US_BULL
2025-07-11,US_BULL
2025-07-14,US_BULL
2025-07-15,US_BULL
2025-07-16,US_BULL
2025-07-17,US_BULL
2025-07-18,US_BULL
2025-07-21,US_BULL
2025-07-22,US_BULL
2025-07-23,US_BULL
2025-07-24,US_BULL
2025-07-25,US_BULL
2025-07-28,US_BULL
2025-07-29,US_BULL
2025-07-30,US_BULL
2025-07-31,US_BULL
2025-08-01,US_BULL
2025-08-04,US_BULL
2025-08-05,US_BULL
2025-08-06,US_BULL
2025-08-07,US_BULL
2025-08-08,US_BULL
2025-08-11,US_BULL
2025-08-12,US_BULL
2025-08-13,US_BULL
2025-08-14,US_BULL
2025-08-15,US_BULL
2025-08-18,US_BULL
2025-08-19,US_BULL
2025-08-20,US_BULL
2025-08-21,US_BULL
2025-08-22,US_BULL
2025-08-25,US_BULL
2025-08-26,US_BULL
2025-08-27,US_BULL
2025-08-28,US_BULL
2025-08-29,US_BULL
2025-09-02,US_BULL
2025-09-03,US_BULL
2025-09-04,US_BULL
2025-09-05,US_BULL
2025-09-08,US_BULL
2025-09-09,US_BULL
2025-09-10,US_BULL
2025-09-11,US_BULL
2025-09-12,US_BULL
2025-09-15,US_BULL
2025-09-16,US_BULL
2025-09-17,US_BULL
2025-09-18,US_BULL
2025-09-19,US_BULL
2025-09-22,US_BULL
2025-09-23,US_BULL
2025-09-24,US_BULL
2025-09-25,US_BULL
2025-09-26,US_BULL
2025-09-29,US_BULL
2025-09-30,US_BULL
2025-10-01,US_BULL
2025-10-02,US_BULL
2025-10-03,US_BULL
2025-10-06,US_BULL
2025-10-07,US_BULL
2025-10-08,US_BULL
2025-10-09,US_BULL
2025-10-10,US_BULL
2025-10-13,US_BULL
2025-10-14,US_BULL
2025-10-15,US_BULL
2025-10-16,US_BULL
2025-10-17,US_BULL
2025-10-20,US_BULL
2025-10-21,US_BULL
2025-10-22,US_BULL
2025-10-23,US_BULL
2025-10-24,US_BULL
2025-10-27,US_BULL
2025-10-28,US_BULL
2025-10-29,US_BULL
2025-10-30,US_BULL
2025-10-31,US_BULL
2025-11-03,US_BULL
2025-11-04,US_BULL
2025-11-05,US_BULL
2025-11-06,US_BULL
2025-11-07,US_BULL
2025-11-10,US_BULL
2025-11-11,US_BULL
2025-11-12,US_BULL
2025-11-13,US_BULL
2025-11-14,US_BULL
2025-11-17,US_BULL
2025-11-18,US_BULL
2025-11-19,US_BULL
2025-11-20,US_BULL
2025-11-21,US_BULL
2025-11-24,US_BULL
2025-11-25,US_BULL
2025-11-26,US_BULL
2025-11-28,US_BULL
2025-12-01,US_BULL
2025-12-02,US_BULL
2025-12-03,US_BULL
2025-12-04,US_BULL
2025-12-05,US_BULL
2025-12-08,US_BULL
2025-12-09,US_BULL
2025-12-10,US_BULL
2025-12-11,US_BULL
2025-12-12,US_BULL
2025-12-15,US_BULL
2025-12-16,US_BULL
2025-12-17,US_BULL
2025-12-18,US_BULL
2025-12-19,US_BULL
2025-12-22,US_BULL
2025-12-23,US_BULL
2025-12-24,US_BULL
2025-12-26,US_BULL
2025-12-29,US_BULL
2025-12-30,US_BULL
2025-12-31,US_BULL
2026-01-02,US_BULL
2026-01-05,US_BULL
2026-01-06,US_BULL
2026-01-07,US_BULL
2026-01-08,US_BULL
2026-01-09,US_BULL
2026-01-12,US_BULL
2026-01-13,US_BULL
2026-01-14,US_BULL
2026-01-15,US_BULL
2026-01-16,US_BULL
2026-01-20,US_BULL
2026-01-21,US_BULL
2026-01-22,US_BULL
2026-01-23,US_BULL
2026-01-26,US_BULL
2026-01-27,US_BULL
2026-01-28,US_BULL
2026-01-29,US_BULL
2026-01-30,US_BULL
2026-02-02,US_BULL
2026-02-03,US_BULL
2026-02-04,US_BULL
2026-02-05,US_BULL
2026-02-06,BROAD_BULL
2026-02-09,BROAD_BULL
2026-02-10,BROAD_BULL
2026-02-11,BROAD_BULL
2026-02-12,BROAD_BULL
2026-02-13,BROAD_BULL
2026-02-17,BROAD_BULL
2026-02-18,BROAD_BULL
2026-02-19,BROAD_BULL
2026-02-20,BROAD_BULL
2026-02-23,BROAD_BULL
2026-02-24,BROAD_BULL
2026-02-25,BROAD_BULL
2026-02-26,BROAD_BULL
2026-02-27,BROAD_BULL
2026-03-02,BROAD_BULL
2026-03-03,BROAD_BULL
2026-03-04,BROAD_BULL
2026-03-05,BROAD_BULL
2026-03-06,US_BULL
2026-03-09,US_BULL
2026-03-10,US_BULL
2026-03-11,US_BULL
2026-03-12,US_BULL
2026-03-13,US_BULL
2026-03-16,US_BULL
2026-03-17,US_BULL
2026-03-18,US_BULL
2026-03-19,US_BULL
2026-03-20,INFLATION
2026-03-23,INFLATION
2026-03-24,INFLATION
2026-03-25,INFLATION
2026-03-26,INFLATION
2026-03-27,INFLATION
2026-03-30,INFLATION
2026-03-31,INFLATION
2026-04-01,INFLATION
2026-04-02,INFLATION
2026-04-06,INFLATION
2026-04-07,INFLATION
2026-04-08,INFLATION
2026-04-09,INFLATION
2026-04-10,BROAD_BULL
2026-04-13,BROAD_BULL
2026-04-14,BROAD_BULL
2026-04-15,BROAD_BULL
2026-04-16,BROAD_BULL
2026-04-17,US_BULL
2026-04-20,US_BULL
2026-04-21,US_BULL
2026-04-22,US_BULL
2026-04-23,US_BULL
2026-04-24,US_BULL
2026-04-27,US_BULL
2026-04-28,US_BULL
2026-04-29,US_BULL
2026-04-30,US_BULL
2026-05-01,US_BULL
2026-05-04,US_BULL
2026-05-05,US_BULL
2026-05-06,US_BULL
2026-05-07,US_BULL
2026-05-08,US_BULL
2026-05-11,US_BULL
2026-05-12,US_BULL
2026-05-13,US_BULL
2026-05-14,US_BULL
2026-05-15,US_BULL
2026-05-18,US_BULL
2026-05-19,US_BULL
2026-05-20,US_BULL
2026-05-21,US_BULL
2026-05-22,US_BULL
2026-05-25,US_BULL
2026-05-26,US_BULL
2026-05-27,US_BULL
2026-05-28,US_BULL
2026-05-29,US_BULL
