Start_Date,Duration_Years,CAGR,MaxDD,Final_Equity_Factor
2007-12-01,18.587268993839835,0.13725853338520877,-0.2635360639127433,10.921192314734835
2008-01-01,18.507871321013006,0.1375269168375446,-0.2635360639127433,10.857544276811621
2008-02-01,18.425735797399042,0.13745174123889892,-0.2635360639127433,10.730162756989348
2008-03-01,18.340862422997947,0.13698067811861092,-0.2635360639127431,10.53318348413546
2008-04-01,18.261464750171115,0.13890307721294115,-0.2635360639127433,10.753035833338595
2008-05-01,18.17932922655715,0.13956382078240037,-0.2635360639127432,10.75153930228849
2008-06-01,18.091718001368925,0.13937932567400702,-0.2635360639127433,10.598088284622817
2008-07-01,18.012320328542096,0.14001110947107476,-0.2635360639127432,10.594114027473914
2008-08-01,17.927446954141,0.14129998493909124,-0.2635360639127432,10.691338412540665
2008-09-01,17.83983572895277,0.14376589957484098,-0.2635360639127433,10.983103362509512
2008-10-01,17.760438056125942,0.1433483310365533,-0.2635360639127433,10.79634488160915
2008-11-01,17.67008898015058,0.1480252809286151,-0.2635360639127432,11.464298593541129
2008-12-01,17.593429158110883,0.14817100226626767,-0.2635360639127432,11.36897768630083
2009-01-01,17.505817932922657,0.14589954315505294,-0.2635360639127432,10.849473679882855
2009-02-01,17.420944558521562,0.14613914703693465,-0.2635360639127432,10.763921620674441
2009-03-01,17.34428473648186,0.14668676381164936,-0.2635360639127433,10.740574907152457
2009-04-01,17.2621492128679,0.1467616189815164,-0.2635360639127433,10.632475088269132
2009-05-01,17.180013689253936,0.14710505858954281,-0.2635360639127432,10.567778579554489
2009-06-01,17.09514031485284,0.14460262969855986,-0.2635360639127432,10.062618306264126
2009-07-01,17.013004791238878,0.14654568749951746,-0.2635360639127433,10.242962434702983
2009-08-01,16.922655715263517,0.1399507137460223,-0.2635360639127432,9.176212440111739
2009-09-01,16.843258042436688,0.14152763877990404,-0.2635360639127433,9.295201173703681
2009-10-01,16.761122518822724,0.14025474229181634,-0.2635360639127432,9.02434342297319
2009-11-01,16.673511293634498,0.14173024406938883,-0.2635360639127433,9.11561049074103
2009-12-01,16.594113620807665,0.13797005908643412,-0.2635360639127432,8.539677365583712
2010-01-01,16.501026694045173,0.13516647976840135,-0.2635360639127432,8.101011390920691
2010-02-01,16.424366872005475,0.14162104934437414,-0.2635360639127432,8.80565977517815
2010-03-01,16.347707049965777,0.13875816940359198,-0.2635360639127433,8.366151445370429
2010-04-01,16.262833675564682,0.13498746466030043,-0.2635360639127433,7.839900371549958
2010-05-01,16.175222450376456,0.13156402310845383,-0.2635360639127432,7.383663327182915
2010-06-01,16.095824777549623,0.14449597239702916,-0.2635360639127432,8.77899897290422
2010-07-01,16.01368925393566,0.14753524686266095,-0.2635360639127433,9.058883919467917
2010-08-01,15.926078028747433,0.14843794368005514,-0.2635360639127433,9.0631101607122
2010-09-01,15.84394250513347,0.14916380416966324,-0.2635360639127432,9.050820653617983
2010-10-01,15.761806981519507,0.14627543669389098,-0.2635360639127433,8.600061461829453
2010-11-01,15.676933607118412,0.14185515931760762,-0.2635360639127433,8.001365560796252
2010-12-01,15.594798083504449,0.14105326047026256,-0.2635360639127432,7.828421360850001
2011-01-01,15.50444900752909,0.13942494106473657,-0.2635360639127433,7.566253355718972
2011-02-01,15.425051334702259,0.14030448643527738,-0.2635360639127433,7.577907094816077
2011-03-01,15.34839151266256,0.14029594445732618,-0.2635360639127432,7.501154950890353
2011-04-01,15.263518138261464,0.1418838477695028,-0.2635360639127432,7.577280606368745
2011-05-01,15.178644763860369,0.14014407364088854,-0.2635360639127433,7.321019621896661
2011-06-01,15.096509240246407,0.14462717560133087,-0.2635360639127432,7.68462028896772
2011-07-01,15.014373716632443,0.1469228381458869,-0.2635360639127432,7.831928945091486
2011-08-01,14.929500342231348,0.1487069481970349,-0.2635360639127432,7.923079042682821
2011-09-01,14.844626967830253,0.1487277968603502,-0.2635360639127433,7.832507787660204
2011-10-01,14.757015742642025,0.15224570458320685,-0.2635360639127433,8.095095511766239
2011-11-01,14.677618069815194,0.15239214033541826,-0.2635360639127433,8.019466810623065
2011-12-01,14.595482546201232,0.15318003405407032,-0.2635360639127432,8.006049190475428
2012-01-01,14.505133470225873,0.15578731833477555,-0.2635360639127432,8.166814544945547
2012-02-01,14.425735797399042,0.15224792387399577,-0.2635360639127433,7.724055530256177
2012-03-01,14.346338124572211,0.148676985074639,-0.2635360639127432,7.304991404132265
2012-04-01,14.258726899383984,0.14524540320476742,-0.2635360639127432,6.915418110890798
2012-05-01,14.179329226557153,0.14716385597008586,-0.2635360639127432,7.005658416611567
2012-06-01,14.094455852156058,0.1542036024591149,-0.2635360639127432,7.548086983294422
2012-07-01,14.009582477754963,0.15411472996033604,-0.2635360639127433,7.448730730660186
2012-08-01,13.927446954140999,0.15513917068091243,-0.2635360639127432,7.453084479504535
2012-09-01,13.834360027378509,0.15237209064176738,-0.2635360639127432,7.113707813675107
2012-10-01,13.760438056125942,0.1526557430770321,-0.2635360639127433,7.063399627925988
2012-11-01,13.675564681724847,0.15523866918199625,-0.2635360639127432,7.195668164993744
2012-12-01,13.587953456536619,0.15738117376807392,-0.2635360639127432,7.286425949623319
2013-01-01,13.505817932922655,0.15581263566561265,-0.2635360639127433,7.068809660049034
2013-02-01,13.423682409308693,0.15573512731944184,-0.2635360639127432,6.978949177863911
2013-03-01,13.347022587268993,0.1564894352137094,-0.2635360639127432,6.962308970760083
2013-04-01,13.262149212867898,0.15618137617281413,-0.2635360639127433,6.852669889305666
2013-05-01,13.180013689253936,0.15652348507864322,-0.2635360639127432,6.797928585773308
2013-06-01,13.089664613278575,0.1537672960970351,-0.2635360639127432,6.502894767478968
2013-07-01,13.013004791238878,0.15804083104766486,-0.2635360639127432,6.748994216598111
2013-08-01,12.928131416837783,0.15576882584524054,-0.2635360639127432,6.498367119482875
2013-09-01,12.837782340862423,0.1571384878615354,-0.2635360639127432,6.51219183849318
2013-10-01,12.761122518822724,0.15427791354555676,-0.2635360639127432,6.239509738200528
2013-11-01,12.676249144421629,0.15092045861660086,-0.2635360639127433,5.940535012378013
2013-12-01,12.591375770020534,0.15079153782327248,-0.2635360639127432,5.861811696038766
2014-01-01,12.506502395619439,0.14910203596657845,-0.2635360639127432,5.68689097111627
2014-02-01,12.41889117043121,0.15421720551554063,-0.2635360639127433,5.936660709428622
2014-03-01,12.342231348391513,0.14833534286637118,-0.2635360639127432,5.5129262314847765
2014-04-01,12.262833675564682,0.1490568726590895,-0.2635360639127433,5.494878331265638
2014-05-01,12.180698151950718,0.15129039599085492,-0.2635360639127432,5.562558313720271
2014-06-01,12.093086926762492,0.14849310295748763,-0.2635360639127433,5.335042271269335
2014-07-01,12.013689253935661,0.14347676738358528,-0.2635360639127433,5.006396380779005
2014-08-01,11.928815879534566,0.14622346097394434,-0.2635360639127433,5.093455169553244
2014-09-01,11.841204654346338,0.14411781081466235,-0.2635360639127431,4.924521920115317
2014-10-01,11.761806981519507,0.14726041380009325,-0.2635360639127433,5.031911895101134
2014-11-01,11.671457905544148,0.14849879865109705,-0.2635360639127433,5.032816867820636
2014-12-01,11.594798083504449,0.14623280467997501,-0.2635360639127432,4.866946111672151
2015-01-01,11.507186858316222,0.14874936888802548,-0.2635360639127432,4.932006238473977
2015-02-01,11.422313483915127,0.14855758498326366,-0.2635360639127433,4.8650111942165575
2015-03-01,11.345653661875428,0.14836159969110518,-0.2635360639127432,4.804317349149074
2015-04-01,11.263518138261464,0.152714119989539,-0.2635360639127433,4.956812687535449
2015-05-01,11.181382614647502,0.15239558835684042,-0.2635360639127433,4.88417160276372
2015-06-01,11.096509240246407,0.1536719783909266,-0.2635360639127432,4.885368249433994
2015-07-01,11.014373716632443,0.15973663862229892,-0.2635360639127433,5.115383968614607
2015-08-01,10.924024640657084,0.15893906663333346,-0.2635360639127433,5.009560232199296
2015-09-01,10.844626967830253,0.16215997055374265,-0.2635360639127432,5.1025171721200895
2015-10-01,10.76249144421629,0.1640990342186326,-0.2635360639127433,5.131165770707081
2015-11-01,10.674880219028063,0.1620216399333545,-0.2635360639127433,4.967683778896729
2015-12-01,10.595482546201232,0.16426024631207548,-0.2635360639127432,5.009937988033722
2016-01-01,10.50239561943874,0.16984886154777756,-0.2635360639127433,5.194283614023713
2016-02-01,10.425735797399042,0.1706716490800373,-0.2635360639127432,5.169949264305914
2016-03-01,10.346338124572211,0.16904900436725634,-0.2635360639127432,5.032922227458571
2016-04-01,10.261464750171116,0.16980089106475416,-0.2635360639127432,4.99952048071435
2016-05-01,10.17659137577002,0.17103052005104646,-0.2635360639127432,4.98644112521935
2016-06-01,10.094455852156058,0.17316089900636777,-0.2635360639127433,5.013338465664433
2016-07-01,10.012320328542094,0.17495183208983311,-0.2635360639127433,5.024158108892473
2016-08-01,9.927446954140999,0.16992431079245618,-0.2635360639127432,4.749332797071378
2016-09-01,9.842573579739904,0.1698849270058287,-0.2635360639127431,4.684938814999271
2016-10-01,9.754962354551678,0.1674895464213182,-0.2635360639127432,4.529502350478376
2016-11-01,9.675564681724847,0.17210133937379513,-0.2635360639127432,4.648115249794446
2016-12-01,9.593429158110883,0.17630025457097642,-0.2635360639127432,4.748006116999789
2017-01-01,9.503080082135524,0.1735722515885536,-0.2635360639127433,4.576753297061702
2017-02-01,9.423682409308693,0.17029519059675047,-0.2635360639127433,4.401435588374074
2017-03-01,9.347022587268993,0.16502861607528518,-0.2635360639127432,4.1691702677310145
2017-04-01,9.256673511293634,0.16513008664751538,-0.2635360639127433,4.115345555067559
2017-05-01,9.180013689253936,0.1628129883240208,-0.2635360639127433,3.9937561187042996
2017-06-01,9.095140314852841,0.1589211767287575,-0.2635360639127432,3.824539903298428
2017-07-01,9.007529089664613,0.16750696440473534,-0.2635360639127433,4.0349831152976545
2017-08-01,8.928131416837783,0.1633275626902102,-0.2635360639127433,3.860079511579523
2017-09-01,8.843258042436688,0.16111360913598727,-0.2635360639127433,3.7471738987232217
2017-10-01,8.758384668035593,0.16307652037412068,-0.2635360639127432,3.755109693039643
2017-11-01,8.676249144421629,0.15842248140462578,-0.2635360639127432,3.5820018575078523
2017-12-01,8.594113620807667,0.15841028951282787,-0.2635360639127432,3.5386758098858926
2018-01-01,8.506502395619439,0.15741857667527248,-0.2635360639127432,3.468020473627508
2018-02-01,8.424366872005475,0.1531174883712707,-0.2635360639127433,3.3208217036114553
2018-03-01,8.347707049965777,0.16001015440368604,-0.2635360639127432,3.4522969664737135
2018-04-01,8.260095824777549,0.16985174997272412,-0.2635360639127432,3.6539885036354356
2018-05-01,8.180698151950718,0.17004313303900487,-0.2635360639127432,3.613590442661554
2018-06-01,8.095824777549623,0.16437720610978102,-0.2635360639127432,3.428332804450649
2018-07-01,8.010951403148528,0.16783786916441001,-0.2635360639127433,3.465759039596851
2018-08-01,7.928815879534565,0.16729563401691827,-0.2635360639127432,3.4092957627858724
2018-09-01,7.835728952772074,0.16427724404556066,-0.2635360639127433,3.29306359707007
2018-10-01,7.761806981519507,0.16648631165528327,-0.2635360639127433,3.3045087780462916
2018-11-01,7.676933607118412,0.18016086476764714,-0.2635360639127432,3.5668749564608557
2018-12-01,7.5893223819301845,0.18261308136951326,-0.2635360639127433,3.5713019512046342
2019-01-01,7.507186858316222,0.18376086008674575,-0.2635360639127432,3.548185856419522
2019-02-01,7.425051334702259,0.1835613509661802,-0.2635360639127432,3.4949845546241773
2019-03-01,7.34839151266256,0.18479948451082073,-0.2635360639127432,3.47673219223318
2019-04-01,7.263518138261465,0.1803845059001954,-0.2635360639127433,3.335369859868989
2019-05-01,7.181382614647502,0.17933614890572702,-0.2635360639127433,3.2693174462702443
2019-06-01,7.091033538672143,0.19958366482934253,-0.2635360639127432,3.634195048003815
2019-07-01,7.014373716632443,0.19836094753333544,-0.2635360639127433,3.5583046687369455
2019-08-01,6.929500342231348,0.19756145352782872,-0.2635360639127432,3.487905359543744
2019-09-01,6.839151266255989,0.20073798461030035,-0.2635360639127432,3.49428719007216
2019-10-01,6.76249144421629,0.20686771387456582,-0.2635360639127433,3.5663405720675874
2019-11-01,6.677618069815195,0.20054840903566884,-0.2635360639127432,3.3889656159234756
2019-12-01,6.5927446954141,0.20220653678371625,-0.2635360639127433,3.367299056290869
2020-01-01,6.507871321013004,0.1884140299527135,-0.2635360639127431,3.0752512391141145
2020-02-01,6.420260095824777,0.18696633342354163,-0.2635360639127433,3.0054803683081612
2020-03-01,6.3436002737850785,0.20467004879608153,-0.2635360639127432,3.2583293653698937
2020-04-01,6.261464750171116,0.21498463884458663,-0.2635360639127432,3.384831099616296
2020-05-01,6.179329226557153,0.2132650428252285,-0.2635360639127432,3.3020969196397076
2020-06-01,6.094455852156058,0.2089888417955239,-0.2635360639127433,3.179208592749458
2020-07-01,6.012320328542095,0.20414547538995698,-0.2635360639127433,3.055397648791196
2020-08-01,5.921971252566735,0.1886682918638345,-0.2635360639127432,2.7829613621624096
2020-09-01,5.842573579739904,0.1763703271388175,-0.2635360639127432,2.583204976806113
2020-10-01,5.760438056125941,0.1988035706113851,-0.2635360639127433,2.8419938661359394
2020-11-01,5.672826830937714,0.2252848755063226,-0.2635360639127433,3.1663114677257846
2020-12-01,5.593429158110883,0.20851986223789631,-0.2635360639127432,2.884567867383755
2021-01-01,5.500342231348392,0.20538137545087332,-0.2635360639127432,2.793909831309143
2021-02-01,5.423682409308693,0.1978999389229792,-0.2635360639127432,2.662736051519415
2021-03-01,5.347022587268994,0.2000287158522347,-0.2635360639127433,2.6511816184837067
2021-04-01,5.262149212867898,0.19846341272248202,-0.2635360639127432,2.592598857635982
2021-05-01,5.174537987679671,0.20147233094276795,-0.2635360639127432,2.5851273979125033
2021-06-01,5.0951403148528405,0.20522333745075216,-0.2635360639127432,2.588513614251946
2021-07-01,5.0130047912388775,0.19946225662021755,-0.2635360639127433,2.4886288823487717
2021-08-01,4.9253935660506505,0.19538481659786378,-0.2635360639127432,2.4085524077218414
2021-09-01,4.843258042436688,0.18562353497009632,-0.2635360639127432,2.281095616553739
2021-10-01,4.761122518822724,0.2019295563042336,-0.2635360639127433,2.400566696202136
2021-11-01,4.676249144421629,0.19780988001132727,-0.2635360639127433,2.3257407813795647
2021-12-01,4.594113620807666,0.1954854302177813,-0.2559112588414775,2.2711575793100587
2022-01-01,4.503764544832307,0.19240096437926035,-0.2524282905296886,2.2089614102386674
2022-02-01,4.424366872005476,0.22395358498551365,-0.1895314393612375,2.445143385463585
2022-03-01,4.347707049965777,0.232124661737108,-0.1726826858475452,2.478220027494579
2022-04-01,4.262833675564682,0.2391150909391384,-0.1726826858475451,2.4941321524626834
2022-05-01,4.177960301163586,0.2699151698208557,-0.1245661644667484,2.7137299219683695
2022-06-01,4.095824777549623,0.27779524622655893,-0.1245661644667484,2.7292712457675825
2022-07-01,4.01368925393566,0.2934549102891528,-0.12456616446674829,2.8088915217790826
2022-08-01,3.9288158795345653,0.30002678273473005,-0.1245661644667484,2.8034809164129393
2022-09-01,3.8439425051334704,0.31910806831588934,-0.1245661644667484,2.8996852042178722
2022-10-01,3.756331279945243,0.32872074131235873,-0.12456616446674851,2.908425356914731
2022-11-01,3.676933607118412,0.34008492601943985,-0.1245661644667484,2.9339797190350936
2022-12-01,3.594798083504449,0.3422718440674468,-0.1245661644667484,2.8811157982730213
2023-01-01,3.5044490075290895,0.3593627780876849,-0.12456616446674829,2.9326958113986445
2023-02-01,3.4250513347022586,0.33697368591970833,-0.1245661644667484,2.703816840858517
2023-03-01,3.34839151266256,0.35881548228671933,-0.1245661644667484,2.791730189560254
2023-04-01,3.2580424366872007,0.34136661295899406,-0.12456616446674851,2.603485378521594
2023-05-01,3.1813826146475015,0.3509550824430743,-0.1245661644667484,2.603866524406648
2023-06-01,3.0965092402464065,0.31529630228281147,-0.1245661644667484,2.3364563649024497
2023-07-01,3.0088980150581794,0.3041969175233823,-0.1245661644667484,2.2235957408447846
2023-08-01,2.9295003422313486,0.29443503945304217,-0.12456616446674851,2.1298016611076065
2023-09-01,2.844626967830253,0.3139099460166259,-0.1245661644667484,2.1740769104469444
2023-10-01,2.759753593429158,0.35151310627624244,-0.12456616446674829,2.2963161863603543
2023-11-01,2.6776180698151952,0.37910598282885544,-0.1245661644667484,2.3647714317452464
2023-12-01,2.595482546201232,0.34411133477863753,-0.12456616446674829,2.1545244789995897
2024-01-01,2.507871321013005,0.3418238970568781,-0.12456616446674829,2.0904699919163
2024-02-01,2.425735797399042,0.31711339420602935,-0.12456616446674829,1.9506268442893633
2024-03-01,2.346338124572211,0.28996149358793666,-0.1245661644667484,1.8173996324091801
2024-04-01,2.2614647501711156,0.2987112413269972,-0.1245661644667484,1.8059459279717225
2024-05-01,2.1793292265571527,0.3301864097888252,-0.12456616446674829,1.8622850068690504
2024-06-01,2.088980150581793,0.30886148506283573,-0.12456616446674829,1.754642298081484
2024-07-01,2.0123203285420943,0.27341832752738826,-0.12456616446674829,1.6264303527989428
2024-08-01,1.9274469541409993,0.31177335387493477,-0.11843245991570561,1.687200107277415
2024-09-01,1.83709787816564,0.3315072529075611,-0.11843245991570572,1.6921203441484864
2024-10-01,1.7604380561259412,0.3239919437865284,-0.11843245991570561,1.6389722311809867
2024-11-01,1.675564681724846,0.3302766892950326,-0.11843245991570572,1.6131427693000644
2024-12-01,1.5906913073237507,0.3211129467147451,-0.11843245991570561,1.5573209461645807
2025-01-01,1.5058179329226558,0.3484938336551311,-0.11843245991570561,1.5686602797732967
2025-02-01,1.4182067077344285,0.3336941992426474,-0.11843245991570561,1.5043733454855293
2025-03-01,1.3415468856947297,0.4054437108087081,-0.10535039402543456,1.578696630920587
2025-04-01,1.2621492128678986,0.47569777076396336,-0.10535039402543456,1.6341802675798283
2025-05-01,1.1800136892539357,0.49755112098967125,-0.10535039402543456,1.610470431774165
2025-06-01,1.0924024640657084,0.48833647155807514,-0.10535039402543456,1.544042085727413
2025-07-01,1.0130047912388775,0.43081526497317046,-0.10535039402543467,1.4374968333234517
