,CAGR,MaxDD
0,0.24352187995491836,-0.18615151610994152
1,0.15268517169532103,-0.21558755171328137
2,0.10616278222251818,-0.21688877146116514
3,0.15754908105966137,-0.24720264060963382
4,0.09446515309953485,-0.2661961463320628
5,0.16696076014648153,-0.20653244249283975
6,0.1648512795459114,-0.2095013269687106
7,0.14256843580912237,-0.24798167659871262
8,0.1554218927845401,-0.2817357291699163
9,0.13433867444487513,-0.20360009558158843
10,0.13822542649498537,-0.33596266714672574
11,0.1413073492387984,-0.28474118629970635
12,0.1381103468475655,-0.2603230917050058
13,0.1806090206622346,-0.20817182408803991
14,0.1548486767015187,-0.23776029786577912
15,0.12758836382540428,-0.19427145891707676
16,0.16508599103365085,-0.2689692999644312
17,0.1662274376292363,-0.21794827249582116
18,0.16665474497942845,-0.24412668258005488
19,0.12876430817731332,-0.23632625636304072
20,0.12741244526747697,-0.23585230270140833
21,0.1407559455801497,-0.23168543347564696
22,0.15902416104891826,-0.2849085175332893
23,0.12752386010825711,-0.2031379820850131
24,0.15057048487585156,-0.22999455349602493
25,0.18251803327979288,-0.23781887804624058
26,0.13692890984717798,-0.21973894511541947
27,0.13781416823901327,-0.23325396055680925
28,0.16379935528636635,-0.1955672745923296
29,0.14680332001714436,-0.22505404519943473
30,0.0805028021434564,-0.25833130612131283
31,0.124014519594432,-0.21740363032186394
32,0.13702720681955327,-0.23819486495573716
33,0.15502864701302754,-0.20766909598657735
34,0.11517769319236892,-0.2420384631464445
35,0.14766545951998,-0.20984731796542266
36,0.12451580147519237,-0.24362268524315933
37,0.15962423333115483,-0.21723106336222153
38,0.2048152945748818,-0.19970738922153664
39,0.20111941864990723,-0.209847317965423
40,0.1561018937343588,-0.18924193269913914
41,0.10360660807212363,-0.2562887312348827
42,0.17375038388268194,-0.21093337187539996
43,0.09745741221381188,-0.25870626713563083
44,0.15779673620915102,-0.2535937266169972
45,0.14948983005623218,-0.21040632351266653
46,0.10475971355848612,-0.21382210015012615
47,0.15483524983867492,-0.18898597837792774
48,0.1468230042978107,-0.24271033490915195
49,0.11039423527584247,-0.18585672309121526
50,0.10985005453308028,-0.21861531619549213
51,0.1573508050265,-0.2619883210870989
52,0.15849495525423385,-0.27758687283676853
53,0.08954600082082087,-0.2666009404499494
54,0.12540706532395096,-0.2486414973443063
55,0.13887431366071046,-0.25881656084473215
56,0.13840600769865508,-0.2318309989474947
57,0.10341169192435573,-0.2837499431801327
58,0.13434314107322853,-0.22732686081178166
59,0.1186514745315892,-0.3181265131044584
60,0.07485945042774045,-0.2626849083596601
61,0.14421588939393604,-0.19425384076616747
62,0.21265404989574965,-0.20715482820012265
63,0.08741767729081507,-0.337890449482116
64,0.10716645264310554,-0.23961874103050096
65,0.13437361018363725,-0.32794055639108666
66,0.09651988502290831,-0.28356850163615077
67,0.1498426921095124,-0.36456910578792456
68,0.20633694729517238,-0.163253126432075
69,0.14821004070416977,-0.21681301134438136
70,0.14561159686297254,-0.2837499431801326
71,0.12505828628702687,-0.2138457216553843
72,0.06394202845537023,-0.244573675953212
73,0.1659291793548432,-0.3290805109499958
74,0.16664446576260294,-0.3375102279349501
75,0.168067459189694,-0.28746262168954084
76,0.15511236715618626,-0.25522713332177227
77,0.09689051265696591,-0.2295664892312682
78,0.12000799169849663,-0.17030659162304296
79,0.09586694166506038,-0.28164546411555913
80,0.1665001076968824,-0.2556266040500018
81,0.12918092524273406,-0.26246878308419663
82,0.19178567919161482,-0.1860667761548327
83,0.15631456422136392,-0.2051828582540285
84,0.10322198126468307,-0.21547779401194211
85,0.11950151104449525,-0.20746656976654287
86,0.12954644096446688,-0.2197437001553063
87,0.164870735125205,-0.2548039448438655
88,0.11912571695573737,-0.22592874179241051
89,0.1989634650575558,-0.25392082931760096
90,0.11992161064351592,-0.21704420878584818
91,0.1518443682758135,-0.22544628647734433
92,0.08206296284110337,-0.2471258370262731
93,0.10058147256740324,-0.21736259893056853
94,0.16437438343922994,-0.22145611958153388
95,0.12488122657473233,-0.2199813054792854
96,0.17437529844651078,-0.25833130612131305
97,0.12296740519766214,-0.221503723202503
98,0.185214377510184,-0.19425384076616714
99,0.17653683111747376,-0.20412393008447394
100,0.12019368124480057,-0.19400943152503658
101,0.11193111733415062,-0.20090780421333976
102,0.12325559980286016,-0.2796494469852818
103,0.1526679453041233,-0.24046575833614436
104,0.13883764452939795,-0.18998307812092674
105,0.1029038388182022,-0.22505404519943562
106,0.05826797900264902,-0.3237563826432729
107,0.1321994542812357,-0.23366543202859968
108,0.1527393436474802,-0.1962568362438054
109,0.2020335810547933,-0.2095013269687106
110,0.1349641066569358,-0.2695827823763802
111,0.10738238013084622,-0.2378188780462409
112,0.13890575756547108,-0.22222679036059567
113,0.18859553929196604,-0.2138457216553844
114,0.1382666244682882,-0.22441805015473504
115,0.1443366945139355,-0.19209947121419269
116,0.16344061701489898,-0.22441805015473482
117,0.12046057535507093,-0.19953475024916767
118,0.15440620106018987,-0.20755605670960386
119,0.12371900183757556,-0.20119087639467026
120,0.11998680097118442,-0.21368461985562315
121,0.17335156140875507,-0.21429229772993907
122,0.16825823379282556,-0.1974974420159855
123,0.15199173388524811,-0.20209996580365086
124,0.1561725880507685,-0.2670867896706304
125,0.1594793951006528,-0.2207279784769527
126,0.17799265244872453,-0.15792938682551638
127,0.133001835562365,-0.22727842566400847
128,0.11426817106943732,-0.22468375725592116
129,0.08848509806765059,-0.22584559635723778
130,0.16174888448339875,-0.22314218837999567
131,0.15550629166461039,-0.28438443638134625
132,0.1521447302937986,-0.20427523519421464
133,0.15600826611672924,-0.19620578409697864
134,0.13738444248543047,-0.31688847858521485
135,0.1440178307311537,-0.5283892015652787
136,0.1026108682898983,-0.22441805015473437
137,0.21633957006125137,-0.17535898020603324
138,0.1948516596621972,-0.23446633245918014
139,0.14173817254538945,-0.2152534084293497
140,0.15933271737474541,-0.2316553372847434
141,0.12861191845537934,-0.23248320851738058
142,0.14132233073339617,-0.2507744690226109
143,0.07867106807584778,-0.24078897871666782
144,0.12163924444832319,-0.3224415655697801
145,0.14777229424748795,-0.24268424909386022
146,0.10519558464807455,-0.2439873329510741
147,0.12642283454631187,-0.213184411903922
148,0.15170310046946822,-0.2174387345267238
149,0.16551097297787587,-0.2397577902993513
150,0.14889071778163387,-0.21250275338468527
151,0.12918373098702718,-0.26214090328177597
152,0.2163901019187935,-0.1950267705484534
153,0.12990204337726707,-0.2509919535943035
154,0.09949909690435388,-0.24452136568538796
155,0.14861678883681662,-0.21725351083037436
156,0.15174676910154905,-0.2346607852369441
157,0.14053762474176446,-0.23717172836822564
158,0.11229338218100748,-0.2965846000768635
159,0.21539989035172158,-0.20418955485134782
160,0.12343159964732586,-0.31090928182371436
161,0.16561106338545994,-0.2557970006156163
162,0.17512279148004528,-0.24008718202118895
163,0.11413514088685872,-0.2856241242522075
164,0.11356536891902191,-0.2766709469697707
165,0.19726053247084252,-0.18878905317589245
166,0.16985987083139764,-0.2430337616587187
167,0.1830394489138527,-0.2214634545666182
168,0.12381407296127911,-0.20412393008447416
169,0.08612453039068635,-0.19533041824089592
170,0.09895208291319069,-0.3083345507552335
171,0.17545997987856987,-0.17742425896166458
172,0.09998714263025521,-0.30670188112947194
173,0.14476505189685085,-0.22039137611922832
174,0.15032254529983646,-0.18614189211529375
175,0.19680762035887112,-0.2233457749825426
176,0.16332008352283434,-0.19580417276386597
177,0.10354314535621367,-0.3652583827133701
178,0.10542293383549683,-0.22459786755576672
179,0.16960993918108191,-0.20671099113468583
180,0.09412642408085659,-0.27322046909745057
181,0.13910516776928983,-0.3997567007320987
182,0.10921643504062661,-0.22702626977488827
183,0.11266173713855765,-0.24170161426919912
184,0.13673649244141872,-0.18176179618117239
185,0.15515726523959072,-0.1895879748910695
186,0.11296938681247792,-0.16735231893922164
187,0.11094652715361031,-0.2188403058731181
188,0.13192315338411764,-0.31835183547454704
189,0.1453564715709874,-0.185089196024099
190,0.10444725230905738,-0.2252619822964247
191,0.18411049328836282,-0.20129133631609153
192,0.11523141068713771,-0.1616741399617272
193,0.14480553732642942,-0.2154777940119419
194,0.10089708424460953,-0.2042079265113078
195,0.17045123983314392,-0.18206096607336097
196,0.15064156590895927,-0.1892452016354873
197,0.10728245984433782,-0.2311344157196703
198,0.15484486183890844,-0.2380432906348604
199,0.142074741617932,-0.2851235428467578
200,0.14561724634575368,-0.2181470218048176
201,0.11918622610450202,-0.1632588286073724
202,0.13318023031952486,-0.22866486010842335
203,0.1368167242053857,-0.20934326108233758
204,0.0934962969803439,-0.2388584510858146
205,0.18052204817767548,-0.18508919602409923
206,0.14206242161510918,-0.22158409154007208
207,0.1375311058203348,-0.21018473275745309
208,0.17549804164977822,-0.23404552066136364
209,0.2379349901029677,-0.2074984927051693
210,0.15012830098707264,-0.21393210291111053
211,0.18668927708311212,-0.14446900093286108
212,0.11755605963513283,-0.3071658643785511
213,0.18982710028713679,-0.21547779401194223
214,0.12344179977510494,-0.28232192324598493
215,0.14055561027596108,-0.258102388454996
216,0.12938387901356885,-0.24118583601996368
217,0.14139129640354242,-0.28374994318013236
218,0.14503189469511613,-0.20564731497279354
219,0.12584846489953128,-0.20045953361478608
220,0.08910402759561964,-0.23409588582047713
221,0.11193428914965198,-0.20129133631609164
222,0.15927919721487283,-0.23147292983463763
223,0.07086512710171755,-0.23769895744346858
224,0.09536201105775177,-0.2743719192272259
225,0.15429191720978586,-0.27461626783143145
226,0.1458229154458075,-0.2197437001553062
227,0.12580929539098928,-0.24813855136550123
228,0.14664248579298622,-0.1577220262646536
229,0.14232469073610576,-0.18837395146743552
230,0.16687129581025983,-0.2623475438252726
231,0.14533465669445156,-0.2448976097848452
232,0.18342218640939878,-0.21736259893056875
233,0.18451239907172745,-0.24078897871666816
234,0.18424554037373087,-0.19773984782615184
235,0.1147956350629491,-0.2537463287720304
236,0.1583362047326251,-0.3238884296643446
237,0.10533990398635851,-0.28106940993222507
238,0.12033994512749202,-0.27802901163363447
239,0.21098852863893414,-0.2168130113443818
240,0.12124426371290697,-0.22251405749926378
241,0.18668859663872528,-0.2176435901310949
242,0.10995752640462175,-0.2524496903157094
243,0.1310805160629942,-0.31476520542916053
244,0.12714876452793256,-0.18763628108120034
245,0.1108136572713101,-0.21392941538080568
246,0.16272735683779604,-0.1538781005445936
247,0.09382561431423819,-0.31618402016227065
248,0.11099172285759029,-0.24078897871666816
249,0.11795283513461752,-0.2805756244398917
250,0.11417660952404662,-0.3420572794373604
251,0.14324066376412392,-0.30166703468899414
252,0.13790662260461617,-0.25560898123661857
253,0.17426943327072042,-0.19086955109976955
254,0.1747507320254036,-0.209966171918607
255,0.1718345721300194,-0.2244180501547347
256,0.13376686564378448,-0.2206540710745607
257,0.1328653033579592,-0.24599592164831796
258,0.14173727704453842,-0.37766540691682404
259,0.1927530893366025,-0.25074420915319073
260,0.13515479351416992,-0.3202576235106769
261,0.1539757908382824,-0.2604134263826443
262,0.19325346881804428,-0.19425384076616747
263,0.12644787699693305,-0.1977362515825326
264,0.170635758540296,-0.23154056426881597
265,0.0933308327017992,-0.22335997573817412
266,0.10072113261687399,-0.2723536415840616
267,0.11351152809901732,-0.2085908199925487
268,0.1431708051497409,-0.20334723117296083
269,0.13471049752360953,-0.2506152456520384
270,0.19913286144761266,-0.25772352192307635
271,0.19447765808308892,-0.21975339542199468
272,0.15685740591865538,-0.20041501606667944
273,0.08684089409434215,-0.28146657213488124
274,0.16277818591545423,-0.21301800322943942
275,0.10273378988359494,-0.2529808728374171
276,0.1680243777471384,-0.24229042666302347
277,0.1538566084678421,-0.26449366317017187
278,0.19142471886106116,-0.21420500112554663
279,0.08038130821847211,-0.280933261175616
280,0.20797630463731576,-0.1838787659156833
281,0.12023604995413595,-0.2955874025747889
282,0.19220745562213537,-0.17831240494466094
283,0.2028395865367827,-0.20916352334939692
284,0.11867028080155251,-0.22722391746147308
285,0.08875272512856047,-0.27447025806094016
286,0.12301787027264499,-0.2603672843756416
287,0.11667115490172253,-0.3284446030460001
288,0.15258360401477922,-0.2515525727068034
289,0.146368014316554,-0.22312657731751928
290,0.16488419960053124,-0.23512288709586493
291,0.107416299890845,-0.27085671373252806
292,0.09477973777684423,-0.26694984390903287
293,0.11565268623628078,-0.2468534721529695
294,0.06871840151345854,-0.33203989419096114
295,0.1459703142437414,-0.21736259893056875
296,0.15678512182019078,-0.24078526891842678
297,0.1876754089967605,-0.28410757896426997
298,0.10963185958656352,-0.26032309170500634
299,0.164587562454515,-0.28374994318013247
300,0.1548569324050053,-0.24229042666302358
301,0.15425761884026912,-0.2423454837279857
302,0.12642157384377484,-0.20518285825402816
303,0.15761156401874943,-0.17142440193370267
304,0.15300795008534918,-0.20052507906204942
305,0.17324362526645154,-0.19256868168077956
306,0.16855197008040412,-0.20600727184391898
307,0.1948217186783856,-0.19329338175326738
308,0.1585909833912913,-0.2630422259507381
309,0.11082537003024617,-0.2450987357218466
310,0.17175675341783725,-0.16215472864634883
311,0.08424393598721958,-0.33175133613436447
312,0.15603699910593494,-0.25833130612131283
313,0.14396403471227526,-0.1928120971276982
314,0.1032858281792497,-0.29970382601410805
315,0.1058264664049906,-0.3107101381689382
316,0.1578481498995945,-0.22068589060848165
317,0.16040649356151926,-0.23407307092843666
318,0.14149470534982966,-0.21077021658009776
319,0.09360580758426718,-0.2530032691025613
320,0.1158606326631395,-0.281559654121055
321,0.20503280341209518,-0.1356299408479421
322,0.18100076416125144,-0.135629940847942
323,0.0930451996424062,-0.2165019304942798
324,0.1332865766465503,-0.2500865896308082
325,0.07409834630044765,-0.32139410193495943
326,0.10815174201974376,-0.3072087115827119
327,0.17925572899798947,-0.24716294802755678
328,0.1845116362486734,-0.2204635240258941
329,0.16783294062340715,-0.24124641423534243
330,0.18775343582041337,-0.17311287152877286
331,0.1290091585226132,-0.21256490270590667
332,0.1657062154248512,-0.19840601198865937
333,0.09873098617086495,-0.31284270574125506
334,0.13286245530104512,-0.2674844512563008
335,0.12997865820594878,-0.1717065437771571
336,0.12962828482710154,-0.2789642980143445
337,0.11488215425941473,-0.24720278586114464
338,0.12574588428001188,-0.2849579893215177
339,0.1668004693277434,-0.21262110009213597
340,0.14744573054045707,-0.2586772539589218
341,0.10619468727172077,-0.1793575570710092
342,0.15316124756442884,-0.21176095894057878
343,0.13789070154749727,-0.22866486010842335
344,0.19656062347914216,-0.2146584224608601
345,0.1385238095213408,-0.21384572165538462
346,0.16519951902966423,-0.17857247733316406
347,0.166649039405816,-0.26751572726689365
348,0.17350332918230627,-0.15782817684172412
349,0.10900160012880278,-0.27409509327366355
350,0.1448157063641875,-0.2595668254391178
351,0.11265626248659122,-0.23704833580796358
352,0.18069944050258546,-0.17814180496448295
353,0.13151434054367916,-0.19562067551110673
354,0.1355015934625241,-0.1916285360837242
355,0.1520584569893073,-0.21871699984683612
356,0.1345388543365431,-0.24158601213145947
357,0.14258466298311,-0.3568985796393892
358,0.11416993048055168,-0.3311440589021569
359,0.10213024602635645,-0.1960409445586181
360,0.15787188665999485,-0.17952629859078506
361,0.15054389801711787,-0.24066855534350995
362,0.11378337638715941,-0.20505057806538385
363,0.1460447936608653,-0.21723106336222187
364,0.16813556625924142,-0.15755875287339505
365,0.15426657675780686,-0.21609264654065052
366,0.1741367015652473,-0.25833130612131305
367,0.09492473379589339,-0.3068994759501569
368,0.10785176302164912,-0.24985574327868498
369,0.15215185117386754,-0.3240175398233911
370,0.14533432221163678,-0.20356664071373254
371,0.16454305897687882,-0.19425384076616758
372,0.1225762566867794,-0.22115624913656395
373,0.10312256336286851,-0.22720687352672708
374,0.09994425017401287,-0.24234105432947417
375,0.14580445174252032,-0.23079223940664906
376,0.11119936814338205,-0.2282045927172719
377,0.18405747433594755,-0.23781887804624058
378,0.09864677851485948,-0.21658976690433396
379,0.17187017245960545,-0.21314438672167468
380,0.13397456601438495,-0.2619303900098121
381,0.1636491282030752,-0.305788448837514
382,0.08778639396613586,-0.25156724565050215
383,0.1694445562234672,-0.1925632239418401
384,0.16663688236942598,-0.22622037169724163
385,0.20065561008298372,-0.18328784197126557
386,0.10857886257504035,-0.2480755601393222
387,0.1563033523818933,-0.2048862859425462
388,0.16046257636276318,-0.27980540580213764
389,0.14469246102580535,-0.23781887804624113
390,0.12867932064193188,-0.3442002380916448
391,0.1652115597852255,-0.2520712188570411
392,0.10459066527481098,-0.2872942633137031
393,0.1431324599656476,-0.20072257647515346
394,0.147718878169955,-0.21853623213669593
395,0.1511420176697953,-0.2130180032294393
396,0.13306665607233037,-0.2191942499765024
397,0.13246861315180802,-0.2042323097816512
398,0.15684652388009623,-0.20953274025374302
399,0.11614942078731216,-0.26487638901825017
400,0.1536666596926013,-0.20592709175678803
401,0.16242775575497603,-0.26649716631964715
402,0.12159551197518081,-0.24813855136550111
403,0.145036435498906,-0.270070416260203
404,0.08815050189320028,-0.29857516055181066
405,0.19492819082931523,-0.1763043801355495
406,0.16784607636797566,-0.17480920560493096
407,0.1611521176582711,-0.1823839169753575
408,0.14010899570358726,-0.2992754809058942
409,0.16608083390618011,-0.24923863914776745
410,0.16365142634608398,-0.26877679380175945
411,0.08815233750816898,-0.24230796681660838
412,0.13610870668395636,-0.21540045373072159
413,0.1164539851621611,-0.2790447451068362
414,0.14309280984937467,-0.2173711704734449
415,0.16728590892463013,-0.22544628647734444
416,0.1272431430191363,-0.2622230164796443
417,0.10106246052085122,-0.22882333796333743
418,0.19231472795727478,-0.1827275690620298
419,0.1464969563126679,-0.21974370015530653
420,0.12942834081433308,-0.16641967156824922
421,0.0966075054278639,-0.3137284484615095
422,0.1415673879645294,-0.20129133631609142
423,0.22597370405568373,-0.23993859617296442
424,0.1310688693034543,-0.2140334032327832
425,0.11746768476494696,-0.1702223422225121
426,0.17782172159385112,-0.17789833505168007
427,0.1474693163226508,-0.1902112960050032
428,0.10465692087686884,-0.21925487287447742
429,0.11882172468171337,-0.2066767960158079
430,0.1420415488578226,-0.28060162752377404
431,0.22669239264767782,-0.14966503767561712
432,0.1687003113919423,-0.2837499431801329
433,0.12024375556811107,-0.24556076038161556
434,0.21178005583688986,-0.17311287152877308
435,0.15789024663634676,-0.25833130612131294
436,0.1864142600445513,-0.21756364390537686
437,0.11637872121350457,-0.2411726532513665
438,0.1506900184454869,-0.22681605176895658
439,0.12784510986559727,-0.1974173826362947
440,0.14436685671078409,-0.24339424665285392
441,0.06764554480598073,-0.24708346051729524
442,0.1351322455828441,-0.2770536144587401
443,0.18592450742227018,-0.26246878308419763
444,0.08097546834254676,-0.24443008806678246
445,0.1769865746624173,-0.23494580039468838
446,0.16221516925602653,-0.16810522308478615
447,0.17777445146333548,-0.21866753580500642
448,0.12722386172187972,-0.2928594758768127
449,0.08905441295301197,-0.32386895694193063
450,0.10907877255644816,-0.3165196077131982
451,0.10929546082816577,-0.2849322207788507
452,0.10655915020535067,-0.24013411479898428
453,0.10174210962785613,-0.28290797469409434
454,0.15496871667344236,-0.3464136787176093
455,0.1331844162174587,-0.21723106336222164
456,0.10437499288633512,-0.28402002174254926
457,0.10516845715048784,-0.38197575045422283
458,0.14155057376801206,-0.23275954121005038
459,0.09943670433076734,-0.30224649743722987
460,0.11414685080189857,-0.2869568619368891
461,0.07794995279773542,-0.2931167579096373
462,0.12288209984454279,-0.248138551365501
463,0.14591551230087552,-0.19226913302640913
464,0.13804203459105913,-0.21523417581357995
465,0.2028553169664704,-0.26337727841783776
466,0.14149528787085663,-0.22427545284488448
467,0.08195229638158041,-0.34628358621770017
468,0.12376891840557391,-0.24486060408130683
469,0.15777029962194655,-0.22681605176895714
470,0.08581306179212356,-0.4152710140998461
471,0.2017668142867528,-0.2355225399769485
472,0.07283727007584573,-0.25566757893006153
473,0.13650686515861654,-0.2268160517689568
474,0.1369374496074358,-0.25833130612131294
475,0.1581209875684011,-0.2250540451994345
476,0.15885086212587618,-0.20996751809615155
477,0.10758202399771855,-0.2151344358288615
478,0.1865860891202218,-0.22441805015473448
479,0.12136108095959419,-0.2524920480944811
480,0.14754960260391803,-0.24795535936657587
481,0.09106016297879327,-0.2863331785028802
482,0.10088961759622461,-0.30340704948288766
483,0.14337235997091935,-0.21736259893056864
484,0.11838108421137061,-0.2583313061213134
485,0.14815512566590128,-0.19502486258238116
486,0.13848360991303443,-0.3028787690717263
487,0.15955673953789296,-0.32453007054325733
488,0.1261737056218042,-0.186776682554335
489,0.09601691726731021,-0.3543985776367018
490,0.12038116247236763,-0.3391196899484362
491,0.1323499080014332,-0.27127841440904144
492,0.14195497251311684,-0.24752766385711555
493,0.1701748409462478,-0.29089980207902955
494,0.1420516939406582,-0.20021475555905588
495,0.15421136783339828,-0.2676901878847022
496,0.12388433480869754,-0.1968232583954984
497,0.07797952714866807,-0.34949351381206983
498,0.13974375674643746,-0.4534312250168522
499,0.17244579916623093,-0.23724866802685862
500,0.10369180647966392,-0.22078625735700297
501,0.12457290433299062,-0.28991062936295264
502,0.13736701876301072,-0.25116365923970696
503,0.13873795552738888,-0.21959244950397871
504,0.1611510288063449,-0.19795854034855787
505,0.2114360651764864,-0.16624546266597517
506,0.13264537524697273,-0.25215333256914285
507,0.15059400431522563,-0.2066419815607321
508,0.14067315016340842,-0.21301800322943976
509,0.12957516361062482,-0.274739114835441
510,0.12839780069273843,-0.1655933421710497
511,0.09266365493100204,-0.24963560528624884
512,0.19829303538776188,-0.17857247733316417
513,0.16212139987181473,-0.24078897871666793
514,0.15447535601627016,-0.28374994318013247
515,0.14552046265148566,-0.2549248618309603
516,0.1213260085939325,-0.20561045319318916
517,0.14182518667540434,-0.1819241251943713
518,0.1555678053730789,-0.2775868728367693
519,0.10062866764011802,-0.2470533730701865
520,0.13456117974419302,-0.2598494330187492
521,0.13991737278098126,-0.23524245726879622
522,0.11157644685996049,-0.2742541138125396
523,0.11833252588369203,-0.2921640460366013
524,0.12697533106579684,-0.26401011492559345
525,0.1783945790682433,-0.21705464525591212
526,0.1290014413665863,-0.21639948946226362
527,0.17221621129076747,-0.2953979042987086
528,0.1294593138640483,-0.18932638728938822
529,0.1192127643496117,-0.22316182011563357
530,0.13143324372733955,-0.25484695542196445
531,0.17034037462124774,-0.21547779401194145
532,0.16647362389120124,-0.2184535355950471
533,0.13557719075159436,-0.19556727459233003
534,0.15429116450075098,-0.2857880530684783
535,0.09751856569652873,-0.22244956149410822
536,0.15002577521681837,-0.19173143824387695
537,0.159716049792626,-0.28718878529693737
538,0.21113197728955546,-0.1678586727583351
539,0.1424196465835299,-0.18948943871573176
540,0.17010277882644043,-0.1688796334797873
541,0.14108404152161613,-0.26184646054297755
542,0.2009857366003327,-0.18112664927609856
543,0.13141730652262473,-0.23151734895595055
544,0.09362432224557504,-0.3218463183035817
545,0.1079827751356619,-0.28721941144412977
546,0.17719474885119224,-0.2474561167508661
547,0.16384368468433674,-0.2971256658264454
548,0.1498857764180832,-0.23781887804624102
549,0.12270078656301164,-0.2340730709284371
550,0.14559885300424513,-0.2013805048435109
551,0.12649880018652704,-0.207976568994222
552,0.13792301584992583,-0.2817932392385729
553,0.13461331293673462,-0.23357086146943717
554,0.1146645052491877,-0.2237773216221891
555,0.1726064555122857,-0.16596491995531548
556,0.11191483889512566,-0.36772625247869717
557,0.13947872363943636,-0.21719430978995735
558,0.12008105520055978,-0.24623329031065022
559,0.12051369737681239,-0.19558101921450033
560,0.08317138550962522,-0.28074544222094955
561,0.11385664267601503,-0.28892958674342284
562,0.12764902170033232,-0.21913842399330252
563,0.1443292265499494,-0.22777744586376036
564,0.14014454575094182,-0.2849373197837388
565,0.13953281950118446,-0.2417397251781127
566,0.20839591897304,-0.18374997603513732
567,0.14768703305941555,-0.24743536527738175
568,0.18746438614571836,-0.2049541482386681
569,0.1543658660870728,-0.2514918259715101
570,0.102697986862468,-0.2262454500575687
571,0.17559782613013497,-0.2372457947034774
572,0.11958369121232248,-0.22282975357643764
573,0.12948728311669022,-0.2500596699326355
574,0.16305703411647032,-0.18763628108120023
575,0.15891554040188827,-0.16735231893922187
576,0.126391443313554,-0.2781468240775705
577,0.1497375971281023,-0.20412393008447416
578,0.12753768905741536,-0.23577080631431946
579,0.1544887125085772,-0.2280841828771072
580,0.1294111992539222,-0.21177403542901618
581,0.1393287273822219,-0.31826253087127176
582,0.11499830885988249,-0.24078897871666782
583,0.15033393631495784,-0.24813855136550123
584,0.16740239745619223,-0.25729023360416725
585,0.10299167252254127,-0.24800846742409188
586,0.17556146463693278,-0.22160903002534726
587,0.16154158970419852,-0.2736955186110679
588,0.10992000632705667,-0.24611875614755163
589,0.09942870369626444,-0.2218685551961287
590,0.11952921414898454,-0.28692763181600855
591,0.13738918953571777,-0.24140934777586998
592,0.14651626202910362,-0.24229042666302347
593,0.1681384334185687,-0.21244452835853878
594,0.17560270472568296,-0.23125063946592184
595,0.11956413016265754,-0.2258903435252837
596,0.09362655738326375,-0.2340062101311552
597,0.13489115106981853,-0.2553660144666786
598,0.05282908631674976,-0.2831207697842748
599,0.21949629119357605,-0.1774187631802685
600,0.12260353770692034,-0.2541443372306019
601,0.14776426304222734,-0.20059870566620364
602,0.16272549450430662,-0.1955672745923297
603,0.02871027536779902,-0.3836964656813192
604,0.16558599550972053,-0.21540045373072214
605,0.1254153820539834,-0.25871604627599276
606,0.10224029663908518,-0.2665624786220627
607,0.1529533762211719,-0.19905059227768263
608,0.18437613799823827,-0.22777697941612052
609,0.14921696602605516,-0.2555151155599358
610,0.09545272827099915,-0.37332342844709276
611,0.1555168485647025,-0.2197244315662089
612,0.17453630732852177,-0.19955466349216633
613,0.0799648872081189,-0.27231013795454484
614,0.18279768738765578,-0.19202044922766248
615,0.1727585853390472,-0.2347861981998891
616,0.16708971673098127,-0.2624651672872059
617,0.1374000650531384,-0.22637298463054922
618,0.1866326003595311,-0.21169408428640324
619,0.13033817598677566,-0.24229042666302292
620,0.1027784774694902,-0.2436906402160527
621,0.09548047904962864,-0.2886548821449524
622,0.14504795850645968,-0.1804401697604353
623,0.1300850571866774,-0.24788390094087331
624,0.13660750142188816,-0.18784626828875783
625,0.20887466896702578,-0.1705491470475099
626,0.13377735353944198,-0.22537131848946823
627,0.14362670900731556,-0.2149622923625394
628,0.13829238221166418,-0.2474624670892469
629,0.08386594227060185,-0.26859555999861184
630,0.22533892414525725,-0.16455359526664526
631,0.09764655423667867,-0.30145816106403056
632,0.11963703644257451,-0.2671514463185207
633,0.10688507936308311,-0.22149502732126292
634,0.18694494075906642,-0.1602292274515128
635,0.10463507765889424,-0.22491376284052522
636,0.08350532378291153,-0.2796443605503095
637,0.15306161452478628,-0.29561340471791375
638,0.14025852131507555,-0.18293594721592343
639,0.06828165633974237,-0.27072046309544084
640,0.1418229901460608,-0.21162704089876017
641,0.0631264631173567,-0.31519181916343275
642,0.11878650268059365,-0.22638242557690214
643,0.13721572748148803,-0.23241682545829923
644,0.15618054167333195,-0.1946711722703246
645,0.09697840469504193,-0.24047194950444162
646,0.11703334700008883,-0.22551862421760616
647,0.1209361688190056,-0.2333462971746012
648,0.20556020020067511,-0.2070279554420449
649,0.15003264406742,-0.19701941620358498
650,0.11937207170396746,-0.20652058998575096
651,0.16852113875350483,-0.20129133631609164
652,0.1247706088416356,-0.19857935546356442
653,0.12881789736388916,-0.25312184232222656
654,0.07815532297868732,-0.32157895347418175
655,0.1207835092210392,-0.2460265513031259
656,0.14460070986511941,-0.21986583286828332
657,0.12693894563595354,-0.23781887804624058
658,0.08420508240815883,-0.27779475145768806
659,0.18967300721030877,-0.19701941620358487
660,0.13008199243224583,-0.2200687634298898
661,0.1271903672351533,-0.2487831221108785
662,0.15267316711194145,-0.2774759161749366
663,0.148714341637042,-0.19015403211619464
664,0.13042073872080184,-0.34071430933185975
665,0.11808808883186028,-0.21354234612168743
666,0.155550383742056,-0.19202044922766193
667,0.06692099089278725,-0.29902296980681264
668,0.1569842944644222,-0.22681605176895714
669,0.20454593094031615,-0.19906218270277865
670,0.09219846746341487,-0.2849604171859066
671,0.11945026272877035,-0.3076207920298816
672,0.18663570521755668,-0.15062075313801326
673,0.13776572832832223,-0.18112664927609856
674,0.16222636569579008,-0.2658113163185074
675,0.11001431010114726,-0.26316550898252744
676,0.1434556061214105,-0.21989789108655322
677,0.09562305322271114,-0.25574898863085704
678,0.11691272465962732,-0.3118066264008781
679,0.16647182703327235,-0.26603426413510334
680,0.0875939250292368,-0.25203656390738294
681,0.1642778161707712,-0.2714334194010467
682,0.11695851831533965,-0.2245137745718927
683,0.09554904084748528,-0.22914680599394044
684,0.09196678228902688,-0.33619019182480625
685,0.03443246170776515,-0.3150256947836648
686,0.07172429657573898,-0.28011457602889367
687,0.16555787572971248,-0.19425384076616725
688,0.22633019185419312,-0.15534504901123447
689,0.11753398479424626,-0.24504363063815005
690,0.1619964664756326,-0.27090141703837867
691,0.18166686336549565,-0.15037758286439706
692,0.1239853895269305,-0.17416277212478215
693,0.14013847029607684,-0.27507872071673056
694,0.1445318798773425,-0.2331217741396887
695,0.11074345522739959,-0.25782062643605574
696,0.10941799392112483,-0.34478325384207
697,0.17071748846303136,-0.22150372320250222
698,0.14809548337220657,-0.2501706678023714
699,0.1844432566064651,-0.22668823933927573
700,0.10564333716883145,-0.24960197274454365
701,0.12892377446583425,-0.2435348091067926
702,0.14172858962306933,-0.21415867322345306
703,0.1689639614518168,-0.22846205835085864
704,0.0984772818761579,-0.29311007496598807
705,0.16592108004005257,-0.22791476666745958
706,0.1840768051174395,-0.16545480064815654
707,0.14312249776133212,-0.21011811591988017
708,0.12230488920661453,-0.22042942237582153
709,0.14059815645808138,-0.22276388234373024
710,0.0885745735346537,-0.2511360246290639
711,0.0971559628202181,-0.19871129596929915
712,0.08898126196772904,-0.32683363162166346
713,0.1653700858576157,-0.20726007166482352
714,0.16583724435971736,-0.23545492480548103
715,0.11402430017572796,-0.2881895279590644
716,0.1662894642239563,-0.2093432610823378
717,0.09902304266064221,-0.2583313061213133
718,0.10096177783565818,-0.24607963724323134
719,0.18199126832924217,-0.2404776264809727
720,0.08079078192323808,-0.2837499431801328
721,0.1422343332489091,-0.20694625532803812
722,0.19297358734574588,-0.1810564445417091
723,0.13870586952108988,-0.19284036419862072
724,0.13616348305098502,-0.2707487087384033
725,0.13241594646118648,-0.26528762330698596
726,0.09667381885796167,-0.21010011350388358
727,0.08382076714799158,-0.2603230917050062
728,0.15999363497382935,-0.20178108235229397
729,0.15272698727376244,-0.2219739666961097
730,0.12126255377534711,-0.2777957174343566
731,0.12381442584306379,-0.2751297587290872
732,0.14350449208613814,-0.2052391334878585
733,0.14294312595686987,-0.234073070928437
734,0.13670830309363757,-0.23541518059248312
735,0.1280750898610774,-0.22544628647734444
736,0.11197780700103199,-0.28225827493461586
737,0.14529958995474868,-0.18130395872695437
738,0.15946058371843952,-0.22441695777139214
739,0.11454122188719529,-0.25297099878035756
740,0.14695005889370427,-0.2092797636237872
741,0.1457531324011021,-0.20200858415018286
742,0.14523018827335687,-0.21754761324059302
743,0.1543440406565122,-0.21466416090277352
744,0.14693948782876087,-0.20561045319318894
745,0.17534891621755477,-0.18231360283120945
746,0.11894459004322044,-0.19844309328198106
747,0.1454324177064219,-0.31050720280526145
748,0.06797249243822034,-0.40646706258440735
749,0.12409321032514642,-0.2543801087718386
750,0.20451943761690394,-0.19401552172314052
751,0.14046157748180144,-0.29706135692679836
752,0.10700278965079191,-0.28374994318013236
753,0.08662061245589969,-0.23277098528232554
754,0.13573521638463082,-0.2615144339183084
755,0.10967124437365827,-0.2407889787166685
756,0.10585176530543694,-0.19066290922565032
757,0.0869689245125107,-0.41723421856307197
758,0.2031641463975773,-0.13712236025794466
759,0.08904719864613986,-0.21974370015530587
760,0.10143897589905504,-0.27447682360654
761,0.10387916312518852,-0.2603230917050061
762,0.1206322910734332,-0.2753318423875887
763,0.17469351050914583,-0.24346220047342293
764,0.1154142805616547,-0.24734419370568572
765,0.09085492443455667,-0.30247003109374493
766,0.18654057749871633,-0.21637656650092907
767,0.11865101158853264,-0.25045294732326284
768,0.0776021572356771,-0.2346062310403857
769,0.12649197340585738,-0.20156759207279096
770,0.14257821395751735,-0.17317197479560664
771,0.12069074747847575,-0.21624143225402548
772,0.11085728177755372,-0.26032309170500534
773,0.15892870386885916,-0.19213090095718133
774,0.1407134957099656,-0.17627168856023157
775,0.1463820093106416,-0.21865758702061155
776,0.09980283012154523,-0.27618225682100084
777,0.19255934167139954,-0.2129491651452794
778,0.10125493803271346,-0.24129899229892227
779,0.15606295846175344,-0.24240946855540135
780,0.1677063489203956,-0.2685747497671088
781,0.16018734202421636,-0.19203362541403446
782,0.11873059958818422,-0.2288238865846065
783,0.13157038811222854,-0.21077021658009754
784,0.20664058054008194,-0.2014648251803104
785,0.15618467974722972,-0.15574838095541632
786,0.06980847055675388,-0.3559693126839394
787,0.07419373953455533,-0.23738227795589095
788,0.14069330495387455,-0.2246184698324566
789,0.11077320084435627,-0.26449366317017087
790,0.10331876783285643,-0.24969239636616092
791,0.1560773196192602,-0.2433025331947123
792,0.1850630312041841,-0.15770122603761916
793,0.09373665640247175,-0.25833130612131305
794,0.11991361863586136,-0.2385315527049341
795,0.09380063628291069,-0.268686001054839
796,0.11682352131230833,-0.25823343801713206
797,0.14371131775733104,-0.27268124113851955
798,0.15526996270671045,-0.19970738922153697
799,0.09424067533767477,-0.3161717486359963
800,0.18446502570653278,-0.1895879748910697
801,0.12528379780836918,-0.23551508322612857
802,0.15006417227629143,-0.24449875049288983
803,0.12966997551616233,-0.25061524565203785
804,0.12917633769667503,-0.27283985560159707
805,0.15305071784938984,-0.21045961552504477
806,0.13916465622116836,-0.18606677615483225
807,0.16014220716941985,-0.33730716053405974
808,0.09315105567566984,-0.30668202885840834
809,0.10397455436313763,-0.23663275172427045
810,0.09665966478440424,-0.260323091705006
811,0.18673887802088518,-0.27781454701433805
812,0.2131648297653166,-0.19066290922564988
813,0.1483594792227818,-0.2354738573423073
814,0.14792091605260893,-0.17028026992101875
815,0.10568655106802005,-0.259884035374195
816,0.17934291119783308,-0.17468220062031314
817,0.12540440235755246,-0.2908677408025063
818,0.19203821531858511,-0.2874116744945564
819,0.13976734111627676,-0.20984731796542322
820,0.11620590613193316,-0.24971455952502875
821,0.1548381870632276,-0.2544311798084734
822,0.08740779726079362,-0.3229587447562656
823,0.14506514144249283,-0.22145611958153422
824,0.14001618501965507,-0.23319878134427197
825,0.15533543131735605,-0.19443817977220312
826,0.14488370968932962,-0.21723106336222175
827,0.17014839838690365,-0.3083015102882274
828,0.13007056339519085,-0.26920063967555175
829,0.11122288162835892,-0.20085004379962212
830,0.10788814932690283,-0.22629265489345074
831,0.10779667827952899,-0.23768463386866379
832,0.18629718070718604,-0.22544628647734422
833,0.06396288760517144,-0.25426279279103625
834,0.15794720573265142,-0.22072530108334987
835,0.13205686015602058,-0.2360709419908622
836,0.13681343354548092,-0.2524956117980275
837,0.09335380718628672,-0.2912623006854981
838,0.13774950264102315,-0.2172310633622213
839,0.14650687432709963,-0.20271239833467258
840,0.11927046248527406,-0.17214738215029457
841,0.13109811622109602,-0.22145611958153466
842,0.15908061359181036,-0.2870734187130852
843,0.10823992123469428,-0.2603230917050062
844,0.14764730870758025,-0.28374994318013247
845,0.1517907392243787,-0.21254151309819558
846,0.11847654106356376,-0.23913881130289028
847,0.13695162518196713,-0.2268160517689568
848,0.1463579208971637,-0.2197437001553062
849,0.1130748491321727,-0.19536149632579636
850,0.11554988490725138,-0.2527247179623373
851,0.1581884322562872,-0.1710618677937389
852,0.14480772486035653,-0.2231829121941027
853,0.1466942027010043,-0.17255250323103688
854,0.12277871505201454,-0.21096011063686582
855,0.15349935491274613,-0.15118706910684376
856,0.14625394134763559,-0.2837499431801327
857,0.14883761064579581,-0.23228312033735643
858,0.11856787106658206,-0.2588301843664247
859,0.11700067062452524,-0.18585672309121504
860,0.14839323511063207,-0.24140326226251507
861,0.11390912073484638,-0.2534995182971458
862,0.07663128606550873,-0.3479680148670782
863,0.11341943784859843,-0.21012619579102876
864,0.14644716958402615,-0.215477794011942
865,0.15517733802336964,-0.2290707695279205
866,0.1672244778611529,-0.23478702863151868
867,0.1748913975903179,-0.2420641575221787
868,0.11025452355397203,-0.23422455562471844
869,0.07182590152388868,-0.2976180062184596
870,0.13850273504635946,-0.20267501470553795
871,0.10987000622453635,-0.27664736055704076
872,0.23103165845357299,-0.18032576451738747
873,0.1325158656006864,-0.3158116942402779
874,0.15430888890229788,-0.2644725109633641
875,0.12720601092409933,-0.21973309600803692
876,0.1265633692035497,-0.29698514236048135
877,0.19366500056370906,-0.22939709231459082
878,0.13199649811531167,-0.19909279000226088
879,0.12847489621981878,-0.23767350684331112
880,0.14585636127401136,-0.24078897871666782
881,0.12515811456930148,-0.2363262563630406
882,0.13305331817890198,-0.27309710292577705
883,0.1574805543099962,-0.1906629092256501
884,0.1673039425709304,-0.1800616396775545
885,0.12694901115633894,-0.22539798694405266
886,0.11729325427786308,-0.19846572892903458
887,0.10703008501809053,-0.26371027236062683
888,0.16394796441989912,-0.20152702687368074
889,0.10938391311414941,-0.2068250821575317
890,0.0739786355512948,-0.24011207855780103
891,0.15841237408250386,-0.1783124049446616
892,0.154915019305234,-0.20116061930922446
893,0.1694039529973106,-0.1943854050060948
894,0.14584349471033864,-0.27881602402057204
895,0.15297756880312607,-0.2604365324656768
896,0.12924560836698196,-0.2578540458656434
897,0.16846510192017483,-0.2051828582540287
898,0.1683428821959536,-0.24581567004830618
899,0.14737650531825475,-0.34093928298210674
900,0.13507835109083777,-0.2257117694069235
901,0.15447079364285177,-0.20731700895993033
902,0.17231592701504828,-0.2553889064456677
903,0.12145416285555544,-0.29006951536028747
904,0.10453836663317673,-0.21689239712115227
905,0.11015371712807331,-0.31856741490430174
906,0.13640249003707017,-0.22006101362594244
907,0.11351625031909096,-0.2442204987362061
908,0.1276678922820793,-0.22375504418093883
909,0.06350977200164287,-0.25457657667604794
910,0.15239860558476104,-0.24311273921573384
911,0.15949077759054808,-0.18206096607336164
912,0.08220353006414705,-0.3050400912780362
913,0.15707408801747547,-0.19441028139824956
914,0.11436681551304084,-0.26032309170500634
915,0.1318686878554547,-0.2012913363160912
916,0.1493945277112767,-0.2693051776922579
917,0.15180501091202903,-0.2107702165800972
918,0.11403686662784551,-0.2788021565665446
919,0.15042844661829613,-0.19324507786035805
920,0.16326797154682793,-0.29095579483729805
921,0.15190382054461793,-0.21736259893056942
922,0.1449743776887913,-0.22919325403937552
923,0.09277255096853998,-0.2567947311091945
924,0.1790441251996262,-0.14974102498848907
925,0.14274323702834302,-0.21723106336222164
926,0.10767492005570434,-0.308140471854751
927,0.14293439245038986,-0.24084351477540822
928,0.18304670927510647,-0.1824928703756873
929,0.12271681606421336,-0.2603230917050059
930,0.12139268092957645,-0.26354389520830734
931,0.20119950251266316,-0.19007172854544352
932,0.15201908295553412,-0.25479682202785203
933,0.13735953978050497,-0.20746656976654265
934,0.10620279529544652,-0.34399759403468066
935,0.1251442763326287,-0.1893416143329011
936,0.10189142451313948,-0.2394758726350079
937,0.12905983938066168,-0.21733701590216026
938,0.169496253184666,-0.22719167087263015
939,0.13522437968204448,-0.27218202600299835
940,0.128013644857484,-0.23791107471405326
941,0.10939113002678291,-0.24450400892054558
942,0.15559023504044966,-0.2123576953371995
943,0.11802079430848478,-0.24518316742355906
944,0.1417003780763657,-0.22441805015473482
945,0.20159254971225216,-0.27019107535963516
946,0.15430462536092548,-0.18044016976043487
947,0.2020667979100088,-0.1858567230912147
948,0.11517575386793055,-0.31356253016598457
949,0.08475549233997137,-0.27895931414554453
950,0.18824567950205728,-0.23924090308701484
951,0.07978610101961436,-0.2603230917050058
952,0.15958663660841466,-0.21267559175197837
953,0.1537061628166161,-0.2738423715971475
954,0.13037044773519813,-0.23760223110350787
955,0.15361422480016507,-0.15580256152863414
956,0.19801556323735348,-0.17741876318026872
957,0.15287122696402888,-0.26180584404505425
958,0.1462764435859385,-0.21523159557346916
959,0.0979488980219898,-0.21034674844662404
960,0.12092990523617653,-0.22786408474073783
961,0.14896396902603026,-0.17790584887801908
962,0.1404095559472449,-0.2407857096167466
963,0.19157805860999466,-0.2268160517689558
964,0.1608726608473683,-0.19318109400306993
965,0.1486911978371297,-0.26734377208882043
966,0.2172545686243499,-0.17886450890061578
967,0.14279715813030225,-0.22118551921357388
968,0.11952190434282484,-0.24944922333837616
969,0.11201554892649979,-0.2510170865038929
970,0.09538067355912738,-0.2481280428699396
971,0.12689604515007225,-0.23520529533429824
972,0.11113502276619225,-0.3522021999095373
973,0.21452258379737787,-0.22191951350011563
974,0.15325643318927096,-0.23485241005137703
975,0.07969692949342444,-0.33275398129010636
976,0.14023066948364815,-0.2591483281905924
977,0.14591942429918436,-0.2194515613961291
978,0.10230589984598115,-0.31576515340495814
979,0.12966980914021886,-0.19829844546006825
980,0.09800548387110952,-0.37810281035536875
981,0.1737782715822742,-0.20468643217708193
982,0.14083152227842266,-0.22441805015473504
983,0.15760111316520486,-0.2005053519089629
984,0.16761037515011967,-0.25235834624759124
985,0.19433715481372094,-0.2095013269687107
986,0.14772367347022275,-0.17953944925401522
987,0.09234991113360191,-0.26870066563908024
988,0.19111941545321431,-0.22386767702899735
989,0.1495519470072184,-0.28286708956960305
990,0.13801335402963866,-0.19313844341416775
991,0.15466949461141577,-0.2309632938094125
992,0.07421914194867396,-0.35619152417147126
993,0.1134694642184817,-0.35315231946883985
994,0.1052659844646684,-0.20308091435585474
995,0.13912417574217328,-0.25094220680713364
996,0.13736422594182018,-0.23181121436124297
997,0.10771513212193962,-0.24813855136550111
998,0.13332473585861204,-0.18236451743726845
999,0.13626476785507258,-0.24155578716296977
