Date,Buy_Hold,Sys_E_Original,Sys_E_Trap,Sys_E_Trap_Full
2004-01-02,100000.0,100000.0,100000.0,100000.0
2004-01-09,101042.90121052292,101978.8224196138,101978.8224196138,101978.8224196138
2004-01-16,102697.15544519827,102488.32313958541,102488.32313958541,102488.32313958541
2004-01-23,102876.94992317166,102313.28830928144,102313.28830928144,102313.28830928144
2004-01-30,102022.84586428154,101853.2550407925,101853.2550407925,101853.2550407925
2004-02-06,102894.90347144754,102268.03340640901,102268.03340640901,102268.03340640901
2004-02-13,103506.28757502574,102952.4142891252,102952.4142891252,102952.4142891252
2004-02-20,103281.45900913818,102661.2520951158,102661.2520951158,102661.2520951158
2004-02-27,103407.30996381526,103469.34882649417,103469.34882649417,103469.34882649417
2004-03-05,104630.06781116307,104508.6928654848,104508.6928654848,104508.6928654848
2004-03-12,101213.74481387982,104760.13290083683,104760.13290083683,104760.13290083683
2004-03-19,100197.2093162029,104676.39048716356,104676.39048716356,104676.39048716356
2004-03-26,100170.12877656463,104373.27898702394,104373.27898702394,104373.27898702394
2004-04-02,103427.03503935899,102728.82691526547,102728.82691526547,102728.82691526547
2004-04-09,103183.45521993459,102412.58655532246,102412.58655532246,102412.58655532246
2004-04-16,102696.24378204289,101498.75753856571,101498.75753856571,101498.75753856571
2004-04-23,103174.43182665802,100810.05873838144,100810.05873838144,100810.05873838144
2004-04-30,100106.97538343724,100271.87514020884,100271.87514020884,100271.87514020884
2004-05-07,99204.79145290928,98487.95364938154,98487.95364938154,98487.95364938154
2004-05-14,99276.99931873899,98690.40118605796,98690.40118605796,98690.40118605796
2004-05-21,99069.47163318653,98908.53080110719,98908.53080110719,98908.53080110719
2004-05-28,101821.14039115323,99964.23343181636,99964.23343181636,99964.23343181636
2004-06-04,101929.41075066345,99145.07785472958,99145.07785472958,99145.07785472958
2004-06-11,103165.39807357287,99210.72363718119,99210.72363718119,99210.72363718119
2004-06-18,102890.03436141311,99796.2429996979,99796.2429996979,99796.2429996979
2004-06-25,103080.16792835323,100360.60760812907,100360.60760812907,100360.60760812907
2004-07-02,102210.91782931345,101548.48458438498,101548.48458438498,101548.48458438498
2004-07-09,101169.60166950387,101477.81122369586,101477.81122369586,101477.81122369586
2004-07-16,100246.03509405877,102094.59516943025,102094.59516943025,102094.59516943025
2004-07-23,98661.39877306715,101442.84600958771,101442.84600958771,101442.84600958771
2004-07-30,100363.77431861467,101509.09305169334,101509.09305169334,101509.09305169334
2004-08-06,96750.90503287788,102930.1001789676,102930.1001789676,102930.1001789676
2004-08-13,97058.73638513956,102875.8623352413,102875.8623352413,102875.8623352413
2004-08-20,100037.78222190544,103267.82274844695,103267.82274844695,103267.82274844695
2004-08-27,100916.12823288186,103434.99710554989,103434.99710554989,103434.99710554989
2004-09-03,101522.74682451147,103457.51888435698,103457.51888435698,103457.51888435698
2004-09-10,102373.93977718953,104158.4876482219,104158.4876482219,104158.4876482219
2004-09-17,102881.89155186618,104550.1730450732,104550.1730450732,104550.1730450732
2004-09-24,101345.28330346946,105041.32847774425,105041.32847774425,105041.32847774425
2004-10-01,103336.5524711873,104345.6302258627,104345.6302258627,104345.6302258627
2004-10-08,102299.98110370914,104593.37547148477,104593.37547148477,104593.37547148477
2004-10-15,101163.43758339646,104982.98653822672,104982.98653822672,104982.98653822672
2004-10-22,100008.62972055038,105532.84151139804,105532.84151139804,105532.84151139804
2004-10-29,102927.3400321237,105621.72739634578,105621.72739634578,105621.72739634578
2004-11-05,106637.08388792841,104971.33967220158,104971.33967220158,104971.33967220158
2004-11-12,108010.05895974262,112091.24609963788,109476.84097309917,109476.84097309917
2004-11-19,107080.80484938496,111533.0991869968,108939.58906874592,108939.58906874592
2004-11-26,107928.93129872218,118356.7973011256,113343.38787338324,113343.38787338324
2004-12-03,108749.70785339794,119574.41979958133,113456.66235283588,113456.66235283588
2004-12-10,108822.58910678558,116941.8476440313,113014.84969865366,113014.84969865366
2004-12-17,109437.47482566514,117638.16247047516,113243.55600128311,113243.55600128311
2004-12-24,110656.08874957939,119239.68697185862,113638.56130154783,113638.56130154783
2004-12-31,110747.74197612106,120521.81313971522,115286.41273895947,115286.41273895947
2005-01-07,108521.19119565452,118026.9255083517,114978.06977415532,114978.06977415532
2005-01-14,108337.97798084845,118497.7595036584,113512.28514424637,113512.28514424637
2005-01-21,107000.2055386023,115827.42955925943,113488.44863027816,113488.44863027816
2005-01-28,107595.7702144729,118124.70297762055,116018.07710410545,116018.07710410545
2005-02-04,110161.27321218711,126249.71746092016,120114.48882504836,120114.48882504836
2005-02-11,110656.08874957939,128029.14088129181,118051.9275088473,118051.9275088473
2005-02-18,110307.91630269206,129545.07691396122,118763.10824545874,118763.10824545874
2005-02-25,111260.85293547249,133689.24370280182,119640.09521121792,119640.09521121792
2005-03-04,112451.9615675965,134138.82746059468,120245.10941378502,120245.10941378502
2005-03-11,110307.91630269206,128329.72495749024,117358.01224220781,117358.01224220781
2005-03-18,109039.44062006356,128654.61272417025,118105.53313223294,118105.53313223294
2005-03-25,107751.64389442609,127878.3458371442,118288.26800124797,118288.26800124797
2005-04-01,108018.39860565265,129073.91648819475,117976.92101295252,117976.92101295252
2005-04-08,108542.76031712617,129122.73705623647,120841.11723316494,120841.11723316494
2005-04-15,105001.31155176672,130787.29554028832,115498.39263304976,115498.39263304976
2005-04-22,106307.52801706633,130963.80694901066,115654.27003616148,115654.27003616148
2005-04-29,106473.01559938537,131579.873749588,116749.83795118898,116749.83795118898
2005-05-06,107705.6670639308,131505.82135250568,120533.96007032771,120533.96007032771
2005-05-13,106445.45850855223,132325.6934274139,117773.70797544107,117773.70797544107
2005-05-20,109572.97076213382,132894.98731245767,121997.14899688725,121997.14899688725
2005-05-27,110612.40143678113,138148.93699142188,124277.1295066403,124277.1295066403
2005-06-03,110520.37525713045,137410.57286267728,123980.2326117495,123980.2326117495
2005-06-10,110566.42460628583,136863.865742233,124769.38275061031,124769.38275061031
2005-06-17,112084.02260593111,138349.25144406385,124151.8915044887,124151.8915044887
2005-06-24,109885.93021964452,137212.46606061378,123469.09476326626,123469.09476326626
2005-07-01,110393.861274704,136171.05069643547,126486.34670452491,126486.34670452491
2005-07-08,112047.0588089038,135975.72286612474,128618.44028830838,128618.44028830838
2005-07-15,113450.85431125507,139775.4482846353,130790.0723061,130790.0723061
2005-07-22,114097.36852574123,138530.16374660653,129784.9355076404,129784.9355076404
2005-07-29,114282.10463240913,135795.91395799053,128884.03032678386,128884.03032678386
2005-08-05,113487.82846809096,136105.86145544675,128846.40834457561,128846.40834457561
2005-08-12,113653.99979777653,137076.064271006,129693.39822829352,129693.39822829352
2005-08-19,113109.12566530691,136258.77690454203,129296.42453772594,129296.42453772594
2005-08-26,111529.8764447789,135877.96938325322,129378.29016425154,129378.29016425154
2005-09-02,112924.44135768192,139747.3273884845,131051.40038808579,131051.40038808579
2005-09-09,115076.39115653587,144983.09973480555,131125.25498434814,131125.25498434814
2005-09-16,114545.92751780644,140900.20719326116,129099.74181230828,129099.74181230828
2005-09-23,112635.29910010559,137758.97283687384,127182.04226015875,127182.04226015875
2005-09-30,114119.30024051332,146221.18192377797,131270.93144612224,131270.93144612224
2005-10-07,110937.94806172125,144263.6906936586,131104.5123866164,131104.5123866164
2005-10-14,110066.11837034409,142771.28455514577,131235.78432628993,131235.78432628993
2005-10-21,109565.28378416458,143537.35929902404,131939.96248213327,131939.96248213327
2005-10-28,111114.23056458471,142249.04203260597,130755.73746485276,130755.73746485276
2005-11-04,113256.70113858441,152208.20986268576,136296.54779141827,136296.54779141827
2005-11-11,114787.0831420222,164930.8732383237,142306.31439390162,142306.31439390162
2005-11-18,116057.7551040705,166637.60220373372,142837.5254590836,142837.5254590836
2005-11-25,117912.7306300587,168483.97719571475,144479.48831676354,144479.48831676354
2005-12-02,117653.06202790352,170943.5364454172,147293.94943946865,147293.94943946865
2005-12-09,117170.77149908917,173873.92336547532,147850.54543433196,147850.54543433196
2005-12-16,117819.85494610413,172531.99744531405,145860.1987218843,145860.1987218843
2005-12-23,118192.81841493271,180165.039250429,149652.75209494046,149652.75209494046
2005-12-30,116094.89501784374,173405.37071054924,146712.56808277342,146712.56808277342
2006-01-06,119759.26291205102,176667.2247020207,147802.27355301648,147802.27355301648
2006-01-13,119983.02441765444,190795.27204798948,154942.33253207355,154942.33253207355
2006-01-20,117456.21530500105,183228.31474237703,152709.57213058943,152709.57213058943
2006-01-27,119852.50118930603,187925.8193709538,153839.95259958928,153839.95259958928
2006-02-03,117735.9612161918,179787.04801744336,150886.13136575336,150886.13136575336
2006-02-10,118080.92212241812,177982.4274712116,150631.67799230866,150631.67799230866
2006-02-17,120104.28597712886,183844.18219241282,151934.61032017868,151934.61032017868
2006-02-24,120663.75707989318,193763.74783668335,156454.3311425594,156454.3311425594
2006-03-03,120057.61503945844,198957.0043653889,157812.21322388353,157812.21322388353
2006-03-10,119899.14104755069,194391.05558559543,155821.67419909,155821.67419909
2006-03-17,122276.25092616689,200290.2396764347,160875.76364040797,160875.76364040797
2006-03-24,121892.47181717673,195852.3878413062,157629.4632046713,157629.4632046713
2006-03-31,121536.72635021457,199231.5667726609,159576.1101372214,159576.1101372214
2006-04-07,121265.23720646519,190136.84367722552,156506.924236107,156506.924236107
2006-04-14,120488.28264209928,191525.38851160434,158953.59427359104,158953.59427359104
2006-04-21,122772.44431810082,202243.25621594442,163921.47442775825,163921.47442775825
2006-04-28,123071.97746368682,198356.59113226822,160919.8192518492,160919.8192518492
2006-05-05,124054.94718155192,206109.57275385305,165040.04826098835,165040.04826098835
2006-05-12,120984.45531441605,201298.42036474304,166717.58027112405,166717.58027112405
2006-05-19,118981.08589027222,201725.5570382308,167684.62892153693,167684.62892153693
2006-05-26,120179.38422955347,206235.4784706721,167204.2542041395,167204.2542041395
2006-06-02,120759.77178584867,207513.80961697936,168531.15267774469,168531.15267774469
2006-06-09,117342.9411579448,195618.1304949869,163880.54314522207,163880.54314522207
2006-06-16,117203.38417651124,194073.36004626483,162586.4002172088,162586.4002172088
2006-06-23,117005.91586509375,192974.91896791756,168750.92704702943,168750.92704702943
2006-06-30,119676.2704854855,194525.0739791567,170106.49230189394,170106.49230189394
2006-07-07,119046.28016569064,194799.05487485565,172145.14656225266,172145.14656225266
2006-07-14,116140.8925679562,195329.4823875769,167538.88765392615,167538.88765392615
2006-07-21,116545.17373813388,195942.28095316692,173063.7069484737,173063.7069484737
2006-07-28,120334.47056405428,197298.89327779182,174261.91877212643,174261.91877212643
2006-08-04,120541.28342281445,198734.27432974146,170089.52644528996,170089.52644528996
2006-08-11,119422.42409575447,197716.2836962844,160092.25292167897,160092.25292167897
2006-08-18,122882.49656468749,200021.15183386713,161956.60037821738,161956.60037821738
2006-08-25,122055.14153156095,200413.72552202558,160069.0125544121,160069.0125544121
2006-09-01,123568.93748145594,201523.64086378537,159928.326082838,159928.326082838
2006-09-08,122497.01844708958,200929.96256494566,158550.27949275333,158550.27949275333
2006-09-15,124622.35389769153,201168.2646852476,166219.03477807058,166219.03477807058
2006-09-22,124159.62268748353,199724.15044620057,165165.6127917164,165165.6127917164
2006-09-29,126152.25934993444,198484.44706577063,164384.51633600888,164384.51633600888
2006-10-06,127502.76399693018,202368.7206106863,165419.2186895193,165419.2186895193
2006-10-13,129032.69016879029,209922.7773012951,168605.57649382355,168605.57649382355
2006-10-20,129231.02870412884,217800.3627324804,173224.5205987707,173224.5205987707
2006-10-27,130241.52443340136,219420.4820554811,173547.67468394584,173547.67468394584
2006-11-03,128947.66721974232,212046.43375181768,169201.84584895623,169201.84584895623
2006-11-10,130553.17855503048,216700.2392318537,170236.89001758271,170236.89001758271
2006-11-17,132611.91079624664,216931.79879892556,168661.21254909827,168661.21254909827
2006-11-24,132545.85665671574,216222.23949357372,168392.81724240765,168392.81724240765
2006-12-01,132423.06184557092,213439.09942789638,167467.07142777494,167467.07142777494
2006-12-08,133556.34202617963,225033.80532514563,171843.34332404533,171843.34332404533
2006-12-15,135174.09865521398,221223.38318862888,170767.700839752,170767.700839752
2006-12-22,133664.23943258086,218335.47863845146,169624.88771979226,169624.88771979226
2006-12-29,134490.43416714596,217692.6003934198,169169.53717770745,169169.53717770745
2007-01-05,133464.75095848952,215832.05420138838,170660.6519403773,170660.6519403773
2007-01-12,136028.88646147063,222806.89926090016,173466.46049344985,173466.46049344985
2007-01-19,135630.0545506081,221635.72460119583,172509.0742291227,172509.0742291227
2007-01-26,134974.73449882562,220299.99142729267,172007.39689998154,172007.39689998154
2007-02-02,137519.818313821,228506.10077734152,171583.5436239021,171583.5436239021
2007-02-09,136693.5924998301,220434.18543576784,169482.37275492967,169482.37275492967
2007-02-16,138393.51277074325,221270.5612882722,169243.3559500411,169243.3559500411
2007-02-23,137985.11875655776,221526.94765237128,170037.62042708384,170037.62042708384
2007-03-02,131688.8622112307,209173.20982962535,165385.218567028,165385.218567028
2007-03-09,133692.68746695222,212646.0456980432,164942.17257501784,164942.17257501784
2007-03-16,132077.73834604412,207824.77461221733,161931.45798465953,161931.45798465953
2007-03-23,136711.33885193433,215986.23014781892,162011.1092071434,162011.1092071434
2007-03-30,135386.17429673477,218270.03585949514,163743.85363200374,163743.85363200374
2007-04-06,137521.8073970691,225933.81184282768,167691.9867016762,167691.9867016762
2007-04-13,138551.51021145613,228398.58665706278,170194.782356537,170194.782356537
2007-04-20,141697.79443819172,231716.16127402533,171532.7876634252,171532.7876634252
2007-04-27,142565.48020613534,255692.78004452732,185163.11644351186,185163.11644351186
2007-05-04,143890.64476133487,258070.00149121732,186025.56677424748,186025.56677424748
2007-05-11,143833.44825814324,254721.63454130013,185318.2155233761,185318.2155233761
2007-05-18,145511.50933294435,244055.5149320057,181107.032075652,181107.032075652
2007-05-25,144624.82367605792,241927.68204478262,179086.29007961653,179086.29007961653
2007-06-01,146903.42213484988,243423.85838440084,179656.00020295152,179656.00020295152
2007-06-08,144005.03776771817,240735.31513045536,181508.09496374015,181508.09496374015
2007-06-15,146569.58766304265,250408.8573647861,183487.4409802345,183487.4409802345
2007-06-22,144156.58104768328,250869.96791675044,181235.755728996,181235.755728996
2007-06-29,144041.71149010514,254220.65308132223,182518.94857895325,182518.94857895325
2007-07-06,146483.38369581613,266798.4369313463,181288.976184958,181288.976184958
2007-07-13,148274.0040908812,280498.62705314864,185731.74061628347,185731.74061628347
2007-07-20,146981.27609635782,270674.5100021126,184328.68552000565,184328.68552000565
2007-07-27,138947.56569361818,282804.577605568,188876.6516542919,188876.6516542919
2007-08-03,137693.25186932387,271475.95067903673,184367.8230042936,184367.8230042936
2007-08-10,138564.59464969754,269962.5667343786,183340.0365556289,183340.0365556289
2007-08-17,138564.59464969754,264662.1827488369,181439.21251704215,181439.21251704215
2007-08-24,142030.86228416374,285134.8601718242,188261.67475084183,188261.67475084183
2007-08-31,141322.2720966429,289545.0245252578,189087.83550073756,189087.83550073756
2007-09-07,139866.84330830956,293963.7044719137,189631.89021186583,189631.89021186583
2007-09-14,142576.6066405544,302461.4796344857,192201.90442278128,192201.90442278128
2007-09-21,146206.62140949754,324116.0530710889,200704.67331164,200704.67331164
2007-09-28,146793.48384615767,329808.6305397001,202586.17974375503,202586.17974375503
2007-10-05,149939.49871787007,345693.7255508178,209322.55396310234,209322.55396310234
2007-10-12,150401.2250266454,346251.4431705953,209897.9863919243,209897.9863919243
2007-10-19,143993.81809502185,343377.88189843425,206669.83231908426,206669.83231908426
2007-10-26,147793.95128072097,372066.2882735543,218859.6268891597,218859.6268891597
2007-11-02,145465.85365651516,374871.8702996906,221926.94036607587,221926.94036607587
2007-11-09,139635.59166109998,342064.08146124106,211273.13034823275,211273.13034823275
2007-11-16,140260.97186607504,343113.77122923394,211921.46279585775,211921.46279585775
2007-11-23,138663.9037747827,345628.404554123,213474.60585594687,213474.60585594687
2007-11-30,143022.11984889596,349112.6799573774,215626.6405515988,215626.6405515988
2007-12-07,145186.84329173385,361547.5876994153,219589.8358435074,219589.8358435074
2007-12-14,141588.59169590892,348398.4618711853,216101.79263265306,216101.79263265306
2007-12-21,143268.6314941496,351006.6613595876,215512.57071121523,215512.57071121523
2007-12-28,142465.87064660125,356261.31034099305,216938.95796424907,216938.95796424907
2008-01-04,136672.44813051037,360106.2875665927,209949.58275728452,209949.58275728452
2008-01-11,135550.43942164088,361761.71801312314,210914.73372390989,210914.73372390989
2008-01-18,127725.9453532529,363496.75584396085,211926.29747947224,211926.29747947224
2008-01-25,128673.79532001863,365920.39343136165,213339.32945863638,213339.32945863638
2008-02-01,134999.173287275,367799.4451350728,214434.8563483205,214434.8563483205
2008-02-08,128702.80278405352,365016.17086827726,207590.32337346126,207590.32337346126
2008-02-15,130704.90831155011,363129.1237023941,206517.13055996253,206517.13055996253
2008-02-22,131169.11061457696,363037.6539317371,206465.11029131414,206465.11029131414
2008-02-29,129428.20694090599,369316.75360269286,210036.13107126276,210036.13107126276
2008-03-07,125453.10694803354,368439.52893976384,209537.2398823726,209537.2398823726
2008-03-14,125356.3670554772,372659.2828349833,211937.0789732855,211937.0789732855
2008-03-21,128377.74307011686,376556.3947577034,214153.42660066768,214153.42660066768
2008-03-28,127823.75230609339,372730.81804138573,211977.76214793592,211977.76214793592
2008-04-04,133052.9589270885,373338.4268850513,212323.31866407895,212323.31866407895
2008-04-11,129641.30820347655,372307.02510653547,211736.7445727976,211736.7445727976
2008-04-18,134598.30049412142,368020.06239353016,209298.68279113507,209298.68279113507
2008-04-25,135686.92989973363,365242.820741488,207719.22265033567,207719.22265033567
2008-05-02,137543.42831758366,365251.4087005154,207724.1067550244,207724.1067550244
2008-05-09,135006.58055041247,367821.9074577134,206871.09790036496,206871.09790036496
2008-05-16,138661.2102245509,366660.8723661747,206218.10633238702,206218.10633238702
2008-05-23,133781.87505905092,365632.01368464215,205639.45367272335,205639.45367272335
2008-05-30,136415.95998959048,361853.42439186235,203514.29228439092,203514.29228439092
2008-06-06,132469.76386266705,364389.34984052693,204048.04475659726,204048.04475659726
2008-06-13,132333.6463376833,356820.23096772644,199809.5457247207,199809.5457247207
2008-06-20,128531.46190988459,358298.6836390157,200637.438683101,200637.438683101
2008-06-27,124575.29964710346,362147.7102775428,202792.78806461074,202792.78806461074
2008-07-04,123383.57978627298,362030.9775561806,202727.42094133038,202727.42094133038
2008-07-11,120970.78036708532,362251.93599087064,202851.1516063202,202851.1516063202
2008-07-18,123061.18254314241,360134.99192937184,201665.7209761523,201665.7209761523
2008-07-25,122572.8004468807,359992.0683212438,201585.6876744083,201585.6876744083
2008-08-01,123236.97813500237,364511.70332754974,204116.55935453234,204116.55935453234
2008-08-08,126372.63319813092,366556.46101331845,205261.56759356215,205261.56759356215
2008-08-15,127154.09427923082,368985.46284537663,206621.74201896338,206621.74201896338
2008-08-22,126646.1839437885,368464.88733086374,206330.23400444264,206330.23400444264
2008-08-29,125806.0863461038,370123.94512058253,207259.2608771503,207259.2608771503
2008-09-05,121537.37901815536,372438.48965296894,208555.34235302825,208555.34235302825
2008-09-12,123168.69663662599,371374.81870850443,207959.71578881232,207959.71578881232
2008-09-19,121946.12526583268,369439.97539301176,206876.25658340624,206876.25658340624
2008-09-26,118733.3414277971,367385.65462668566,205725.8932814734,205725.8932814734
2008-10-03,108407.44049740341,369843.79046812636,207102.38195330644,207102.38195330644
2008-10-10,86949.92524362126,353510.77665715886,197956.3420523901,197956.3420523901
2008-10-17,91577.4963409156,356372.05958186695,199558.58203700447,199558.58203700447
2008-10-24,85515.55276623464,359264.41548352863,201178.22203672607,201178.22203672607
2008-10-31,95134.08078661612,357879.5400238044,200402.72975103828,200402.72975103828
2008-11-07,92216.11638126084,360717.2890704139,201991.79140919042,201991.79140919042
2008-11-14,85102.85425158257,362330.05589903664,202894.8966129314,202894.8966129314
2008-11-21,78127.21699903696,370430.9706183652,207431.18673760808,207431.18673760808
2008-11-28,88512.15329864594,380630.54283315263,213142.66751686772,213142.66751686772
2008-12-05,86389.90507100198,385192.5942819087,215697.29124175175,215697.29124175175
2008-12-12,87431.37662794032,390047.1953898106,218415.73475436843,218415.73475436843
2008-12-19,87348.75715448381,400023.5347011218,224002.2112284814,224002.2112284814
2008-12-26,86328.56982428108,399990.52795616136,223983.7283563121,223983.7283563121
2009-01-02,92073.25462088903,394851.8258448743,221106.1960715359,221106.1960715359
2009-01-09,88240.1772438931,395037.461985463,221210.14722032732,221210.14722032732
2009-01-16,84248.59479556368,394124.7398959756,220699.04787604747,220699.04787604747
2009-01-23,82317.17942193926,387276.58111518703,216864.26672776698,216864.26672776698
2009-01-30,82039.86806576572,381640.0559248062,213707.9671684581,213707.9671684581
2009-02-06,86150.3085979781,380336.8864620271,212978.22800077123,212978.22800077123
2009-02-13,81970.56094633951,382187.35795111797,214014.44129677472,214014.44129677472
2009-02-20,76681.51089105957,382012.9548702188,213916.78035341133,213916.78035341133
2009-02-27,73224.76910058629,375053.675460229,210019.77469958327,210019.77469958327
2009-03-06,68262.58136593662,376079.2919739009,210594.09182596588,210594.09182596588
2009-03-13,75364.16281143656,380779.78075056226,213226.236658678,213226.236658678
2009-03-20,76522.08897666639,389217.79369461717,217951.2925463399,217951.2925463399
2009-03-27,81410.05904262108,388594.3592388082,217602.18634497205,217602.18634497205
2009-04-03,84053.57657887627,386510.6391315402,216435.3602182092,216435.3602182092
2009-04-10,85599.77283011738,386965.3457711987,216689.9834688634,216689.9834688634
2009-04-17,86866.68418164972,387500.8010769006,216989.82375846253,216989.82375846253
2009-04-24,86447.72316270867,386099.4322568087,216205.09564319855,216205.09564319855
2009-05-01,87674.65601291577,382816.14058436314,214366.54233086566,214366.54233086566
2009-05-08,92752.20539605134,382960.61078886787,214447.44168417464,214447.44168417464
2009-05-15,88492.64577908246,385001.3166381914,215590.18100589208,215590.18100589208
2009-05-22,88801.92750454588,377913.19690571574,211621.0283041315,211621.0283041315
2009-05-29,92303.31489011143,378846.23478147265,212143.50393168585,212143.50393168585
2009-06-05,94318.40125776365,370032.88833649555,207208.2715747382,207208.2715747382
2009-06-12,94847.12444865098,372007.03877121507,208313.74168915342,208313.74168915342
2009-06-19,92333.17185845021,370945.69639401545,207719.4190587591,207719.4190587591
2009-06-26,92132.47128675453,377126.0818444101,211180.26545162723,211180.26545162723
2009-07-03,90096.06443303668,377013.371930868,211117.15099042517,211117.15099042517
2009-07-10,88240.1772438931,381850.7841794031,213825.96921309602,213825.96921309602
2009-07-17,94429.82099908337,376362.588173818,210752.72993025006,210752.72993025006
2009-07-24,98372.31867434231,378348.0718246523,211864.5463349453,211864.5463349453
2009-07-31,99124.73085217299,382757.97013377276,214333.96847350468,214333.96847350468
2009-08-07,101522.39459101962,374869.4443607359,209916.61033528068,209916.61033528068
2009-08-14,101111.02731177057,382030.19085698173,213926.4320334068,213926.4320334068
2009-08-21,103297.9725440209,392915.1063962464,220021.6862830156,220021.6862830156
2009-08-28,103709.26730460986,394608.96611296653,220970.20128061352,220970.20128061352
2009-09-04,102385.0765714172,391951.8908017028,219482.31196038044,219482.31196038044
2009-09-11,105103.71825961846,408580.14278286556,222849.85151867403,222849.85151867403
2009-09-18,107569.86033320459,419867.9956477804,229006.52941735435,229006.52941735435
2009-09-25,105281.76192994117,414846.31000654364,226267.5761929002,226267.5761929002
2009-10-02,103306.16715261075,398390.0101949579,217291.8977750002,217291.8977750002
2009-10-09,108114.16467620211,412754.6993263222,217828.81626418963,217828.81626418963
2009-10-16,109757.14743913819,406436.7487948461,214494.55577549414,214494.55577549414
2009-10-23,108940.70128445051,408638.1543677598,215656.33435935483,215656.33435935483
2009-10-30,104384.67502523649,390231.0119827971,205942.07539860383,205942.07539860383
2009-11-06,107983.13381723309,410372.2324885262,210415.33888991713,210415.33888991713
2009-11-13,110492.95284380889,428577.89203911286,219750.15669866896,219750.15669866896
2009-11-20,110301.3999830928,419446.38964414835,216728.71246706936,216728.71246706936
2009-11-27,110442.5938142826,422113.20070903836,216737.94819517236,216737.94819517236
2009-12-04,111894.03407631117,423134.5463940096,216100.7739287457,216100.7739287457
2009-12-11,111994.80393440666,415161.97903363284,212029.07146091602,212029.07146091602
2009-12-18,111685.75012473209,413581.0649210817,211782.57868861806,211782.57868861806
2009-12-25,113986.09382174167,432537.2214103267,215357.3717541851,215357.3717541851
2010-01-01,112932.21121411984,430115.4608931482,214151.59349006927,214151.59349006927
2010-01-08,116104.09452786623,449551.0088400417,216789.47212643505,216789.47212643505
2010-01-15,115161.66274098986,438754.328514444,211582.92919253404,211582.92919253404
2010-01-22,110672.32256963034,421907.2856769529,203458.68644407505,203458.68644407505
2010-01-29,108828.00728667497,405774.7615668997,199739.23477461885,199739.23477461885
2010-02-05,108088.17191646513,396657.1101165988,197014.07161024254,197014.07161024254
2010-02-12,109486.65283701287,413053.6826275243,200576.9471706761,200576.9471706761
2010-02-19,112628.20263122562,425743.93214278884,203843.5214200269,203843.5214200269
2010-02-26,112222.81296152947,428562.7020757933,203691.2215967047,203691.2215967047
2010-03-05,115779.82215938193,437269.4710150207,208762.3038269171,208762.3038269171
2010-03-12,117006.009103371,439197.32446707174,209682.70452892958,209682.70452892958
2010-03-19,118006.76661257465,430038.68015958724,205310.1612523008,205310.1612523008
2010-03-26,118627.53670272985,453708.2696041461,216610.556890746,216610.556890746
2010-04-02,119868.95256533724,457986.31684276095,218652.99309225008,218652.99309225008
2010-04-09,121649.66898339613,483100.7099980432,230643.1705957044,230643.1705957044
2010-04-16,121456.3342356036,497588.47143498465,237559.9545363943,237559.9545363943
2010-04-23,123949.38073208212,504166.046645215,238986.22943312183,238986.22943312183
2010-04-30,120896.66629647618,482854.6166971904,228884.1245393137,228884.1245393137
2010-05-07,113214.08088607028,444035.45780039893,219310.57711922907,219310.57711922907
2010-05-14,115890.28879831193,467812.0657774046,225454.0995108675,225454.0995108675
2010-05-21,111026.29650932466,450313.2086190427,221661.67752914026,221661.67752914026
2010-05-28,111290.91709998292,448946.059642413,220988.71362359254,220988.71362359254
2010-06-04,108696.13728321064,451119.64011964615,222058.6344822447,222058.6344822447
2010-06-11,111606.31111251084,451546.6384015046,222268.81964592013,222268.81964592013
2010-06-18,114233.26849474468,453218.59976942756,227982.36247925367,227982.36247925367
2010-06-25,110286.77193337234,435598.5487588514,221111.77326052258,221111.77326052258
2010-07-02,104489.7442038943,437490.5838167259,211786.14167348936,211786.14167348936
2010-07-09,110378.77739340586,437681.5312623851,211878.57800074873,211878.57800074873
2010-07-16,109049.68647075302,442148.0730275693,212789.55836576677,212789.55836576677
2010-07-23,112883.72730994724,442125.5177703743,213122.0921908842,213122.0921908842
2010-07-30,112740.52367589214,445444.9134158282,212907.62434124376,212907.62434124376
2010-08-06,114908.05462685628,449820.3665905539,221004.87853598795,221004.87853598795
2010-08-13,110736.62590151055,446119.53345459985,222254.90872124338,222254.90872124338
2010-08-20,109939.16927595712,446739.82361875445,222563.93471870935,222563.93471870935
2010-08-27,109254.16837258181,445520.8111650477,220050.15692851355,220050.15692851355
2010-09-03,113374.41964352313,445167.86293195677,227145.91806454875,227145.91806454875
2010-09-10,113977.67129736298,443140.58014004177,229385.92950275386,229385.92950275386
2010-09-17,115626.01008133694,445289.96065561444,229144.45593089054,229144.45593089054
2010-09-24,118020.98026995175,482257.9863085751,248168.05599727138,248168.05599727138
2010-10-01,117805.11293848926,472161.51603952557,242972.4522535502,242972.4522535502
2010-10-08,119788.93340383528,474445.55740958225,244147.81092612102,244147.81092612102
2010-10-15,120981.22305413787,487506.1359887364,246176.10512175507,246176.10512175507
2010-10-22,121649.37890875578,500735.68062351743,252856.63184808954,252856.63184808954
2010-10-29,121793.25593036883,523003.6128567818,264101.27560048504,264101.27560048504
2010-11-05,126141.18471455824,526983.3395753795,266110.9192761412,266110.9192761412
2010-11-12,123550.94249394572,520241.55076528265,262706.51636035636,262706.51636035636
2010-11-19,123643.4245051741,516722.18172447843,261971.82369434214,261971.82369434214
2010-11-26,122111.97544145216,527508.7400932008,267440.4768065602,267440.4768065602
2010-12-03,126315.92360594272,527418.0114345546,267558.7132257729,267558.7132257729
2010-12-10,127950.25592871124,536258.670357029,272043.57205516973,272043.57205516973
2010-12-17,128437.1980115798,526173.1277260891,266927.18476839847,266927.18476839847
2010-12-24,129780.46115237538,529361.8423136191,268544.8169944258,268544.8169944258
2010-12-31,129935.42316917318,515423.8599400886,261474.09026918182,261474.09026918182
2011-01-07,131371.69667143494,520222.1733076285,261968.82238581788,261968.82238581788
2011-01-14,133603.5723935136,539911.7595975025,271883.9278893507,271883.9278893507
2011-01-21,132642.62762869784,517729.6881601021,260713.67904050436,260713.67904050436
2011-01-28,131971.00123820434,547696.6162121304,269738.82822627167,269738.82822627167
2011-02-04,135515.16427341278,576130.287201548,275998.9528026848,275998.9528026848
2011-02-11,137540.38253386,591088.3144640365,283164.69283085415,283164.69283085415
2011-02-18,139007.72510206484,596386.1552741027,285702.65785053046,285702.65785053046
2011-02-25,136734.45158488493,574785.9149713714,275354.9225616988,275354.9225616988
2011-03-04,136879.0952323332,577042.3718534487,276907.0157622477,276907.0157622477
2011-03-11,135194.81827238176,568929.2472864302,274755.2553704285,274755.2553704285
2011-03-18,132585.82479823238,564493.1992381976,274156.26726442116,274156.26726442116
2011-03-25,136259.55795939954,589189.1116847706,280580.7472518849,280580.7472518849
2011-04-01,138179.39624693146,609122.5919524449,290073.37139906554,290073.37139906554
2011-04-08,137878.46452718662,602461.8307657957,286901.41639522585,286901.41639522585
2011-04-15,137027.50985010597,609292.3037648742,290154.1907255001,290154.1907255001
2011-04-22,138833.22448627782,633510.2213803674,301687.1286000805,301687.1286000805
2011-04-29,141583.30819353118,663090.5911389035,315773.74711735826,315773.74711735826
2011-05-06,139269.061633402,643512.7193636174,306450.46910123236,306450.46910123236
2011-05-13,139103.00426161085,655382.6928884138,307005.522536255,307005.522536255
2011-05-20,138656.7969460942,671390.1886393464,309022.1886676547,309022.1886676547
2011-05-27,138552.98130427505,663288.4545720546,305110.33572502923,305110.33572502923
2011-06-03,135346.28903368677,659400.9357585482,304571.06563149596,304571.06563149596
2011-06-10,132419.80886567556,633235.2118896007,299112.04732729716,299112.04732729716
2011-06-17,132502.67697453804,637219.7188474956,300975.2583380592,300975.2583380592
2011-06-24,132252.36327953415,669660.7936515121,313327.70285016485,313327.70285016485
2011-07-01,139667.53095096414,721528.5144803654,325155.58563718287,325155.58563718287
2011-07-08,140168.1376213548,736495.9331931522,331900.62716965517,331900.62716965517
2011-07-15,137341.79536311544,714711.1954252777,322083.37251553097,322083.37251553097
2011-07-22,140355.79519404337,699603.9089113945,315275.299798754,315275.299798754
2011-07-29,134880.51203975515,651701.2790938808,293688.0619567508,293688.0619567508
2011-08-05,125233.53080509802,597576.0358528172,279067.1321112662,279067.1321112662
2011-08-12,123189.42661360235,611240.9329383151,285448.6190040651,285448.6190040651
2011-08-19,117474.19993270269,616230.2875026591,287778.6402663312,287778.6402663312
2011-08-26,123032.97278436845,615097.2163429913,287249.4976969589,287249.4976969589
2011-09-02,122907.80557705791,622710.7425201384,290805.0032527971,290805.0032527971
2011-09-09,120895.02944671991,624907.7353351592,292246.9985341931,292246.9985341931
2011-09-16,127391.0127417358,622114.1536542741,290940.5402920641,290940.5402920641
2011-09-23,119025.47767005418,626320.2420947539,290625.1347398005,290625.1347398005
2011-09-30,118616.62782429102,623648.1431297027,289385.2273097631,289385.2273097631
2011-10-07,121300.32587813881,618213.0309947608,286863.22643803584,286863.22643803584
2011-10-14,128491.73204396534,615432.2654204007,285572.89552517043,285572.89552517043
2011-10-21,129959.36468681056,617866.2929396923,284087.55375016894,284087.55375016894
2011-10-28,134813.06968587404,617141.6547895004,278229.576031192,278229.576031192
2011-11-04,131542.33307862017,621481.6033457696,280186.1803819708,280186.1803819708
2011-11-11,132779.34602257938,619809.1526902424,275945.99512513325,275945.99512513325
2011-11-18,127873.24111169863,588162.8405798256,270406.3585847168,270406.3585847168
2011-11-25,121960.73259593597,586964.8118312485,268819.13480492245,268819.13480492245
2011-12-02,130892.41048710991,589400.3915457064,269934.585711675,269934.585711675
2011-12-09,132139.89719754746,589707.7661776518,271797.7700258278,271797.7700258278
2011-12-16,128272.8292885878,579425.757841873,268822.04650723643,268822.04650723643
2011-12-23,133336.63120573253,575600.0161854891,270448.06148935435,270448.06148935435
2011-12-30,132397.7113939661,581245.8745566448,273100.79152581503,273100.79152581503
2012-01-06,134729.11379711019,594690.250354376,275822.4234081389,275822.4234081389
2012-01-13,135921.26876990122,599583.8081226666,278092.0973466864,278092.0973466864
2012-01-20,139202.18906899303,616144.0036053692,285772.85762050917,285772.85762050917
2012-01-27,139065.06664257665,632564.2218925024,293388.6952740588,293388.6952740588
2012-02-03,141934.50570452499,656818.3183308647,304637.95260292426,304637.95260292426
2012-02-10,141744.6829318424,663297.0883440648,307642.86153607053,307642.86153607053
2012-02-17,143907.3344129635,663960.0310087008,307950.3400128601,307950.3400128601
2012-02-24,144455.896637289,670907.2539673541,311172.5214279253,311172.5214279253
2012-03-02,144856.74871082546,689777.7654888252,319924.82603641984,319924.82603641984
2012-03-09,145131.09716174396,694680.5615725364,322198.78478465776,322198.78478465776
2012-03-16,148659.78264292804,712192.5920696172,330321.01427744626,330321.01427744626
2012-03-23,147971.05220846256,722969.0122762736,335319.2101202285,335319.2101202285
2012-03-30,149200.13989885512,726665.5288730665,337033.68612734025,337033.68612734025
2012-04-06,148119.38394776668,746297.422386549,346139.1262144318,346139.1262144318
2012-04-13,145311.43034976372,720003.4367882274,342062.572273542,342062.572273542
2012-04-20,146169.75085074748,716160.1884384846,341187.25180860603,341187.25180860603
2012-04-27,148755.1343211342,750439.2994887353,350990.9594805097,350990.9594805097
2012-05-04,145163.17112911967,726894.8883495532,342538.519396082,342538.519396082
2012-05-11,143690.33786236538,739318.4093918918,343193.88978647126,343193.88978647126
2012-05-18,137470.5574240046,694635.4820230762,332654.41805117595,332654.41805117595
2012-05-25,139971.1769405579,725073.1577795577,341311.1691868909,341311.1691868909
2012-06-01,135796.391637231,700098.6877000426,335331.65053825144,335331.65053825144
2012-06-08,141030.76780270945,736722.175385072,344285.9738321119,344285.9738321119
2012-06-15,142869.14691534627,727533.7645291791,340208.0303926355,340208.0303926355
2012-06-22,142144.93413648094,718679.6197129126,336067.6711191349,336067.6711191349
2012-06-29,144956.7623028943,715125.8864212695,337533.60505350574,337533.60505350574
2012-07-06,144307.03654774712,736215.0573682217,347487.52230426675,347487.52230426675
2012-07-13,144583.94387138588,724899.5672135197,342591.3134306545,342591.3134306545
2012-07-20,145350.7872625739,718231.441261132,339439.92235322454,339439.92235322454
2012-07-27,147704.6290111107,748971.7984082362,349816.10531564854,349816.10531564854
2012-08-03,148418.22298617754,745490.8866252925,348190.30444378045,348190.30444378045
2012-08-10,150005.16954448336,746519.4663628835,348670.7147323592,348670.7147323592
2012-08-17,151432.34713480846,757103.3654095553,353614.0495166987,353614.0495166987
2012-08-24,150718.79459897598,756778.7951983548,353462.4551743951,353462.4551743951
2012-08-31,150346.04868612764,763449.6385408727,356578.15117551276,356578.15117551276
2012-09-07,153722.32066342558,775733.0173135417,358839.54867941584,358839.54867941584
2012-09-14,156821.61279842464,775877.6685310313,358906.4616203909,358906.4616203909
2012-09-21,156191.8503944186,789867.2041754012,365377.7585032349,365377.7585032349
2012-09-28,154157.40154452313,787559.6527347886,364310.3284738008,364310.3284738008
2012-10-05,156480.9719323778,806535.8534129781,371373.6103443389,371373.6103443389
2012-10-12,153000.94647211223,760051.340070716,349969.57545616373,349969.57545616373
2012-10-19,153536.36209934475,744620.2636263792,349532.30501380493,349532.30501380493
2012-10-26,151352.07933790048,737224.3381264071,345887.9892984697,345887.9892984697
2012-11-02,151576.8871841709,725797.09283066,343796.28161608655,343796.28161608655
2012-11-09,147936.30541047215,707919.5326356501,339651.49108432967,339651.49108432967
2012-11-16,146019.65794398412,708466.4600866461,346094.1029123458,346094.1029123458
2012-11-23,151352.07933790048,705849.159194039,356814.31488247204,356814.31488247204
2012-11-30,152208.65939104217,717309.7919915846,361758.2734074257,361758.2734074257
2012-12-07,152487.058527117,717683.624593095,361946.80706188804,361946.80706188804
2012-12-14,152155.0681012377,709923.3538053713,359892.90145861945,359892.90145861945
2012-12-21,153978.2804541077,707558.8847667672,359783.33573965123,359783.33573965123
2012-12-28,151002.0006862337,692446.8990075191,352099.1121885547,352099.1121885547
2013-01-04,157838.8113238509,731032.1898121986,361882.19670324546,361882.19670324546
2013-01-11,158593.66841650737,738554.5741932846,365605.99576737825,365605.99576737825
2013-01-18,159952.40911132735,732440.7391502778,362579.4695945527,362579.4695945527
2013-01-25,162022.86865586045,751044.9194385505,371789.07995700877,371789.07995700877
2013-02-01,163090.426210813,756857.2336582851,374666.344552303,374666.344552303
2013-02-08,163694.30981297645,750871.0219288217,371702.9956317234,371702.9956317234
2013-02-15,164028.6415555957,753493.4779631855,372937.72187991004,372937.72187991004
2013-02-22,163791.35013998175,766586.0053018745,379528.4722745743,379528.4722745743
2013-03-01,164028.6415555957,774189.9070768701,380828.0492380116,380828.0492380116
2013-03-08,167619.54804713465,791808.1044113649,383561.0695157789,383561.0695157789
2013-03-15,168787.47142764792,786060.5314631579,380776.8782264347,380776.8782264347
2013-03-22,168538.35947043973,783662.6205061821,379615.3022257129,379615.3022257129
2013-03-29,169697.33197633654,804210.0217550471,389568.702746466,389568.702746466
2013-04-05,168061.68395787786,769233.1118397225,372625.4801389475,372625.4801389475
2013-04-12,172004.4302685428,804738.6130223499,389824.7585138846,389824.7585138846
2013-04-19,168408.30243347763,787045.1787003713,381253.85281825473,381253.85281825473
2013-04-26,171397.86347595614,852561.2602966878,412990.60593755706,412990.60593755706
2013-05-03,174788.01759675646,849551.3008688042,411532.54652780097,411532.54652780097
2013-05-10,176997.68188923126,854468.289798743,413914.3932432581,413914.3932432581
2013-05-17,180821.25932175576,886644.6978222409,429501.0201114483,429501.0201114483
2013-05-24,179055.72002327227,861673.8865082265,417404.86822702136,417404.86822702136
2013-05-31,177041.11020681492,853098.9656782033,413251.07668807026,413251.07668807026
2013-06-07,178503.31430996215,853333.1642553381,414980.9285455816,414980.9285455816
2013-06-14,176748.65281049174,825425.0107048883,411256.4944831167,411256.4944831167
2013-06-21,173208.51974082246,809075.0316033086,403110.345525932,403110.345525932
2013-06-28,174678.4937004076,825980.6286160717,407041.399802782,407041.399802782
2013-07-05,177509.66362944705,863564.7997004089,420240.6267478967,420240.6267478967
2013-07-12,182398.7473748245,892755.9809016861,434446.0694521292,434446.0694521292
2013-07-19,184206.3474961586,901999.9367592152,438944.4994536133,438944.4994536133
2013-07-26,184140.91494514275,888000.5501920757,432131.91169285483,432131.91169285483
2013-08-02,186144.41904679817,918031.0048749588,446745.77402471146,446745.77402471146
2013-08-09,184358.65740195892,949149.2941611127,461889.0144595607,461889.0144595607
2013-08-16,180569.32949661274,932794.8903620384,453930.3935141545,453930.3935141545
2013-08-23,181429.5872818017,975704.0201909797,469924.5508637844,469924.5508637844
2013-08-30,178195.62799502065,978775.4060226183,473284.22141351085,473284.22141351085
2013-09-06,180798.05335052786,1013386.6023602032,475619.30913023144,475619.30913023144
2013-09-13,184380.43371960224,1042720.0548306538,480299.84046453034,480299.84046453034
2013-09-20,186800.11205168965,1096772.518898482,491745.96958978823,491745.96958978823
2013-09-27,184819.68960355912,1079827.444576482,484148.52175200725,484148.52175200725
2013-10-04,184797.74752897845,1107968.7726031332,483797.84370049223,483797.84370049223
2013-10-11,186296.79111145,1082221.0272467316,477262.60657979216,477262.60657979216
2013-10-18,190815.7810549766,1127125.7571395384,497065.7224838749,497065.7224838749
2013-10-25,192522.78743496112,1113662.7866379844,491128.51351074554,491128.51351074554
2013-11-01,192807.20561982322,1119059.0389148453,493508.2763896548,493508.2763896548
2013-11-08,193988.8868261359,1096665.2464634138,483632.5490774923,483632.5490774923
2013-11-15,197008.9367852768,1126627.1860144062,496845.8511740821,496845.8511740821
2013-11-22,197840.4771810712,1092426.8811506215,481763.41770239157,481763.41770239157
2013-11-29,198048.3778197327,1108349.537693753,488785.35534186155,488785.35534186155
2013-12-06,197982.77951177952,1123846.9991587857,495619.7807207404,495619.7807207404
2013-12-13,194886.212006438,1143325.417151067,504209.8194549698,504209.8194549698
2013-12-20,199739.6994495212,1135163.8444318972,500816.9275727054,500816.9275727054
2013-12-27,202258.9355420998,1151449.3341333834,508001.83656740387,508001.83656740387
2014-01-03,201202.79449620665,1120892.6373573954,494520.6892676678,494520.6892676678
2014-01-10,202578.01764648355,1164836.935747951,513908.2416569094,513908.2416569094
2014-01-17,202027.95324991338,1193799.9056924214,526686.2610521885,526686.2610521885
2014-01-24,196802.36220211408,1200569.3122138237,529672.8196817368,529672.8196817368
2014-01-31,196021.253354506,1235573.3245279659,540790.4541567274,540790.4541567274
2014-02-07,197671.36366574783,1262923.20018149,546818.5318783222,546818.5318783222
2014-02-14,202445.9715262733,1310141.1322926683,556652.4600539553,556652.4600539553
2014-02-21,202303.04760705,1340910.6404948006,569725.8015537328,569725.8015537328
2014-02-28,204943.28626388835,1405068.004189186,596984.9673418946,596984.9673418946
2014-03-07,207110.59965887223,1422113.895834183,604227.4218257075,604227.4218257075
2014-03-14,203150.08627648588,1381026.8913135133,586770.3848859882,586770.3848859882
2014-03-21,205748.3884281767,1360335.5673460881,586572.7937571174,586572.7937571174
2014-03-28,204963.9022829703,1285008.0155296996,569316.3070555083,569316.3070555083
2014-04-04,205969.40458450536,1265108.6050793626,560499.9738239233,560499.9738239233
2014-04-11,200565.93562332066,1244575.4372219355,557168.939875639,557168.939875639
2014-04-18,205958.34030893777,1251096.921467552,557938.8573171626,557938.8573171626
2014-04-25,205847.84259058203,1256105.4973921846,560172.480532299,560172.480532299
2014-05-02,207803.65013351722,1297246.0147014519,568298.003963403,568298.003963403
2014-05-09,207693.1316955443,1234118.6621338443,560284.0429573555,560284.0429573555
2014-05-16,207792.64801680113,1237121.3416882078,561647.2452911694,561647.2452911694
2014-05-23,210334.09553898356,1279247.5802031974,580772.3585837228,580772.3585837228
2014-05-30,212908.71516825157,1304693.015485858,592324.4660045186,592324.4660045186
2014-06-06,215892.19500309136,1346465.9587099054,611289.184903858,611289.184903858
2014-06-13,214510.9010049843,1361449.1262052236,618091.4721701967,618091.4721701967
2014-06-20,217548.3968817805,1384257.2041660238,628446.2318250488,628446.2318250488
2014-06-27,217415.19046300885,1374127.9338027476,623847.5909281259,623847.5909281259
2014-07-04,220057.66683850135,1418927.6184787934,644186.4361491435,644186.4361491435
2014-07-11,218292.31401657237,1380031.9933444117,626528.0060708196,626528.0060708196
2014-07-18,219513.61113090985,1390251.6425478605,631167.678534255,631167.678534255
2014-07-25,219524.6961260946,1384156.8206132876,628400.6581662919,628400.6581662919
2014-08-01,213729.0669707754,1312675.5963297726,595948.5200000467,595948.5200000467
2014-08-08,214550.6619503293,1307324.0901492713,597187.1571904143,597187.1571904143
2014-08-15,217304.15403460673,1332450.0990484818,600401.1690585843,600401.1690585843
2014-08-22,221156.86324886914,1368768.5204459394,609709.803295167,609709.803295167
2014-08-29,222844.43462795028,1378907.7856536198,614226.278727637,614226.278727637
2014-09-05,223288.47674347291,1396231.2465990514,621942.911458195,621942.911458195
2014-09-12,221090.20824044038,1405507.3354654007,626074.8901189899,626074.8901189899
2014-09-19,223874.966227024,1393321.0987796364,620646.6034060802,620646.6034060802
2014-09-26,220751.69113515323,1325648.4366632847,590502.2182225442,590502.2182225442
2014-10-03,219212.30645805603,1312629.8824889823,580057.5756832424,580057.5756832424
2014-10-10,212541.81218744456,1208769.5041611663,556848.7442361516,556848.7442361516
2014-10-17,210232.75589141596,1244096.5625428292,572897.0892576076,572897.0892576076
2014-10-24,219111.899193261,1243863.4404184897,572789.7382765851,572789.7382765851
2014-10-31,224945.7974814891,1289604.07888411,584536.7098039014,584536.7098039014
2014-11-07,226819.8039758459,1235129.1280837196,559844.9388728238,559844.9388728238
2014-11-14,227823.73158647623,1250271.513359605,566708.5028244888,566708.5028244888
2014-11-21,230545.48121725264,1237919.0479462266,560805.7711995211,560805.7711995211
2014-11-28,231125.48546063024,1260508.0822231588,565060.9326119886,565060.9326119886
2014-12-05,232017.92081128075,1345223.6622551791,603037.2576627821,603037.2576627821
2014-12-12,224086.9071910332,1304387.543632144,594328.1202308986,594328.1202308986
2014-12-19,231638.4410228529,1375651.8870704982,626798.8406712884,626798.8406712884
2014-12-26,233791.9758724202,1404587.4250145806,633560.0697036843,633560.0697036843
2015-01-02,230415.83857263386,1368962.163703663,617490.765196617,617490.765196617
2015-01-09,229092.39374565924,1335224.7116783063,625198.2485127391,625198.2485127391
2015-01-16,226153.68900351902,1321938.1407798612,622120.9066583905,622120.9066583905
2015-01-23,229899.9201051562,1350431.0022520511,627305.7519499416,627305.7519499416
2015-01-30,223708.48410308093,1321460.9282884276,619119.0665457585,619119.0665457585
2015-02-06,230550.5368038416,1364028.4160381886,633582.0560960887,633582.0560960887
2015-02-13,235294.99762138794,1411701.8363311214,655726.0402647321,655726.0402647321
2015-02-20,236932.5311250089,1451998.1692436612,674443.4167941846,674443.4167941846
2015-02-27,236281.97658517503,1497889.096799176,695759.4450344391,695759.4450344391
2015-03-06,232737.6167136035,1476942.2499284076,686029.7750707748,686029.7750707748
2015-03-13,230864.5633216364,1437271.5966298685,672091.3605453605,672091.3605453605
2015-03-20,237055.06694093914,1471582.2945138132,688135.5958006541,688135.5958006541
2015-03-27,231793.6723946739,1430068.9579987694,668723.2906492859,668723.2906492859
2015-04-03,232582.32318293102,1408999.137095597,663931.9192805485,663931.9192805485
2015-04-10,236638.18824352347,1441322.7120805613,672671.0619232215,672671.0619232215
2015-04-17,234283.54878972573,1409250.9344782191,657703.035320497,657703.035320497
2015-04-24,238452.00425000789,1447342.5794206215,671868.3921339914,671868.3921339914
2015-05-01,237404.3168079192,1419591.4037755146,658986.066950157,658986.066950157
2015-05-08,238418.27271325875,1395981.241156597,648026.0342513717,648026.0342513717
2015-05-15,239342.09828391843,1416396.1356892032,657502.797085709,657502.797085709
2015-05-22,239961.71843532083,1428413.709823034,663081.4543610861,663081.4543610861
2015-05-29,237877.42854632824,1445288.3372708387,670914.7959433915,670914.7959433915
2015-06-05,236334.00354388333,1436306.958376801,665605.5621563635,665605.5621563635
2015-06-12,236604.3531086885,1440751.2929850058,669534.3149256213,669534.3149256213
2015-06-19,238660.9823087621,1479030.3323600718,677719.7826722964,677719.7826722964
2015-06-26,237540.17533768833,1433308.3770318828,666093.5910276,666093.5910276
2015-07-03,234698.52128236197,1429686.300265749,665835.6891351849,665835.6891351849
2015-07-10,234891.00652585062,1432995.5114716373,664121.0433439628,664121.0433439628
2015-07-17,240551.58521647027,1471692.7922542868,676116.2395104516,676116.2395104516
2015-07-24,235479.73372805584,1462720.4340535481,675902.3352124816,675902.3352124816
2015-07-31,238310.03343317425,1455364.7613639235,673284.7511999841,673284.7511999841
2015-08-07,235423.065575102,1452641.6509904484,672024.978571865,672024.978571865
2015-08-14,237087.34810448653,1428343.5660663883,664555.1306124807,664555.1306124807
2015-08-21,223966.1532621794,1323288.9008327897,640355.9103853302,640355.9103853302
2015-08-28,225607.68565191375,1311978.753982915,634882.7900575731,634882.7900575731
2015-09-04,218033.83679240436,1314204.6033788817,635959.9061850022,635959.9061850022
2015-09-11,222732.09286366656,1312723.8212225707,635243.3373350783,635243.3373350783
2015-09-18,222422.12739083663,1319303.28359633,643117.4412294797,643117.4412294797
2015-09-25,219463.17958272347,1314003.2368278154,633069.0143171895,633069.0143171895
2015-10-02,221909.93845444918,1333227.3449013492,632251.7882060116,632251.7882060116
2015-10-09,229113.46559631886,1327917.4839391487,632040.1527209351,632040.1527209351
2015-10-16,231321.2444036314,1335759.917624884,634817.6926177503,634817.6926177503
2015-10-23,236146.34597119477,1332426.3503988828,646446.304489037,646446.304489037
2015-10-30,236624.2853804039,1327562.8128883378,653402.3631684115,653402.3631684115
2015-11-06,239025.54397282912,1312283.6096444891,673118.5287268802,673118.5287268802
2015-11-13,230490.4706336722,1253184.158545882,642804.2466009016,642804.2466009016
2015-11-20,238194.74948325276,1258971.8430722111,645772.9628635038,645772.9628635038
2015-11-27,238479.188387732,1265830.8465129717,647986.3273696316,647986.3273696316
2015-12-04,238547.58384400283,1274449.0367810095,652460.9425178486,652460.9425178486
2015-12-11,229739.38451134026,1208906.6269396194,633618.6028980319,633618.6028980319
2015-12-18,228977.39987037808,1203214.7440801468,630635.342830703,630635.342830703
2015-12-25,235456.79711185113,1203611.2891512883,630843.1821529168,630843.1821529168
2016-01-01,233384.8146754562,1194791.6870122682,628252.552854415,628252.552854415
2016-01-08,219704.72887966543,1203674.228923734,632923.2244805873,632923.2244805873
2016-01-15,214999.73893282367,1209588.887407056,636033.3057874811,636033.3057874811
2016-01-22,218102.0250525035,1210125.2048140771,636315.3154329816,636315.3154329816
2016-01-29,221765.31552661807,1224676.9975824815,643967.0266515453,643967.0266515453
2016-02-05,215159.9637323821,1229112.30444059,615560.2271542848,615560.2271542848
2016-02-12,213648.9442111876,1236615.094477315,621258.8193516587,621258.8193516587
2016-02-19,219796.309587547,1239267.146062465,622591.1744587637,622591.1744587637
2016-02-26,223333.686948133,1240252.1783729668,628510.0765415952,628510.0765415952
2016-03-04,229446.76135807973,1232374.8682354009,635192.3376618514,635192.3376618514
2016-03-11,232114.05983493925,1226488.5897811104,632158.4239819474,632158.4239819474
2016-03-18,235175.34183224404,1237678.2076478102,637925.792104659,637925.792104659
2016-03-25,233725.46590131163,1235387.1201448853,636744.9166549231,636744.9166549231
2016-04-01,238098.11318878224,1249082.0593170947,654000.0958368848,654000.0958368848
2016-04-08,235313.41736105012,1255072.4869696917,640878.7801553224,640878.7801553224
2016-04-15,239087.66138509812,1253926.3335361257,649658.4101966023,649658.4101966023
2016-04-22,240457.00016409936,1220983.050564679,632590.5169165141,632590.5169165141
2016-04-29,237419.1727734285,1243693.0457465507,644356.5505110245,644356.5505110245
2016-05-06,236717.2543026357,1249143.6121250389,645687.374587684,645687.374587684
2016-05-13,235612.58791333565,1253448.089972873,667195.321393151,667195.321393151
2016-05-20,236452.6026325517,1241076.6984668688,682155.7064389616,682155.7064389616
2016-05-27,241918.2926040912,1243639.9846773413,709662.2277366706,709662.2277366706
2016-06-03,241964.37303267236,1221726.078957583,697157.4262321341,697157.4262321341
2016-06-10,241722.74085726173,1228339.125343701,700931.0498598081,700931.0498598081
2016-06-17,238873.6070201378,1285591.6174769874,725150.3542308927,725150.3542308927
2016-06-24,235079.76223824907,1288624.4645257248,712294.3317984524,712294.3317984524
2016-07-01,242806.27323705066,1303592.943793682,723146.3517522014,723146.3517522014
2016-07-08,245963.92217380277,1348917.1028572724,735866.7427633593,735866.7427633593
2016-07-15,249642.11005266098,1385477.9230478054,755811.5500531303,755811.5500531303
2016-07-22,251273.05471802264,1441171.3678684225,786193.6645259977,786193.6645259977
2016-07-29,251134.2125633813,1522576.744381354,830602.2565225766,830602.2565225766
2016-08-05,252360.25447005022,1526037.6044336793,832490.2389704749,832490.2389704749
2016-08-12,252684.18496485124,1564844.1963857268,853660.1688030879,853660.1688030879
2016-08-19,252776.65661627098,1636482.7992872992,892740.7507466588,892740.7507466588
2016-08-26,251330.8210106864,1640066.8615828082,894695.9429832096,894695.9429832096
2016-09-02,252579.9860101145,1638958.3197390796,894091.2067291925,894091.2067291925
2016-09-09,246692.56895074202,1518982.221647652,828641.3578652497,828641.3578652497
2016-09-16,248043.38439199526,1562250.8674933542,840201.5652641932,840201.5652641932
2016-09-23,251089.16811565857,1603965.5550242008,857631.0438530818,857631.0438530818
2016-09-30,251449.5444170577,1648782.6965728616,881594.5085100952,881594.5085100952
2016-10-07,249984.68820291295,1623669.4214521123,868166.5865145677,868166.5865145677
2016-10-14,247752.7710416,1601169.646233218,865023.1479091792,865023.1479091792
2016-10-21,248752.51328956246,1604209.1881839554,864168.9405563321,864168.9405563321
2016-10-28,247078.47182049186,1640754.1686082527,883855.2989493221,883855.2989493221
2016-11-04,242440.07472322736,1580548.7437348538,851423.3327121215,851423.3327121215
2016-11-11,251589.0288798312,1689307.3874382856,900874.1217591353,900874.1217591353
2016-11-18,254007.07036216234,1852558.5167139003,954742.9801855187,954742.9801855187
2016-11-25,257517.80229507055,1884583.8262329092,959644.1748427928,959644.1748427928
2016-12-02,255378.7504579036,1837469.6472753608,935653.2826575998,935653.2826575998
2016-12-09,263318.65279391606,1968804.866147036,1002530.1580650671,1002530.1580650671
2016-12-16,263151.7562776296,2008854.4522974659,1022923.7067728203,1022923.7067728203
2016-12-23,263935.22716159467,2094477.8664872902,1066523.7894614541,1066523.7894614541
2016-12-30,261386.00978297435,2039208.2287700407,1038380.0766996557,1038380.0766996557
2017-01-06,265689.2256333158,2037510.1254699328,1037515.3898029804,1037515.3898029804
2017-01-13,265502.21036875935,2012328.7554503256,1024692.8479146841,1024692.8479146841
2017-01-20,265139.6585075577,1975227.0993100116,1005800.4072089596,1005800.4072089596
2017-01-27,267747.3466458255,2093682.022015967,1066118.5395063418,1066118.5395063418
2017-02-03,268180.013691523,2184266.9978771214,1112245.0864942754,1112245.0864942754
2017-02-10,270717.5244864435,2229644.679901447,1135351.7414577522,1135351.7414577522
2017-02-17,274903.79881749,2184386.047261355,1112305.7073308271,1112305.7073308271
2017-02-24,276833.2302877705,2198319.196836086,1119400.5712686817,1119400.5712686817
2017-03-03,278797.76078953344,2200534.6656996314,1120528.704578462,1120528.704578462
2017-03-10,277944.112562221,2226490.602202714,1133745.6615113686,1133745.6615113686
2017-03-17,278378.1678222688,2258892.5892135305,1141297.463619098,1141297.463619098
2017-03-24,274655.1634114767,2312387.3605049495,1168325.5069547207,1168325.5069547207
2017-03-31,276863.1286953437,2365138.661529939,1184657.4476319714,1184657.4476319714
2017-04-07,276228.9012138381,2279642.117477989,1141833.6930228355,1141833.6930228355
2017-04-14,273069.59470771253,2171505.8849606817,1087670.1062132472,1087670.1062132472
2017-04-21,275512.4790110277,2245484.6453234036,1110408.586433357,1110408.586433357
2017-04-28,279611.3165576261,2287219.7285948466,1131046.890470144,1131046.890470144
2017-05-05,281513.8954040574,2184021.3174637705,1080014.5211039654,1080014.5211039654
2017-05-12,280668.286388206,2353412.3514995906,1163779.62680172,1163779.62680172
2017-05-19,279881.50036549405,2371268.914896804,1172609.8280510372,1172609.8280510372
2017-05-26,283874.6057056853,2422598.570112247,1176852.3311018508,1176852.3311018508
2017-06-02,286763.6662450916,2458733.8863284006,1194406.1807774545,1194406.1807774545
2017-06-09,285871.08585712075,2457679.526393509,1193893.9927647538,1193893.9927647538
2017-06-16,286356.42216965876,2442093.735825478,1186322.7119969283,1186322.7119969283
2017-06-23,286934.7066848115,2497496.480839116,1213236.3123032805,1213236.3123032805
2017-06-30,285365.09208626655,2431833.681713498,1181338.5727557517,1181338.5727557517
2017-07-07,285730.93836659787,2455666.41590292,1192916.0619582045,1192916.0619582045
2017-07-14,289802.5088970036,2586787.125563495,1256612.0100709067,1256612.0100709067
2017-07-21,291360.3547529973,2604645.292481919,1265287.1680712597,1265287.1680712597
2017-07-28,291395.7438591199,2546928.0432100757,1237249.225595628,1237249.225595628
2017-08-04,291985.8592756753,2499659.4959878433,1214287.063943025,1214287.063943025
2017-08-11,288103.1273361368,2424568.161015472,1177809.120920178,1177809.120920178
2017-08-18,286439.0727225411,2460698.833557356,1185469.9549830533,1185469.9549830533
2017-08-25,288622.3816619785,2508811.4675627,1195228.172902964,1195228.172902964
2017-09-01,292493.3034197314,2588059.034784991,1217489.2872441136,1217489.2872441136
2017-09-08,291006.2979348343,2556015.789600848,1202415.3236227732,1202415.3236227732
2017-09-15,295546.04893476306,2616735.424415746,1228241.1201723858,1228241.1201723858
2017-09-22,295842.4844975824,2625901.6466208687,1232543.554008043,1232543.554008043
2017-09-29,297965.4993510616,2661082.0264021773,1249056.4917194787,1249056.4917194787
2017-10-06,301689.6433407979,2707398.126977921,1270796.3048937013,1270796.3048937013
2017-10-13,302377.5346307681,2703092.008105638,1268775.1023609808,1268775.1023609808
2017-10-20,304939.287377775,2736906.320992843,1277174.9643438722,1277174.9643438722
2017-10-27,305651.04766672244,2772441.171661016,1293757.2716325722,1293757.2716325722
2017-11-03,306528.56489301217,2825979.095806622,1318740.6975676275,1318740.6975676275
2017-11-10,306101.67862050445,2962130.7786635025,1382275.7624561526,1382275.7624561526
2017-11-17,305828.8634212563,2974403.2099519917,1388002.681888164,1388002.681888164
2017-11-24,308793.9649556683,3023993.110120069,1411143.7658533633,1411143.7658533633
2017-12-01,313656.6933480083,2918255.0731863105,1361801.2024945726,1361801.2024945726
2017-12-08,314902.0044986433,2883490.685162393,1345578.4309315411,1345578.4309315411
2017-12-15,317703.71113207005,2941771.8100880724,1372775.2674026825,1372775.2674026825
2017-12-22,318895.8143058182,2895317.426851125,1351097.3696978234,1351097.3696978234
2017-12-29,318120.9420629777,2847515.2552719163,1328790.5277303248,1328790.5277303248
2018-01-05,325941.00213329174,3000213.374846527,1400046.9729828364,1400046.9729828364
2018-01-12,331305.5389338182,3059804.9865480997,1427855.3469729775,1427855.3469729775
2018-01-19,334273.6655323367,3098849.1178992693,1446075.2570531217,1446075.2570531217
2018-01-26,341628.77739340585,3227167.883140746,1505955.097720259,1505955.097720259
2018-02-02,328360.97054001945,3075878.6300018444,1435356.0987697968,1435356.0987697968
2018-02-09,311731.4058011613,2898753.778091898,1381866.5209015838,1381866.5209015838
2018-02-16,325571.4263218701,3305945.9691479024,1385446.5071567604,1385446.5071567604
2018-02-23,327478.79139986704,3420412.786097304,1408181.6346457005,1408181.6346457005
2018-03-02,320767.3551657321,3349089.290209144,1398584.0744569795,1398584.0744569795
2018-03-09,332437.86601203727,3534102.1601689802,1422618.8219424663,1422618.8219424663
2018-03-16,328179.9018055903,3732041.656841788,1502297.4618941452,1502297.4618941452
2018-03-23,308850.6123890051,3633653.3023572625,1462692.1764196188,1462692.1764196188
2018-03-30,314954.6323262494,3594130.064952945,1449085.7168995123,1449085.7168995123
2018-04-06,310849.4131375634,3487551.7965766503,1431127.5531594146,1431127.5531594146
2018-04-13,317348.2453799398,3524527.897589976,1424985.0364792836,1424985.0364792836
2018-04-20,319095.7586114873,3766340.9820550047,1486910.613277014,1486910.613277014
2018-04-27,319035.96179634106,3614557.203367547,1446316.4546101934,1446316.4546101934
2018-05-04,318389.6547780266,3450753.7976379585,1380772.724715098,1380772.724715098
2018-05-11,326564.22749808134,3874516.485453075,1466813.297207086,1466813.297207086
2018-05-18,324745.00367151614,3941559.929708638,1492194.5843673917,1492194.5843673917
2018-05-25,325726.4090582851,3915316.9476257362,1478108.3696345408,1478108.3696345408
2018-06-01,327461.9049118752,3902137.7657168456,1473132.9718966181,1473132.9718966181
2018-06-08,332955.4627685055,3713168.8772841333,1401793.5377385977,1401793.5377385977
2018-06-15,333176.2302894282,3898176.9565558704,1471637.689330819,1471637.689330819
2018-06-22,330302.8752198352,3979335.9252123153,1502276.7799706568,1502276.7799706568
2018-06-29,326143.10127914627,3854581.5270366133,1455179.565988007,1455179.565988007
2018-07-06,331120.4298740413,3984931.977492706,1479449.421232377,1479449.421232377
2018-07-13,336133.70700472244,3960120.4230779908,1476487.2552699742,1476487.2552699742
2018-07-20,336241.84268672095,3857789.9764640434,1438334.4760334925,1438334.4760334925
2018-07-27,338333.81955368276,3665059.041270415,1366476.870933575,1366476.870933575
2018-08-03,340954.7475273208,3655432.148980816,1362887.5902413477,1362887.5902413477
2018-08-10,340425.713542176,3711799.734857766,1383903.6234085828,1383903.6234085828
2018-08-17,342709.8855779862,3635574.7950786334,1362737.5919589805,1362737.5919589805
2018-08-24,345655.3863545573,3753947.630592569,1407107.773268406,1407107.773268406
2018-08-31,349021.66111657186,3906453.810851362,1464272.2978783955,1464272.2978783955
2018-09-07,345763.52203655604,3789642.5952648874,1420487.4650487711,1420487.4650487711
2018-09-14,349706.9417347789,3740333.3298992086,1402004.6684256203,1402004.6684256203
2018-09-21,352630.6040348554,3763594.9851698307,1410723.9312314298,1410723.9312314298
2018-09-28,351096.89653286216,3803780.2593070753,1425786.7443481148,1425786.7443481148
2018-10-05,347594.6596429927,3556175.1485195677,1332975.8928458816,1332975.8928458816
2018-10-12,333259.46099159116,3391063.621425496,1271086.4537559678,1271086.4537559678
2018-10-19,333621.53630159807,3305275.541701165,1269171.465633128,1269171.465633128
2018-10-26,320433.790048948,3322817.23213177,1275907.1863537172,1275907.1863537172
2018-11-02,328356.20502807095,3302793.5429575085,1268218.4189223642,1268218.4189223642
2018-11-09,335445.25628508866,3315871.122974699,1273239.9946391075,1273239.9946391075
2018-11-16,330578.36324969784,3339959.314679473,1249195.941189303,1249195.941189303
2018-11-23,317921.909420464,3332222.5453900457,1211957.9444784306,1211957.9444784306
2018-11-30,332897.0956069439,3361832.205336217,1222727.2319783643,1222727.2319783643
2018-12-07,318308.28884140874,3287489.4919744493,1211145.060757451,1211145.060757451
2018-12-14,314564.461215363,3276140.171598518,1206963.8539886326,1206963.8539886326
2018-12-21,292386.1001205053,3278176.132459145,1207713.9229839141,1207713.9229839141
2018-12-28,300950.0358863769,3304641.532245213,1217464.0494284604,1217464.0494284604
2019-01-04,306586.3726249103,3327733.3114100234,1225971.2992152162,1225971.2992152162
2019-01-11,314591.50031576696,3329824.3393536187,1289863.0554731498,1289863.0554731498
2019-01-18,323677.6740323525,3318152.3637037408,1313788.7048027646,1313788.7048027646
2019-01-25,322851.66577434185,3328855.666030813,1318026.5685775615,1318026.5685775615
2019-02-01,328050.6942729321,3348320.7368751136,1366886.2628327955,1348473.530589498
2019-02-08,328548.7938696454,3363593.9200862697,1364622.0249633396,1331661.5962210267
2019-02-15,336930.4177240578,3367254.509959774,1396584.2952522563,1352851.0591705777
2019-02-22,339080.4095190894,3333442.124273426,1382560.4527732006,1339266.3652742417
2019-03-01,340635.35462867963,3373064.671370592,1398994.0864204702,1355185.3891106897
2019-03-08,333395.60959600064,3227327.6895290357,1338549.0029035097,1296633.1087108848
2019-03-15,343221.6186827959,3427115.386098661,1381433.0586216038,1338174.2748237937
2019-03-22,340708.22552225867,3395416.263229419,1368655.4858446543,1325796.8244087417
2019-03-29,344649.2624645073,3457503.90493773,1380689.1721239777,1337453.6827051246
2019-04-05,352079.5036574268,3495838.784866364,1391587.4018376875,1348010.6406069128
2019-04-12,354019.3156559085,3524250.1533606667,1402897.106002764,1358966.1878736578
2019-04-19,353848.54457121156,3394817.015640118,1351373.699199231,1309056.2069987506
2019-04-26,357984.7188679464,3486711.2763137287,1387954.0174931348,1344491.0336088878
2019-05-03,358740.9848945703,3532498.5878062453,1406180.5576050065,1362146.820072466
2019-05-10,351505.9432149884,3566977.193923594,1419905.445066503,1375441.9205561278
2019-05-17,348748.57656230056,3653156.158257071,1429939.2645486323,1385161.5367368849
2019-05-24,345015.1709036903,3540090.7089467985,1413185.2087975813,1368932.1246310312
2019-05-31,335852.334603584,3516072.342377898,1411224.6604942519,1367032.9697731892
2019-06-07,350956.95623851096,3547403.9680747287,1423800.0453359757,1379214.5636522258
2019-06-14,352921.3417029536,3631931.208418495,1441636.2305884983,1396492.2189949558
2019-06-21,360449.0686946475,3682226.0331172934,1455078.8082341752,1409513.8500327384
2019-06-28,359223.04750759574,3634099.2055056924,1436060.8755121322,1391091.452964609
2019-07-05,365917.14142216137,3811672.0405904236,1506231.0570615558,1459064.2955306089
2019-07-12,368602.11373246496,3859967.24951943,1525315.5278191392,1477551.147033864
2019-07-19,364335.53016527626,3874946.8514776044,1531234.9095108355,1483285.1666834261
2019-07-26,370269.42132595606,3990454.1012853924,1576879.0796082474,1527500.0157771518
2019-08-02,358757.1876351955,4194064.0022114236,1657338.1414147583,1605439.5482170098
2019-08-09,357531.24932661245,4304094.5572311,1686607.1470271968,1633792.0117083057
2019-08-16,354135.1797551107,4206346.552040434,1671800.9430123025,1619449.455478839
2019-08-23,349231.09500690375,4146839.2985004853,1671737.253098483,1619387.7599781365
2019-08-30,358548.789725722,4012514.458790611,1679238.9542990047,1626654.549708773
2019-09-06,365414.5249489054,3818552.560185632,1676877.7702880485,1624367.3048206712
2019-09-13,369141.5282458109,3580708.7164726853,1572431.1120226672,1523191.3337450218
2019-09-20,367385.2091769671,3938972.3594416254,1729758.8767524066,1675592.469770344
2019-09-27,363838.13503554655,3625357.249065704,1651655.8670048555,1599935.2109707242
2019-10-04,362544.77509269956,3842660.1434161463,1672127.8865937046,1619766.161009535
2019-10-11,364921.85389189003,3910942.098865418,1701840.6786691372,1648548.5140453062
2019-10-18,367003.3880717993,3869907.723658256,1697239.0389531273,1644090.9720373596
2019-10-25,371474.30850349664,4012699.3755799993,1759863.6758654236,1704754.5543681849
2019-11-01,377066.2016632051,3763910.52658278,1650751.4754910087,1599059.1399583463
2019-11-08,380514.94050154736,3716075.241016624,1629772.1860867634,1578736.8049674227
2019-11-15,384025.17516364355,3809534.625441918,1670760.9969654863,1618442.074745934
2019-11-22,383002.9521310541,3690979.9669961454,1618766.0635116962,1568075.3328073397
2019-11-29,387129.05669384525,3878054.2563676946,1700811.89245091,1647551.9436773588
2019-12-06,387818.7298708919,3986617.341367907,1748424.7864031636,1693673.867167733
2019-12-13,390836.41779367573,4121478.48950719,1807571.3143838511,1750968.2555529915
2019-12-20,396978.58254612604,4250392.487401475,1864109.5797683473,1805736.0575890779
2019-12-27,399615.0295130227,4324652.716470678,1896678.1495684327,1837284.7613082172
2020-01-03,399058.00332508417,4541288.310549081,1991688.783865701,1929320.1920935183
2020-01-10,403142.54433583684,4615866.509843777,2024396.8069857277,1961003.9822318798
2020-01-17,410866.11314900056,4733520.1180491,2075996.563667007,2010987.9221319086
2020-01-24,406930.0489148722,4797837.553997286,2104204.487724027,2038312.5312280247
2020-01-31,398216.3724757289,4766376.115921707,2090406.3341926036,2024946.4589593883
2020-02-07,411175.5399117842,5061836.214397596,2181035.491446876,2112737.6161419437
2020-02-14,417859.19113929715,5370292.761885843,2251848.030752328,2181332.7013993184
2020-02-21,412759.8447189011,6328307.221959196,2653558.5279265773,2570463.864788179
2020-02-28,366691.2677587839,5323069.362361218,2477166.2093493496,2399595.1704830825
2020-03-06,368176.53279583884,5459393.181128831,2540606.4417401594,2461048.8083878625
2020-03-13,333346.6077013989,5283278.905786171,2458649.1531600673,2381657.9652864086
2020-03-20,284858.95327809214,5278958.368623054,2456638.5296009625,2379710.303250701
2020-03-27,315511.1198041416,5409140.462204001,2517220.6226244564,2438395.3027829356
2020-04-03,308999.77291299583,5442429.757650728,2435335.0297967177,2359073.910322477
2020-04-10,346362.58832772804,5468871.835680054,2689611.648671484,2605388.00273815
2020-04-17,356870.500735132,5517609.759374086,2849920.3553273464,2760676.7342031393
2020-04-24,352301.2450003564,5526451.995634841,2854487.4904103098,2765100.8520708303
2020-05-01,352077.30737800704,5513807.689607104,2847956.5346706053,2758774.409463756
2020-05-08,364091.5359535085,5525284.048430414,2853884.229821576,2764516.4822413838
2020-05-15,356422.335415793,5530832.041132968,2907197.264166072,2805722.7990972367
2020-05-22,367826.5784618751,5545671.0250855815,2949895.596332149,2846930.764417799
2020-05-29,378882.3175471951,5564797.575384082,2908497.1305061616,2791266.4601620208
2020-06-05,397582.43506886374,5720303.357626091,2936806.1525862953,2818434.451157601
2020-06-12,378745.48519541917,5836995.989134219,2996716.198741046,2875929.746822346
2020-06-19,385951.85092484084,6144604.982489447,3154642.785461687,2970321.0764357564
2020-06-26,375210.0969180813,6061516.062987065,3079952.412153572,2899994.7653027256
2020-07-03,390441.0460588801,6529946.995240954,3207850.4661056334,3020419.9009281294
2020-07-10,397143.63501648454,7202682.728275396,3411547.2333497615,3212214.9287948147
2020-07-17,402308.2067917248,7894055.342406669,3739015.5417474145,3520549.686308718
2020-07-24,401257.76364055276,7400465.269526742,3505226.8395279,3300420.956414009
2020-07-31,408310.6384459956,7528981.607278686,3566098.5415087068,3357736.003361756
2020-08-07,418376.97437231994,7528066.093436126,3565664.9088145415,3357327.7072666017
2020-08-14,421215.6448027741,7572212.359625759,3586574.766705509,3377015.8291310007
2020-08-21,424516.98428458476,8226646.33443333,3896547.106233983,3668876.88467006
2020-08-28,438397.3458999193,8550141.105120521,4049770.2498285985,3813147.397615069
2020-09-04,428380.90281173494,8683059.276739001,4112726.8783174274,3872425.5515041584
2020-09-11,417739.14167742705,8370827.058393308,4046439.3934784574,3810011.1589052537
2020-09-18,415130.2103621291,9043664.686653078,4256826.760522631,4008105.863455353
2020-09-25,412719.60722236126,9282980.808982296,4288562.461395916,4037987.288260026
2020-10-02,419135.2294821919,9773874.62382631,4293562.403571287,4042695.0902631273
2020-10-09,435469.33248023764,10488343.667904897,4368642.179006532,4113388.0512592583
2020-10-16,436021.6760346962,10865124.533755813,4525580.284289624,4261156.465472926
2020-10-23,434125.8310638446,10437492.993015988,4347461.675183947,4093445.096955941
2020-10-30,409970.2383419002,9719789.465083145,4048521.2510878397,3811971.3762597456
2020-11-06,439625.02465634444,10898576.300690256,4224822.207532775,3977971.2952165073
2020-11-13,449593.5639896369,10295947.65788711,3991213.8166047945,3758012.341257138
2020-11-20,446115.81768725975,11116548.38809095,4309318.869304496,4057530.926026585
2020-11-27,456586.72485840216,12584324.408058146,4878300.776092517,4593267.953886531
2020-12-04,464345.68277768843,12912361.713336566,5005464.109541099,4713001.297779814
2020-12-11,459888.68592872785,12912377.264657823,5005470.137995237,4713006.973999153
2020-12-18,465480.28901379596,12765307.808330271,4948458.810276858,4659326.744624877
2020-12-25,465253.28488810576,12282746.66665024,4761394.466126416,4483192.328823384
2021-01-01,471406.306719952,12096839.77817999,4689327.846664139,4415336.468983156
2021-01-08,480711.2795938292,13082827.088203803,5071544.841692221,4775221.017983749
2021-01-15,473701.08719975204,12960483.956675341,5024118.649063023,4730565.876618514
2021-01-22,482753.8194542287,13463578.117812373,5219142.597678879,4914194.827462982
2021-01-29,466602.38060113403,12608168.147818169,4887543.777973633,4601970.899089564
2021-02-05,488843.7707714162,13232360.804639012,5032691.740019963,4738638.052928604
2021-02-12,495059.7802394525,13373699.374788426,5086447.33700216,4789252.779714298
2021-02-19,491769.00776239735,12840945.86869816,4883824.070515413,4598468.529340366
2021-02-26,479576.5490400187,11798387.111481406,4487305.495833654,4225118.023538765
2021-03-05,483699.5870994691,10852703.699910566,4279056.062709722,4029036.336187502
2021-03-12,496850.2452373888,11744024.064310338,4427593.682315074,4168895.0942664463
2021-03-19,492684.02749576076,11111041.51294055,4296699.730790614,4045649.1074996237
2021-03-26,500906.23461568425,9894325.191191418,3956600.8798514786,3725421.7937537814
2021-04-02,506763.04880049994,10309868.969860766,4122770.967101458,3881882.777135628
2021-04-09,520526.0130649618,10235881.629376797,4093184.474763673,3854024.9853838217
2021-04-16,527824.9954831235,10943483.685501244,4376144.54164516,4120452.060525626
2021-04-23,527167.1890772808,11213081.459491882,4483952.883211193,4221961.299747557
2021-04-30,527875.5927882473,10820541.052432472,4326981.519329681,4074161.570192477
2021-05-07,533972.6716537403,10261146.894474035,4103287.6973869223,3863537.889740555
2021-05-14,526964.9241744891,9858627.559461875,3942325.901176283,3711980.8836703906
2021-05-21,524890.2274682451,10333209.110933766,4132104.3598211077,3890670.831757085
2021-05-28,531341.694665776,10730211.160325142,4195036.453150838,3949925.8840447757
2021-06-04,534580.0465113966,10784774.77101142,4236736.163606736,3989189.134203952
2021-06-11,536743.0087867753,11027077.09365801,4294042.905288315,4043147.5168845896
2021-06-18,526582.1085276972,10693943.089826612,4164317.5307840216,3921001.8286899016
2021-06-25,541418.0174475752,11253547.908135066,4276920.461442799,4027025.5153480577
2021-07-02,550441.5764810797,11558329.640767498,4392753.018358235,4136090.125366339
2021-07-09,552725.8313953584,11278993.835934596,4286591.20796244,4036131.2126221
2021-07-16,547420.9878118924,11231101.420059584,4268389.65454339,4018993.152492555
2021-07-23,558335.4191081283,12056319.307563463,4431018.425656783,4172119.734272008
2021-07-30,556520.5878404026,12208942.372869696,4483631.805262078,4221658.981968875
2021-08-06,561571.6575527978,12660696.577169564,4639883.162855905,4368780.774274979
2021-08-13,565924.6833628104,12411505.23509784,4548559.695354677,4282793.219188803
2021-08-20,562675.7230732,11866335.125266481,4348766.137545211,4094673.3412639596
2021-08-27,571420.0645457514,12169611.083941054,4445651.935725084,4185898.2272216445
2021-09-03,575011.5201071453,12212461.802004239,4461305.630521969,4200637.296822033
2021-09-10,565315.6509357808,12249702.873956753,4474910.078722672,4213446.854661689
2021-09-17,561982.9833928124,12284422.718197828,4487593.503171797,4225389.202979616
2021-09-24,565178.6528270674,12706663.419133961,4521962.012306851,4257749.604455179
2021-10-01,552866.9319882711,11827147.982382413,4322693.79150141,4070124.3687708057
2021-10-08,557475.8865095401,11524484.883094594,4276920.35245212,4027025.4127255627
2021-10-15,567674.1235187546,11914183.15337773,4352016.796009507,4097734.067946959
2021-10-22,576904.6715277652,12167789.471184583,4409438.504496646,4151800.7000709944
2021-10-29,584709.2126048205,13795192.446065579,4999186.819650068,4707090.7818405265
2021-11-05,596524.4499770426,13527896.585634397,4902322.499152988,4615886.118652332
2021-11-12,594920.2543374447,13506152.624024848,4894442.788397924,4608466.809233259
2021-11-19,596982.7264695596,14691158.705903007,5323872.592214834,5012805.583501282
2021-11-26,584352.8351895348,15094255.587406887,5479206.622029894,5159063.646307543
2021-12-03,577286.6583898703,14473077.057218214,5340888.4597004,5028827.235797112
2021-12-10,599338.0911099581,15078571.48182575,5446931.519928379,5128674.336792673
2021-12-17,587555.6321720955,14469387.826900968,5362159.320855597,5048855.267970641
2021-12-24,601264.8497496241,15009006.096025815,5479844.414509544,5159664.173395246
2021-12-31,606835.4017036498,15088744.23296039,5508030.685494602,5186203.556921927
2022-01-07,595502.6413367966,13824390.935265675,5046488.183780234,4751628.388274922
2022-01-14,593752.3309569313,13802669.628174616,5029413.928517282,4735551.759724229
2022-01-21,559587.754208983,13757457.567081565,4798120.009627939,4517772.046187537
2022-01-28,564660.0822485923,13734830.489271276,4790228.476307078,4510341.604979938
2022-02-04,573284.2085023363,13617093.345279226,4749165.878533459,4471678.241830777
2022-02-11,562756.3223839827,13585473.494963953,4807205.969302384,4526327.124957477
2022-02-18,554796.5499351062,13575059.393064596,4803520.94994446,4522857.416527616
2022-02-25,559293.8671590752,13546517.940946024,4793421.586160944,4513348.1455435855
2022-03-04,552164.5784055177,13775799.894164747,4720970.343669355,4445130.135701552
2022-03-11,536705.0090088896,13469519.19220442,4616007.864401243,4346300.47871413
2022-03-18,569708.0854576466,13388970.203349832,4588403.704169782,4320309.193960533
2022-03-25,580178.8683110861,13083241.112565527,4642987.014438943,4371703.271813437
2022-04-01,580473.7499026179,13160522.274265196,4598357.984441786,4329681.858475497
2022-04-08,573616.9655540509,12867329.378349397,4515643.979758037,4251800.726399052
2022-04-15,561082.7574661069,12760265.853460604,4502347.4656217,4239281.110433561
2022-04-22,546023.6568300975,12648304.948723065,4394612.324108537,4137840.794279825
2022-04-29,528029.6224222725,12614373.739611216,4382823.03610992,4126740.33917288
2022-05-06,527183.6818925464,12436010.848227315,4320851.430917205,4068389.654939218
2022-05-13,514854.5151360947,12575214.285425983,4369217.211403333,4113929.4852548027
2022-05-20,499359.63951181265,12673036.273212954,4403205.142184589,4145931.545078901
2022-05-27,532207.6503456861,12819006.323164897,4453921.960214369,4193685.0448468835
2022-06-03,526158.3923566161,12614180.2993706,4382755.8259288855,4126677.0559960348
2022-06-10,499577.4441274803,12347887.159143938,4290233.142406474,4039560.353534018
2022-06-17,470920.84608971095,12218586.96058788,4245308.20990463,3997260.3268930768
2022-06-24,502095.955033458,12403735.62089496,4309637.508389785,4057830.947441108
2022-07-01,490717.36287342967,12623575.750495253,4386020.244795315,4129750.739078619
2022-07-08,500281.1237657324,12455596.156735832,4327656.28251526,4074796.9078354486
2022-07-15,495724.4655581948,12583426.083519898,4372070.373882647,4116615.9411305236
2022-07-22,508544.6043630541,12777989.14470941,4439670.6752658,4180266.4440962356
2022-07-29,530297.6331566917,12937477.338314818,4495084.328242193,4232442.348802983
2022-08-05,532202.6361983315,12786188.270918872,4442519.434940167,4182948.754417223
2022-08-12,549746.6819605067,12837229.813309181,4460253.652460958,4199646.784482264
2022-08-19,543362.3463225994,12690803.115762135,4409378.173712817,4151743.89433705
2022-08-26,521699.3235459387,12583365.048121318,4372049.167332369,4116595.973651627
2022-09-02,504876.1961434991,12401578.143526023,4308887.899910786,4057125.1376186763
2022-09-09,523359.8351049987,12354819.574969815,4292641.787687224,4041828.2647777395
2022-09-16,498316.6554228212,12183046.171884192,4232959.678723655,3985633.304461597
2022-09-23,475556.57035636075,11920728.601993658,4141818.2941551614,3899817.1934372513
2022-09-30,461636.9243468762,11793868.095420307,4097741.0246799197,3858315.301965603
2022-10-07,468887.505739334,11747795.689022634,4081733.317261623,3843242.90424466
2022-10-14,462218.52400077577,11626711.399633588,4039662.9756180383,3803630.6784000453
2022-10-21,483750.7645538735,11554344.219490312,4014519.234776248,3779956.0539046833
2022-10-28,502788.3631999708,11789616.125382543,4096263.6915506623,3856924.287505591
2022-11-04,486413.11104222987,11614875.380442569,4035550.5893325945,3799758.573541012
2022-11-11,515053.71353554574,11965246.651967388,4157285.945500774,3914381.089865261
2022-11-18,511848.47163815924,11979121.01395092,4162106.547344986,3918920.0301614357
2022-11-25,519990.94967122114,12108088.225718092,4206915.784672487,3961111.121547844
2022-12-02,525910.4199783521,12320104.918818878,4280580.293568717,4030471.508203394
2022-12-09,508294.3113876674,12185574.792987231,4233838.23988323,3986460.532425807
2022-12-16,497631.54056155134,12266701.585851422,4262025.479610745,4013000.828092573
2022-12-23,497164.18887671496,12057311.527504478,4189273.586397561,3944499.7341628214
2022-12-30,496540.98423154256,11947002.401367167,4108317.3655218645,3868273.6808537534
2023-01-06,503876.76468979416,12256526.58317392,4020599.762256007,3785681.3040066
2023-01-13,517405.9287941349,12357832.677840326,4053831.955517841,3816971.7830797685
2023-01-20,514004.2649259978,12369932.8883442,4057801.27775159,3820709.1829351196
2023-01-27,526728.3475856673,12383715.825710593,4062322.597419316,3824966.3277263595
2023-02-03,535388.5674125176,12380566.979924694,4061289.658068003,3823993.7416890357
2023-02-10,529792.5303293756,12182295.934981843,3996249.3294928707,3762753.6356220823
2023-02-17,528779.796881449,12117774.399670728,3975083.8493895275,3742824.8272214695
2023-02-24,514653.36909262993,11962098.846734118,3924016.437518919,3694741.2183585744
2023-03-03,524793.7569307119,12474971.960808385,3933422.1453012293,3703597.362766856
2023-03-10,501059.26970808546,11750745.555266745,3792016.340110007,3570453.7163845967
2023-03-17,508289.1729226097,11977411.020062005,3865162.26452814,3639325.818784222
2023-03-24,515796.553250245,11631454.626249103,3892950.3487834902,3665490.2811182225
2023-03-31,533573.9847801981,12088890.064925402,3965184.420288172,3733503.8089940012
2023-04-07,533313.3319962274,11822598.268691763,3877840.083793646,3681682.645302444
2023-04-14,537575.1500514676,11812647.79239376,3844513.008612571,3650041.393558814
2023-04-21,537236.3843107745,11409670.908981852,3713361.221335479,3615315.208422707
2023-04-28,542097.82808685,11404145.957636455,3711563.08532968,3625294.1365545206
2023-05-05,537796.8085159286,11336055.755828243,3689402.6289094617,3583105.99421105
2023-05-12,536441.3726000468,11498819.782417638,3681144.96619609,3575086.245828315
2023-05-19,545603.7945078097,12072849.0490439,3626147.456931754,3521673.2885198393
2023-05-26,547428.5297525414,12770451.673291141,3758161.925735128,3649884.243536093
2023-06-02,557724.8534294282,13014493.91567857,3770979.28126222,3662332.313871163
2023-06-09,560305.4817476749,13054372.525883544,3782534.19948054,3635687.989323126
2023-06-16,574892.9624577112,13712027.046692397,3973091.0961425733,3753579.7692888747
2023-06-23,566716.8357663689,13637269.029881926,3951429.7903455864,3717941.5763596636
2023-06-30,579890.2440439388,13851748.432193816,4013575.686115016,3770068.7759187147
2023-07-07,573702.4961337195,13835172.560795488,4008772.78958927,3759503.2153909216
2023-07-14,587739.3737371394,14378784.556019973,4166285.604480026,3841508.4982658755
2023-07-21,591533.0942013251,14082331.478826864,4080387.6495380444,3803053.510955444
2023-07-28,597733.8540311259,14614269.307711437,4234517.848118167,3935620.6035785167
2023-08-04,584508.1494398244,14153024.115262138,4100871.002103454,3811407.340193043
2023-08-11,582990.5617999877,13606639.032620741,4023641.9014831423,3739629.5249850587
2023-08-18,571020.7975229283,13385527.296310505,4008447.443867727,3725507.5818037344
2023-08-25,575560.175569748,13719621.057636337,4059392.6824037954,3772856.804933323
2023-09-01,590237.9523714016,14189037.038408166,4137418.8735484304,3845375.447315253
2023-09-08,582820.536621509,13605933.752829248,4091663.4036681633,3802849.6683609327
2023-09-15,582053.9107863012,13513819.892815625,4072020.6952406843,3784593.458145258
2023-09-22,565053.133386265,13148419.989788147,3961917.4099395494,3682261.9121003165
2023-09-29,561193.5245394858,13321898.484458724,3926423.8538657427,3649273.7005521185
2023-10-06,563897.9318506927,13445517.979995543,3878762.6243007104,3604976.6816715896
2023-10-13,566471.0182282904,13253905.63114689,3925878.287426489,3648766.6434098505
2023-10-20,552936.1355096115,12878299.839461654,3847955.226412966,3576343.851626126
2023-10-27,539138.6109237138,12925186.57380003,3861964.6885854453,3589364.4433318777
2023-11-03,570658.8258110073,13233895.193675473,3954204.8881534426,3675093.7855896587
2023-11-10,578430.5470144689,13877117.52779749,4146395.687652162,3853718.6249350705
2023-11-17,591794.782966154,14305420.992311954,4274370.076765167,3972659.8268826175
2023-11-24,597715.4550110808,14342744.03169254,4285521.966862497,3983024.550803996
2023-12-01,602704.158675801,14555434.946267193,4349072.67825689,4042089.478171582
2023-12-08,604148.2745531608,14796141.384089332,4420994.252299669,4108934.4033312076
2023-12-15,618632.0742988896,15266826.175432358,4561631.916076661,4239645.03133006
2023-12-22,624326.3638066412,15873041.322632018,4742765.200211716,4407992.859962443
2023-12-29,626514.4382580272,15906528.391813064,4752770.92647052,4417292.323048994
2024-01-05,616773.5660781743,15288344.807832345,4568061.548484742,4245620.822361364
2024-01-12,628320.1943334333,15749103.93961162,4705733.487432365,4373575.063880894
2024-01-19,635899.388854172,16043393.16118914,4793665.261219484,4455300.094460133
2024-01-26,642463.6536475642,16272111.443187708,4862004.849485303,4518815.87152518
2024-02-02,651611.364627138,16924608.804962303,5056966.969078737,4700016.414848016
2024-02-09,660640.5179572778,18012974.040556885,5382163.675845848,5002258.8200694965
2024-02-16,658412.9519155701,17983114.01196336,5373241.68656779,4993966.597415803
2024-02-23,669405.9520001061,17940731.438757308,5360578.0394940255,4982196.825241598
2024-03-01,675996.5721465357,18842045.688733995,5629885.084839481,5232494.590976946
2024-03-08,674507.121746813,20206189.229162566,6037482.619561039,5611321.487722903
2024-03-15,674103.8765574937,19876001.276017297,5938824.529918591,5519627.2679242855
2024-03-22,689150.6283016711,20745128.951272856,6198514.428593879,5760986.721922545
2024-03-29,691609.9225417832,20656519.25689918,6172038.407626324,5736379.534668159
2024-04-05,685474.80245917,20265979.89800317,6055347.696436399,5627925.542105725
2024-04-12,675452.4335604756,20169798.02144579,6061319.226052251,5633475.565941726
2024-04-19,654706.9168712384,18365339.68392133,5759830.871395675,5353268.037509013
2024-04-26,672027.978113454,19918868.946009275,6036543.597463376,5610448.747343166
2024-05-03,676034.2818497812,19860582.031575713,6008926.823654525,5584781.328311083
2024-05-10,688661.4381403398,20149809.633486908,6031428.047752349,5605694.283301812
2024-05-17,700045.6660362377,20717850.4138505,6201459.286621141,5763723.714501726
2024-05-24,700032.3226027817,21810074.77414273,6528394.020046954,6067581.466209607
2024-05-31,697295.344053387,21419516.429857533,6411488.4713170715,5958927.80060788
2024-06-07,706074.9088751237,21954493.791624486,6571622.860840601,6107758.96046008
2024-06-14,717670.7669407733,23016496.208603356,6889511.281677195,6403208.9416756565
2024-06-21,722280.7988821352,22424104.829167686,6712191.195474639,6238405.152975786
2024-06-28,721895.9941520953,22257955.098916322,6662457.71603277,6192182.155836678
2024-07-05,735718.0507647196,22609963.82090292,6767824.234002996,6290111.28352597
2024-07-12,742814.7682800895,22463944.387578774,6724116.341884526,6249488.552218583
2024-07-19,728223.5994781972,21900951.307114575,6555596.027401801,6092863.395450266
2024-07-26,722188.0578756923,20918553.744286492,6442310.458657831,5987574.190296717
2024-08-02,706880.4875906069,19100809.441175662,6202310.402583735,5764514.7536798725
2024-08-09,706999.8325854933,18848603.997369736,6139620.061181738,5706249.4663162315
2024-08-16,735280.3695716675,20544922.44149607,6413703.523982273,5960986.501791783
2024-08-23,745653.355832075,21204399.474864602,6499433.515821397,6040665.165178835
2024-08-30,747709.3220043991,20041000.33022086,6142836.03698505,5709238.439579799
2024-09-06,716775.9281145314,18039091.086054023,5529223.939524143,5138938.702988682
2024-09-13,745494.1462937577,19975786.55619338,5802316.595184111,5392754.868335343
2024-09-20,756083.4453573968,20279060.699491765,5820338.4779033605,5409504.660280765
2024-09-27,760367.6820384125,21295641.883426532,6112109.712698095,5680680.960482217
2024-10-04,762376.9876328749,21768715.831364468,6247887.722482631,5806874.957529221
2024-10-11,771158.5415378597,22608307.601651598,6488860.830593879,6030838.762431459
2024-10-18,777824.5396515458,22970359.970170863,6545454.558307379,6083437.771058035
2024-10-25,770439.9023360126,22958536.70748923,6539154.55481766,6077582.458971496
2024-11-01,759795.7377261132,21943612.147734772,6452989.383485852,5997499.333627004
2024-11-08,795920.0587442586,23698481.91451121,6525012.840992444,6064438.950714667
2024-11-15,779368.0682520765,23312275.785775583,6418676.917942163,5965608.844273338
2024-11-22,792354.0468727468,24702544.82838117,6801466.135756195,6321378.541436407
2024-11-29,801721.2200373616,24938285.529897735,6813598.418540597,6332654.456146733
2024-12-06,808719.9752027622,25712437.83853336,7025111.072026961,6529237.29906672
2024-12-13,803929.9312274467,24604993.206593625,6722536.823939233,6248020.52596573
2024-12-20,789200.3553828737,23668848.814131103,6466764.952839221,6010302.542048297
2024-12-27,794353.572807906,24032780.32131138,6518828.027667031,6058690.697991255
2025-01-03,790268.1615732323,24639874.999821365,6523968.6473459415,6063468.462414298
2025-01-10,774968.7962565453,24116618.84010822,6429877.684812942,5976018.9949572245
2025-01-17,797784.5756539525,24453791.029676147,6752921.245169828,6276260.235541184
2025-01-24,811655.3648061556,24844323.687941015,6789649.620124725,6310396.10517099
2025-01-31,803445.009307252,24301434.36763009,6641284.612740444,6172503.575051854
2025-02-07,802043.2857666175,24209108.276389517,6606354.720629708,6140039.240739772
2025-02-14,813964.9390926134,25327860.151023824,6784895.237311704,6305977.314737851
2025-02-21,800935.2006404848,23416405.499258425,6272849.6288090795,5830074.905283987
2025-02-28,793245.4048033046,22068920.15516264,6099967.000744586,5669395.352755049
2025-03-07,768867.7806637902,20306297.166646916,5855538.889133153,5442220.41887698
2025-03-14,751365.6714067626,20277503.119817898,5676428.813486952,5275752.988745601
2025-03-21,755192.5846976511,20392134.79577562,5708518.49161447,5305577.588128737
2025-03-28,744051.646546537,20375568.025615793,5612329.7581274,5216178.422764002
2025-04-04,676590.8522061419,20533863.52203406,5271666.986769837,4899561.639008373
2025-04-11,714967.6856850651,20066601.214072015,5151706.547741782,4788068.7152831955
2025-04-18,704884.6911865378,20264267.041863926,5202453.374692541,4835233.5318873795
2025-04-25,737329.705466498,20459634.377771508,5252610.108903422,4881849.907977583
2025-05-02,758915.0711180139,20480764.78887757,5359700.1742038885,4981380.924861213
2025-05-09,755674.6058714422,20403892.140465062,5339583.037400883,4962683.774222895
2025-05-16,795658.4942971326,20437894.687695198,5825856.00556236,5287118.590119045
2025-05-23,775452.226364304,20346843.60233216,5799901.741653046,5263564.408368453
2025-05-30,789217.5941043573,21016237.533138547,5878793.626228592,5335160.882629172
2025-06-06,802273.2735171799,22331580.83005079,6246729.693662038,5669072.606544993
2025-06-13,799407.7504628763,22351729.657093193,6226685.453078982,5650881.9274567515
2025-06-20,798118.0786118851,22935270.636143994,6356335.60897767,5768542.876990915
2025-06-27,825824.1020532312,24042427.242034588,6488505.807866977,5888490.83226825
2025-07-04,839831.6406787415,24698491.299351234,6665562.616789718,6049174.574720656
2025-07-11,837521.6519999403,24791920.665521245,6690777.0836535115,6072057.371063068
2025-07-18,842839.9633345655,26882929.309228167,7255092.890556387,6584188.908561688
2025-07-25,855625.293182583,26108792.906878468,7046171.033700548,6394586.791343195
2025-08-01,834969.9068280255,24803405.956844438,6693876.7032844825,6074870.357954188
2025-08-08,855732.7036779807,25900327.377201572,6912448.549591432,6273230.096125329
2025-08-15,864139.9784184467,25597213.015707005,6831551.408873521,6199813.79881747
2025-08-22,866651.3617761187,25436040.745101556,6788536.70052811,6160776.8119910825
2025-08-29,866302.1119091386,25420176.137950495,6784302.650545108,6156934.299516478
2025-09-05,869243.2201268703,25538086.53639347,6786334.586381813,6158778.335092694
2025-09-12,882901.5088854006,27090037.588636663,7198740.54667961,6533047.664318229
2025-09-19,893820.332740476,29102933.58599006,7733635.1914354805,7018478.718114228
2025-09-26,891288.4784010423,29629230.047017824,7873489.987176471,7145400.648517848
2025-10-03,901240.7735544752,30052681.72173731,7986015.43976725,7247520.476348512
2025-10-10,879437.2717734169,29378400.827783313,7806836.167856824,7084910.542533272
2025-10-17,894749.5661312165,29806332.965946484,7819103.83732409,7096043.777415132
2025-10-24,912068.4310940123,30714882.172515646,8031303.82659906,7288620.886606909
2025-10-31,918546.1293268776,29620420.08451494,7745124.719479023,7028905.769049354
2025-11-07,903610.9320015316,30038648.2630233,7854482.7027387265,7128151.034589434
2025-11-14,904903.9189912695,29282273.33512295,7660659.824109897,6952251.639923576
2025-11-21,887531.1001453688,26977391.451482955,7424225.567390577,6737681.291317606
2025-11-28,920337.2987917977,29045652.397468813,7993414.616778062,7254235.425411463
2025-12-05,923434.7158014431,28586334.347191226,7787136.058042286,7067032.17122983
2025-12-12,918142.0967921059,28048298.638953265,7682354.89180609,6971940.488329873
2025-12-19,919274.8797019027,28140326.786033854,7719716.495307471,7005847.132819576
2025-12-26,932403.6579240933,29232883.73198049,8019436.890945269,7277851.328271962
2026-01-02,922759.5877956483,29591483.093275506,8117811.207123066,7367128.625094487
2026-01-09,937482.2847273216,30449686.521450084,8353241.563393724,7580787.907460632
2026-01-16,934227.0671133264,30305605.885685734,8313716.021667733,7544917.431732345
2026-01-23,930944.8311185443,30831466.780286584,8457975.079252739,7675836.346381543
2026-01-30,934645.8520155215,31362310.594757598,8603601.097819008,7807995.814317521
2026-02-06,932822.3599478197,30893799.68747929,8475074.822817013,7691354.816456776
2026-02-13,920841.6142736614,31184055.365810454,8540860.892837448,7751057.416974851
2026-02-20,931215.0978048809,31184540.83526621,8649609.653702758,7849749.797060187
2026-02-27,926568.5993373038,31429146.28511589,8528662.095712483,7739986.685567327
2026-03-06,908185.4919583022,31002885.76438196,8159595.18872418,7405048.69481154
2026-03-13,894556.9565700248,30707568.1843759,8297167.481509189,7529899.193343337
2026-03-20,878417.7837302936,30446894.680197377,8226733.64874279,7465978.625063412
2026-03-27,858806.1688101802,30298052.19451029,8186516.493652722,7429480.49189373
2026-04-03,888250.6510103714,30683682.296035096,8290713.528046696,7524042.059679421
2026-04-10,920254.9175939386,30797132.062230393,8545670.797597712,7755422.532908102
2026-04-17,961807.6954315731,31128212.648397617,8745721.919836191,7936974.223569763
2026-04-24,966954.3654575803,33193777.99338488,9326059.130923672,8463645.609602807
2026-05-01,976042.3210612423,34994223.28926484,9831908.730047826,8922717.515393142
2026-05-08,999026.3437500518,41180861.964685746,11570094.6671874,10500167.27943808
2026-05-15,1001125.655361491,39507262.32694735,11099883.376801858,10073438.082508454
2026-05-22,1009888.5616110248,41433610.90519539,11362188.996764226,10311487.37831522
2026-05-29,1024570.1508222373,44268959.31489162,12139716.318154499,11017114.01092046
2026-06-05,998931.530781892,41073679.79886267,11263486.393572718,10221912.152334915
2026-06-12,1004619.9773576023,46518593.61183467,11981580.982833914,10873602.006790955
2026-06-19,1013983.9182619391,49620032.038065724,12443685.957277048,11292974.507352602
2026-06-26,989881.5335168815,48460421.50678101,12152879.428313334,11029059.881940635
2026-07-03,1006189.6955542332,50021436.01182302,12261676.382846972,11127795.999056118
