Portfolio,Start,End,Years,Total Return %,CAGR %,Volatility %,Sharpe,Sortino,Max Drawdown %,Calmar,Positive Months %,Best Year %,Worst Year %,Final Equity,NTSX %,Platinum %,F-TAA %
grid,2007-12-05,2026-09-29,18.8,630.92,11.16,12.47,0.751,0.964,-19.29,0.579,64.16,28.69,-17.79,731748.61,26.0,54.0,20.0
grid,2007-12-05,2026-09-29,18.8,625.64,11.12,12.65,0.739,0.943,-19.22,0.579,63.27,29.34,-17.75,726212.19,18.0,56.0,26.0
grid,2007-12-05,2026-09-29,18.8,636.5,11.21,12.45,0.755,0.971,-19.41,0.578,64.6,28.67,-17.89,737400.92,28.0,54.0,18.0
grid,2007-12-05,2026-09-29,18.8,631.3,11.17,12.63,0.743,0.95,-19.33,0.578,62.83,29.33,-17.84,731937.91,20.0,56.0,24.0
grid,2007-12-05,2026-09-29,18.8,625.35,11.12,12.49,0.746,0.958,-19.24,0.578,63.72,28.7,-17.7,726109.9,24.0,54.0,22.0
grid,2007-12-05,2026-09-29,18.8,619.91,11.07,12.87,0.725,0.92,-19.16,0.578,62.83,30.0,-17.71,720223.97,10.0,58.0,32.0
grid,2007-12-05,2026-09-29,18.8,642.1,11.25,12.44,0.759,0.977,-19.52,0.577,65.04,28.65,-17.98,743066.48,30.0,54.0,16.0
grid,2007-12-05,2026-09-29,18.8,641.23,11.24,12.32,0.765,0.99,-19.49,0.577,65.49,28.02,-17.94,742396.33,36.0,52.0,12.0
grid,2007-12-05,2026-09-29,18.8,636.97,11.21,12.6,0.748,0.956,-19.44,0.577,62.83,29.31,-17.93,737678.53,22.0,56.0,22.0
grid,2007-12-05,2026-09-29,18.8,635.73,11.2,12.33,0.761,0.984,-19.4,0.577,64.6,28.03,-17.84,736822.55,34.0,52.0,14.0
grid,2007-12-05,2026-09-29,18.8,631.38,11.17,12.8,0.735,0.934,-19.37,0.577,63.27,29.97,-17.89,731828.32,14.0,58.0,28.0
grid,2007-12-05,2026-09-29,18.8,625.64,11.12,12.84,0.73,0.927,-19.26,0.577,63.27,29.98,-17.8,726017.87,12.0,58.0,30.0
grid,2007-12-05,2026-09-29,18.8,619.53,11.07,13.08,0.715,0.903,-19.19,0.577,63.27,30.64,-17.76,719652.17,4.0,60.0,36.0
grid,2007-12-05,2026-09-29,18.8,620.0,11.07,12.68,0.734,0.936,-19.19,0.577,63.27,29.36,-17.66,720501.71,16.0,56.0,28.0
grid,2007-12-05,2026-09-29,18.8,647.7,11.3,12.42,0.763,0.983,-19.63,0.576,65.04,28.64,-18.08,748744.94,32.0,54.0,14.0
grid,2007-12-05,2026-09-29,18.8,646.74,11.29,12.31,0.768,0.996,-19.6,0.576,65.93,28.0,-18.03,747981.73,38.0,52.0,10.0
grid,2007-12-05,2026-09-29,18.8,645.48,11.28,12.22,0.772,1.006,-19.57,0.576,66.37,27.36,-18.0,746914.46,44.0,50.0,6.0
grid,2007-12-05,2026-09-29,18.8,642.66,11.26,12.58,0.752,0.963,-19.55,0.576,62.83,29.29,-18.03,743433.73,24.0,56.0,20.0
grid,2007-12-05,2026-09-29,18.8,637.14,11.21,12.77,0.74,0.941,-19.48,0.576,63.27,29.95,-17.98,737655.01,16.0,58.0,26.0
grid,2007-12-05,2026-09-29,18.8,630.24,11.16,12.34,0.757,0.978,-19.38,0.576,64.6,28.05,-17.75,731260.72,32.0,52.0,16.0
