Date,legacy_close_nocost,realistic_T1close_16bpsRT,realistic_listed5y
2004-01-06,100000.0,100000.0,100000.0
2004-01-13,101756.63813008163,101699.58164988649,101699.58164988649
2004-01-20,101596.86427608837,101620.32169818316,101620.32169818316
2004-01-27,101586.40712215341,100491.1215993312,100491.1215993312
2004-02-03,101416.96240446357,100864.24955681455,100864.24955681455
2004-02-10,101533.65682049154,101800.23104996803,101800.23104996803
2004-02-17,102312.4366668861,101923.7270386344,101923.7270386344
2004-02-24,102347.96016951994,102173.52729073694,102173.52729073694
2004-03-02,102338.64657416777,101948.01272459923,101948.01272459923
2004-03-09,104478.93535731618,103969.2093821917,103969.2093821917
2004-03-16,104455.77307283728,104180.806099807,104180.806099807
2004-03-23,104273.91666162034,103894.51797715331,103894.51797715331
2004-03-30,103460.61290771571,103489.11455457055,103489.11455457055
2004-04-06,101897.68350578839,101565.02001328192,101565.02001328192
2004-04-13,100587.38276345118,100223.1741620842,100223.1741620842
2004-04-20,99720.73948408282,99656.02621478774,99656.02621478774
2004-04-27,100437.64094423363,99401.5349331421,99401.5349331421
2004-05-04,99366.49503598818,98912.09879841369,98912.09879841369
2004-05-11,97921.87230052338,97546.0894737904,97546.0894737904
2004-05-18,98354.66427327583,97602.90243695234,97602.90243695234
2004-05-25,98487.3741343377,98651.55487021596,98651.55487021596
2004-06-01,98797.88817685487,98371.59722562862,98371.59722562862
2004-06-08,98715.59082731395,98050.7495151047,98050.7495151047
2004-06-15,99218.69791924587,98706.66396892096,98706.66396892096
2004-06-22,99124.68752729445,99023.97507222605,99023.97507222605
2004-06-29,99419.5626277257,99707.96301335044,99707.96301335044
2004-07-06,100570.84820980005,100323.01877184266,100323.01877184266
2004-07-13,100687.44614713012,100292.4198195967,100292.4198195967
2004-07-20,100840.99169473922,100139.5095483924,100139.5095483924
2004-07-27,99848.57658281615,99701.54317968653,99701.54317968653
2004-08-03,101040.57237166677,100664.30759738767,100664.30759738767
2004-08-10,101654.17269656215,101624.64034427075,101624.64034427075
2004-08-17,102634.91138719411,102112.71604235597,102112.71604235597
2004-08-24,102283.6400662832,102039.0399034928,102039.0399034928
2004-08-31,103383.91249009699,103060.18105086083,103060.18105086083
2004-09-07,102836.05797901023,103014.14580717363,103014.14580717363
2004-09-14,103715.08510546184,103207.77207887558,103207.77207887558
2004-09-21,104380.39455089017,104296.97301551687,104296.97301551687
2004-09-28,104431.92904246693,103565.65011775948,103565.65011775948
2004-10-05,103652.29626936279,103086.05299898039,103086.05299898039
2004-10-12,103997.77493460837,103916.22479134338,103916.22479134338
2004-10-19,104290.87844095485,104364.03695690047,104364.03695690047
2004-10-26,104867.28128605618,104087.44520876766,104087.44520876766
2004-11-02,104657.86064579233,104426.80548150968,104426.80548150968
2004-11-09,104066.57849311506,103557.7026510143,103557.7026510143
2004-11-16,104274.71507887461,104498.43792498023,104498.43792498023
2004-11-23,108563.16686326501,109427.57957091335,104156.67694478382
2004-11-30,107644.71568626317,108274.00170759449,103207.32729769647
2004-12-07,106881.5563486647,106270.2915744688,104746.38688366747
2004-12-14,110758.32738349393,108922.39521324016,105425.73879121081
2004-12-21,109010.73997518716,108322.22516593737,104752.468669653
2004-12-28,110495.13705269835,109347.1755815905,104094.16879671406
2005-01-04,106604.62355929089,104603.96573838897,104028.28275565957
2005-01-11,99753.77272505002,99391.73593869072,104408.70435122293
2005-01-18,101963.2797739833,99283.25510236657,104720.44938442438
2005-01-25,97472.74580970462,96837.07857563163,104643.706807059
2005-02-01,97951.30426390228,97162.36478306902,105146.58516522597
2005-02-08,100935.28941336904,96203.00803886692,106225.0178784413
2005-02-15,100748.22410051913,95236.15943211736,105309.011877654
2005-02-22,97350.78949630489,92703.42892370434,104556.18965957018
2005-03-01,99919.91751885955,93090.02800758847,104064.30702385571
2005-03-08,98908.90527512091,91816.13717542682,103277.71098501954
2005-03-15,98036.55496270486,91421.17076674386,103153.09268701608
2005-03-22,97926.30234073666,92187.28812527317,102552.49033011516
2005-03-29,96852.48498910622,92895.2447437549,103022.96616592498
2005-04-05,98092.06205965488,93196.0450360278,103950.4369497712
2005-04-12,99066.33700497616,90881.3778465125,104394.63179653557
2005-04-19,91190.57138732803,83908.61258899052,105230.88213550304
2005-04-26,90847.14909508427,83897.43034075655,105368.04747604574
2005-05-03,91599.48494194985,84374.44617318432,105967.13885076283
2005-05-10,91531.8673203859,84409.03156359821,106010.5751639408
2005-05-17,94648.29469596336,88740.93229753236,106932.00281644824
2005-05-24,100719.25437949877,93190.63314626852,107032.3770709709
2005-05-31,101066.06267280845,94317.22336623345,108387.60345812906
2005-06-07,99115.26986023762,91729.13092048556,108099.26507683817
2005-06-14,98475.50597253878,91754.14380282922,107130.43974552101
2005-06-21,99630.19741835458,92410.7166818951,108293.42077576363
2005-06-28,98714.65383312698,90144.40168714493,107902.76832056526
2005-07-05,98925.28149063328,91363.96211395247,107177.67948524754
2005-07-12,100193.30486102693,93479.00029914617,106936.12623200481
2005-07-19,103182.54929431234,96391.99582819744,107080.23724852943
2005-07-26,102456.24437735091,95708.11573599838,106613.84797946912
2005-08-02,103876.72616442989,96219.38661717926,106491.49927404925
2005-08-09,103695.43982024303,95119.4396466518,105771.44611356054
2005-08-16,105658.98295966917,98291.55416045547,106422.81190037976
2005-08-23,104138.2332980651,96458.40151482067,107089.42303350657
2005-08-30,105392.8678725166,98677.11053906723,108266.57207244384
2005-09-06,109076.77889012654,101365.83033254616,107878.25967445415
2005-09-13,113748.03987445876,103504.57999363505,107680.89198466249
2005-09-20,113619.08105174528,103491.18121418018,107411.30431225106
2005-09-27,115246.17489561811,104366.89176489883,107013.81232105897
2005-10-04,117815.93544838105,106489.56595603093,106251.73531842775
2005-10-11,115457.32330311809,105444.63274813708,105539.28713824504
2005-10-18,114865.53499337439,105485.60527769612,105732.44776960055
2005-10-25,114766.00014670443,104711.13604237731,104956.16623093054
2005-11-01,116404.97771433482,109942.91245426597,105093.97327713494
2005-11-08,121581.01340001884,111079.77196880833,104908.44399244527
2005-11-15,122613.64381084162,114225.82118192181,106033.8466365113
2005-11-22,128283.88357486844,118875.25478312222,106555.48936292435
2005-11-29,125908.78798524513,116205.96627421834,106258.3049516624
2005-12-06,129377.8224598084,118510.95184338374,106283.90743859287
2005-12-13,127060.69588064255,116569.62578329735,107028.57574812262
2005-12-20,127745.62774150835,120243.67416529194,106750.96533566077
2005-12-27,131231.63252712,122044.3436559312,107500.21884945266
2006-01-03,131609.94867961467,122039.07191502729,107944.35793019485
2006-01-10,136330.29728269766,127275.08608351831,107421.17138995022
2006-01-17,137744.8957867443,124729.05832901158,108223.92405399373
2006-01-24,137908.44218763115,130987.2660413358,107258.29692853357
2006-01-31,145063.04842525636,130840.12008705197,106899.78761474088
2006-02-07,137091.1187672688,124993.2736358286,106728.78712878488
2006-02-14,133870.53659530968,122957.5849706554,106710.9592145307
2006-02-21,137346.65585508556,127005.031324285,107322.71290028044
2006-02-28,137138.62592489523,126993.4398728448,106989.74987395309
2006-03-07,135923.2157305976,122217.67942808135,106067.94530655416
2006-03-14,134825.03703530447,122786.45798329473,106474.7479507278
2006-03-21,137242.579078791,124980.85446708083,106801.19093077829
2006-03-28,137291.0777751436,129302.15675798329,106176.74289770306
2006-04-04,140095.33851113493,131441.97367460316,106175.24834270515
2006-04-11,140403.83055896955,131182.80608076384,105368.82476336241
2006-04-18,137328.35541030284,127098.40573100037,105432.44371094421
2006-04-25,139192.70080541298,128633.90703619961,104976.8474969045
2006-05-02,139482.22650905055,129870.9339165424,104948.76258271109
2006-05-09,141235.96798476053,129812.20772205146,105305.85188221
2006-05-16,130142.65590896025,119564.75399576168,104616.77674434957
2006-05-23,124704.93792458305,117448.42164721982,105406.50545326366
2006-05-30,124783.69877927193,116907.3512540531,105072.08483664595
2006-06-06,125433.67474406958,117483.20469995466,105589.6410165799
2006-06-13,125389.57890878813,117052.98071980658,105202.97131569304
2006-06-20,124322.4940690785,116738.01289868938,104919.88966799303
2006-06-27,124053.2419150505,116149.57220725622,104391.02052855595
2006-07-04,124878.04935420395,116733.67881830299,104915.99435382191
2006-07-11,125345.94791714533,117589.09840948465,105684.81443991084
2006-07-18,124909.15997896738,118042.18054786578,106092.02822391402
2006-07-25,125950.63425874531,118464.82924429797,106471.88953469778
2006-08-01,126790.43825066731,119146.53269774777,107084.57986020739
2006-08-08,127358.53289103117,119414.3084181679,107325.24696036293
2006-08-15,127438.27207515492,120132.00085405652,107970.28287727833
2006-08-22,128529.75427755863,120467.89936381349,108272.17626837047
2006-08-29,128814.82055013807,121014.09808126332,108763.07985451743
2006-09-05,129008.884699849,120869.6135250621,108633.2223786281
2006-09-12,129237.42160178484,121426.19910188948,109133.4612970531
2006-09-19,131494.9360004088,124651.71199315428,109420.36999761623
2006-09-26,132711.73152346225,124064.18080632189,110585.19618212424
2006-10-03,132613.3074322891,124460.43463330953,111098.44601785085
2006-10-10,139308.40788823765,125911.24930288029,109626.34853924386
2006-10-17,139486.82231120157,126032.98180292007,109890.40474774379
2006-10-24,139280.39325378172,126761.53772135319,110140.10192848054
2006-10-31,141821.0911133548,125451.54268662653,111525.51167822088
2006-11-07,141522.8820022582,129206.86969093596,111306.33838262352
2006-11-14,146278.65850206808,132156.79186855274,111479.56122791454
2006-11-21,144068.94972651926,131164.4362680213,112022.51664345106
2006-11-28,143524.5148419276,131338.10494140015,112252.73892573398
2006-12-05,144619.8209593073,131306.3207862683,112821.14825794712
2006-12-12,143382.9591920509,130974.09482577325,112306.41320448142
2006-12-19,146153.10699433513,132071.42296812774,112256.89436763636
2006-12-26,143289.85170409564,131851.1854859131,111992.27696042137
2007-01-02,143656.18645502522,130814.11165712576,111914.86002183837
2007-01-09,143288.03038976656,132231.709517097,111842.95240012967
2007-01-16,148591.98413906983,132239.40756869887,111484.63877971233
2007-01-23,140028.26622554532,128761.87800136195,111434.84174684026
2007-01-30,139863.54854140154,126623.89029648947,111407.05750308643
2007-02-06,144000.94386129195,132424.95135836455,112146.51266491355
2007-02-13,143190.11196828674,131325.21264510768,112263.18453662684
2007-02-20,145536.97770529444,133268.44010884513,112671.92572189876
2007-02-27,138744.43529096674,127039.18133014133,113250.88090473012
2007-03-06,140519.07201613107,126735.88748039825,113672.93863341286
2007-03-13,137284.44122469935,125867.29371644233,113662.09773927588
2007-03-20,141692.13887619734,130554.08510925592,114072.37501626585
2007-03-27,144846.31879886313,127572.49852605927,113500.8286421754
2007-04-03,143218.54482755513,128620.57119219283,113580.654230161
2007-04-10,144102.5915800535,127408.43980789452,112952.78390229227
2007-04-17,144381.6486261124,129786.47584772838,113910.69646713756
2007-04-24,147250.6007132832,133667.7948025487,114303.87030545429
2007-05-01,149675.43104350968,134174.3349910257,114337.48718171849
2007-05-08,152002.2665903543,136910.58575243398,114361.96432479827
2007-05-15,153890.17445913647,139232.4025858438,114221.05182493864
2007-05-22,159027.2396728281,141267.26803637613,113363.72277520054
2007-05-29,157367.53295181206,142942.33091308104,113353.59175119508
2007-06-05,164373.84316604637,146780.07299978982,112642.96653440001
2007-06-12,160722.56090661557,145287.11426892344,111170.25870419202
2007-06-19,163909.86586363555,144944.0450155044,111739.11987730408
2007-06-26,158562.14035215892,144211.2539667315,112197.69669891668
2007-07-03,163975.90789263093,149006.55914242964,112081.22999145513
2007-07-10,165701.26001408408,150002.26029434375,112532.27268508352
2007-07-17,172629.1999805225,154455.9415665796,113205.97481988858
2007-07-24,167794.8063695941,159312.1006310087,113864.33024833415
2007-07-31,167766.4585246676,151154.26237278688,114367.31679509085
2007-08-07,168039.7582969662,152408.41731317967,114230.81478112131
2007-08-14,161908.44706030303,141830.98358670148,114717.38641204491
2007-08-21,164015.5540731051,143192.30762752835,115984.42443944774
2007-08-28,163112.4348160589,144190.05297452968,116476.56129949956
2007-09-04,163656.64211967518,145352.14590814966,117584.62030003105
2007-09-11,162359.0421263152,146942.16424259922,118244.72880875153
2007-09-18,167122.40838299604,151425.97864775843,117766.37031249254
2007-09-25,172924.99742361513,157916.24771988665,117251.4264071455
2007-10-02,175264.94820220378,159586.27041395433,118031.42122092017
2007-10-09,179144.9632476929,164237.1288512893,117622.83026672529
2007-10-16,175941.90820629214,165776.24435442963,118172.89499835865
2007-10-23,186414.9055141068,165367.9517700431,119596.27706966935
2007-10-30,177451.98267013763,165028.6268531759,118973.8796690084
2007-11-06,181019.5127912261,161700.58962672387,119697.67481277355
2007-11-13,166140.5239356612,150545.1339274166,120271.95415591357
2007-11-20,161869.9997831817,146886.06196649003,121743.47843442787
2007-11-27,162969.07125194883,146935.76634213334,121959.37998486291
2007-12-04,164622.9308231996,148175.21559906288,122988.14559218177
2007-12-11,164172.3401540457,147055.71377004028,122058.93854914226
2007-12-18,160651.61157216175,142771.40944179147,122382.3106036981
2007-12-25,160555.4944544157,140895.13821725233,120947.75142250843
2008-01-01,158202.30397979476,136922.6889919399,123485.12090324193
2008-01-08,159670.55460211012,137165.7783733609,123881.83951169839
2008-01-15,160886.20390362822,137910.8662474762,124554.7687039348
2008-01-22,162324.05419112855,139227.47895370534,125743.87290985543
2008-01-29,161194.97189564997,138335.63119008343,124938.39691699411
2008-02-05,162349.04040205822,139149.00495676062,125672.99879525749
2008-02-12,161788.08792008544,138618.34475656855,125193.7308427475
2008-02-19,159707.83659968644,137146.55574238877,123864.47851310731
2008-02-26,160384.2509705679,138077.81839301222,124705.55222402775
2008-03-04,162432.30643574733,139090.8339661373,125620.46142471145
2008-03-11,162872.39515422858,141252.49877765847,127572.77793131146
2008-03-18,165160.1062855925,142644.56802041776,128830.03101998835
2008-03-25,164873.86583877596,141585.39962541868,127873.43870752405
2008-04-01,164549.33389746278,140975.78222676885,127322.860234973
2008-04-08,164247.66138996047,141784.79009561334,128053.51903456874
2008-04-15,163703.3783587732,140178.7258803802,126602.99550226738
2008-04-22,162926.70271810144,139831.4787919463,126289.37785951121
2008-04-29,162094.71220062484,139576.3504989794,126058.95768751911
2008-05-06,161451.5604010416,138954.4509570604,125497.28654652434
2008-05-13,161487.62570879376,138724.76353201945,125289.84339952211
2008-05-20,162935.9714103196,139448.61374233814,125943.59170794582
2008-05-27,161196.1252720029,137618.393918131,124290.62111118074
2008-06-03,161460.2031769277,138255.73354572052,124866.23702934786
2008-06-10,159276.2947400563,136767.8795409158,123522.47553704366
2008-06-17,158291.65713070132,136530.0200531506,123307.65175782479
2008-06-24,159161.91722473106,136788.21817956344,123540.84446257823
2008-07-01,160024.48966019123,137550.20495387982,124229.03596635809
2008-07-08,161314.80656201177,138922.54546030526,125468.47096529524
2008-07-15,161196.36773567682,137674.5677775892,124341.35476446277
2008-07-22,159396.5053881542,136789.4520631066,123541.95884959871
2008-07-29,159822.7713878531,137761.21600060767,124419.61146511539
2008-08-05,160747.67050135994,138175.24815001682,124793.54631164961
2008-08-12,162507.23436898526,139229.6997358711,125745.8786184448
2008-08-19,163036.50705711168,140469.38745498355,126865.50770439421
2008-08-26,163796.30836009988,141009.2191996621,127353.05897520435
2008-09-02,164493.91604063835,141588.7434578322,127876.45870358519
2008-09-09,165351.83112154235,141752.27989481942,128024.15731238849
2008-09-16,166221.5845184554,143298.2726930125,129420.4270961729
2008-09-23,162431.6142058394,139933.40494732288,126381.432887902
2008-09-30,161998.81513714095,140084.50293306506,126517.8976580672
2008-10-07,163264.4845819826,138325.07952438275,124928.86713651667
2008-10-14,156582.40847241716,134147.9017412919,121156.23176147335
2008-10-21,159696.52490742775,137375.56494397178,124071.30911979101
2008-10-28,158781.41989101612,136503.82632395794,123283.994783071
2008-11-04,160656.32411283223,138075.0040818483,124703.01046727116
2008-11-11,159442.56303285834,137115.13554521624,123836.10123220152
2008-11-18,161961.77890145473,139576.31183649733,126058.9227693386
2008-11-25,165994.29035182626,143956.84367368548,130015.21819860594
2008-12-02,169971.1146943979,146604.56331421164,132406.51713241736
2008-12-09,171101.54747078344,146989.5852367774,132754.2512727067
2008-12-16,175582.8094936422,151642.7585884928,136956.78401238364
2008-12-23,175746.24116278757,150941.57372198458,136323.50600287633
2008-12-30,177579.55048498578,151271.19008844378,136621.2003862303
2009-01-06,174082.21137995986,149103.94923967807,134663.84785855253
2009-01-13,175177.78752012984,150753.88714832065,136153.9960983443
2009-01-20,172916.41676630027,147935.96038887274,133608.97390177692
2009-01-27,172014.13986049278,147354.84871504596,133084.14049238648
2009-02-03,168705.9465825275,144147.2198177633,130187.15719977078
2009-02-10,168949.02745834104,146182.644844464,132025.45972308298
2009-02-17,170633.45524034352,145535.14206773305,131440.66491477427
2009-02-24,168294.01579233425,143228.76146286188,129357.64774143948
2009-03-03,166110.36263152014,142296.72718964764,128515.8771363878
2009-03-10,165847.2749848225,143390.2942956213,129503.53678680547
2009-03-17,167467.03006004106,148516.2764008631,134133.0887058921
2009-03-24,171989.98863421392,147008.05322054616,132770.9307085579
2009-03-31,172064.7063007896,148326.83071154682,133961.99004878988
2009-04-07,170155.541758975,146880.93037930853,132656.1191892181
2009-04-14,172268.28057188005,148168.75523743915,133819.22353117613
2009-04-21,171167.21850982186,146529.0847005254,132338.3483105864
2009-04-28,170151.40003061792,145673.50712628406,131565.62988913388
2009-05-05,169683.48928214246,145974.48131930822,131837.45597519955
2009-05-12,170053.56377212264,146228.53033490764,132066.90139337757
2009-05-19,169310.88138108773,145673.37037876024,131565.50638504268
2009-05-26,166259.51158094333,141034.2861672687,127375.69831057577
2009-06-02,165703.1439660587,142859.13276157767,129023.81605255592
2009-06-09,163246.87866219092,139365.89546832128,125868.88435697265
2009-06-16,165119.21198871813,141410.17768053798,127715.18628398182
2009-06-23,164549.78263464375,140912.27215770635,127265.5008536734
2009-06-30,166429.99908269767,142861.87844886928,129026.29583137864
2009-07-07,166822.57943383048,144710.28040411428,130695.68769491975
2009-07-14,167536.53112197356,142619.3455188109,128807.25121344186
2009-07-21,168602.36092457,144008.45784576767,130061.83375139364
2009-07-28,166568.64932088775,143082.4769553624,129225.53028403866
2009-08-04,167214.56015380108,142811.42757131907,128980.73091285439
2009-08-11,167204.3512709827,143370.72105901854,129485.85913729043
2009-08-18,166154.60443133189,141088.3284164756,127424.50679125146
2009-08-25,171098.0646683796,143864.57913267217,129931.88909714954
2009-09-01,167557.803279401,141134.03616384807,127465.78793215693
2009-09-08,174149.19367927162,148957.41430000262,134531.50422229723
2009-09-15,181530.55990105143,155413.8349717659,140362.64723015644
2009-09-22,186989.2435824552,153581.02358872493,138707.33605632218
2009-09-29,182549.59955985995,153350.13678781438,138498.80968804745
2009-10-06,179721.2898080925,150253.94484650242,135702.47114267806
2009-10-13,185468.80778102422,157424.18215906864,142178.30059919378
2009-10-20,186994.3746587644,155260.50499804073,140224.16663082168
2009-10-27,190980.04341320397,156031.87756160382,140920.83494894212
2009-11-03,182698.1675610875,153622.3235720725,138744.63630693548
2009-11-10,196923.16487757777,166598.26941416628,150463.9154112849
2009-11-17,211535.47945001267,181643.78488980583,164052.33488170532
2009-11-24,213614.36699444076,181043.21813662848,163509.93053701034
2009-12-01,215735.57899581728,182895.05670358927,165182.42619062273
2009-12-08,220975.64553387312,187114.02484736586,168992.80470259857
2009-12-15,222731.69326514387,188566.3833428985,170304.50827903504
2009-12-22,229608.7947468722,196355.49325270302,177339.27507894975
2009-12-29,236178.51374143237,198181.9510622782,178988.84799665518
2010-01-05,236312.94925884766,196777.222014863,177720.16115309254
2010-01-12,226368.88941043278,193800.78867564155,175031.983084048
2010-01-19,231220.49747766717,191144.4196409516,172632.87241415793
2010-01-26,215842.38344760792,180953.53370124465,163428.9316686142
2010-02-02,212714.041922806,176267.35491537672,159196.58993470282
2010-02-09,206626.245130684,171844.0486729297,155201.66262458055
2010-02-16,212876.10725454174,176599.16746232612,159496.2678075412
2010-02-23,209822.322567009,177772.28801463585,160555.7764817349
2010-03-02,217802.1925037354,181414.18113625658,163844.96730295653
2010-03-09,225947.08071802338,190733.41528303848,172261.6721300243
2010-03-16,233113.81824951846,195510.0889441215,176575.74468441418
2010-03-23,235674.15784381155,192734.5690935604,174069.02246283472
2010-03-30,235421.7301878505,193994.3824406575,175206.8280928583
2010-04-06,243468.80881175486,200906.8279245517,181449.83179410404
2010-04-13,247765.81597144637,208831.82999537225,188607.33016075153
2010-04-20,250615.21333689807,210194.20436201728,189837.76419936554
2010-04-27,261064.9470250108,215264.10991997042,194416.67035305814
2010-05-04,252771.9726507657,207348.5903038408,187267.73610454658
2010-05-11,253760.1572286709,217976.51875314998,196866.3935985125
2010-05-18,247498.94654323344,203541.00315286685,183828.89803606103
2010-05-25,242301.61314980738,200395.46658946466,180987.99369135717
2010-06-01,240981.32576609385,199000.68065881787,179728.28701478924
2010-06-08,242433.82436025346,200649.90509180116,181217.7908760912
2010-06-15,242166.21404178574,201014.84713253815,181547.3897881361
2010-06-22,239148.81741481126,195871.51959983626,176902.17227456698
2010-06-29,241412.42390521942,196919.25710224916,177848.44072915922
2010-07-06,241461.59898132933,196944.9161908775,177871.61484107815
2010-07-13,240573.46128847226,197004.91000323338,177925.79850060388
2010-07-20,243435.31808573194,199345.20311743766,180039.44389687054
2010-07-27,242773.8130576339,198572.53421247855,179341.60478266174
2010-08-03,245959.63952538848,199913.24637309302,180552.47451039028
2010-08-10,248664.25581348874,203226.62602447078,183544.9670335328
2010-08-17,250184.88736866214,203839.3230938664,184098.32692344318
2010-08-24,251388.56028009125,204208.0589054299,184431.35219528605
2010-08-31,251450.25852019133,204293.02607141016,184508.0906423284
2010-09-07,250397.36101646512,203780.48585795745,184045.1878307145
2010-09-14,250234.74746274733,203447.68392241918,183744.61638748387
2010-09-21,252394.1007295711,205948.6910425425,186003.4113022722
2010-09-28,254599.8446214035,207078.631482827,187023.92167986862
2010-10-05,255051.39276014655,209138.51988481983,188884.3184016594
2010-10-12,256630.12554442816,209384.85071668576,189106.79311030675
2010-10-19,255016.06124847246,208716.47381010663,188503.14574537304
2010-10-26,268912.1930510708,217795.8829449665,196703.25162195807
2010-11-02,268772.7851116864,218162.66345995362,197034.5109596186
2010-11-09,271430.27299774357,222452.07418477244,200908.509979734
2010-11-16,262307.86236258753,213269.8360547964,192615.5336713168
2010-11-23,268851.4716019353,221004.07404552927,199600.74267078924
2010-11-30,275294.53253595746,225237.86265790652,203424.5063502205
2010-12-07,278012.7456769144,226093.04421855812,204196.86711036315
2010-12-14,278459.89809483703,224195.03579984955,202482.67296436927
2010-12-21,284907.91272345086,230298.87046578756,207995.37646416968
2010-12-28,284264.18860559096,229076.93203528272,206891.77772156685
2011-01-04,284850.15884212614,230161.2864662906,209865.59909058956
2011-01-11,286124.9600473656,232566.12567686473,212057.56038798369
2011-01-18,290321.9143137329,232949.51797153978,212407.14369227499
2011-01-25,288541.6178454841,233332.50012238696,211744.38556944212
2011-02-01,300646.9526859391,242381.37658310597,220032.6086796
2011-02-08,307494.61852086853,249555.27751345315,226545.04027960816
2011-02-15,319599.6455816105,257677.91987094862,232834.40491284226
2011-02-22,306693.90463317913,241426.33803494537,221707.06298890914
2011-03-01,298494.3680130307,237963.0836946686,218524.83583876878
2011-03-08,289629.0337414837,229879.1878510155,211101.28095477406
2011-03-15,286395.20793859044,225138.49708271376,204978.23369381775
2011-03-22,287467.9262925476,235412.9563320958,212860.58001348304
2011-03-29,300650.18385701784,241912.55845926944,219911.8484715527
2011-04-05,299697.51752861135,242241.20879547566,217422.03135889382
2011-04-12,294534.45777110144,238095.38804619154,215978.7076265522
2011-04-19,300316.6043450699,245175.6306882715,222476.5448214715
2011-04-26,308956.91525517585,249878.66253581055,226744.15605464566
2011-05-03,307766.48710458045,243993.5915629872,221403.9423784848
2011-05-10,315089.4179535344,250941.2912099252,227708.4034196125
2011-05-17,302206.37792244536,244349.85280978773,221727.2199041486
2011-05-24,306038.32222612505,248357.99310772907,225364.2747049965
2011-05-31,324565.3467925583,252070.8532621388,228733.38727234068
2011-06-07,307482.5725479456,242928.9005466182,220437.8236090162
2011-06-14,304069.3672370472,238857.95926774538,215951.0618709309
2011-06-21,298155.8518539141,239240.58268646762,214314.1115573352
2011-06-28,304807.2559928988,246431.25769111048,221593.57121381944
2011-07-05,319606.96891744476,255527.93660329247,230383.10286863052
2011-07-12,306468.14902413345,246757.8475194068,227047.62038161754
2011-07-19,306001.1003640484,242953.93072013144,223062.9117781002
2011-07-26,303459.0851838036,235147.27188422365,220735.21054645206
2011-08-02,285774.9279513855,226319.21978857295,217016.07644394363
2011-08-09,290168.6997346022,231009.13035406524,221513.20600522077
2011-08-16,292301.0570539227,232522.57660515624,222964.44012173347
2011-08-23,293477.4483145828,230046.93083715867,220590.5589242159
2011-08-30,294491.97621357825,232107.20325724687,222566.14122400808
2011-09-06,297313.7027082812,234481.71467705484,224843.0453294497
2011-09-13,297069.79988452594,235213.5021703806,225544.75176638865
2011-09-20,299042.1281617554,236533.13952984835,226810.14375246267
2011-09-27,296875.0443418066,234170.48937315433,224544.6133378168
2011-10-04,298407.6845709265,235338.05352942535,225664.1832832816
2011-10-11,294087.65303196287,231851.7915511222,222321.2285411707
2011-10-18,295078.5983552249,233184.56416257308,223599.21583797556
2011-10-25,296713.80249853694,233123.0603022927,223540.2401721587
2011-11-01,299611.2855812057,236597.70932269405,226872.05932178418
2011-11-08,299043.45441290864,237235.00088416802,227483.1542024316
2011-11-15,291491.9022855389,234584.76244018375,227457.206098323
2011-11-22,291938.29400386254,234419.71355724565,227624.8599072313
2011-11-29,290897.95276873856,233169.45298005667,226410.83919023784
2011-12-06,291125.52511298825,234644.64156095678,227843.26818252963
2011-12-13,270477.2281963308,214070.89860651206,213374.87653834134
2011-12-20,271446.7464491188,213377.79618471087,212684.03245881805
2011-12-27,270658.12575846416,214260.0992604217,213563.46686740362
2012-01-03,272017.4839945008,213835.07983347186,213139.8293230418
2012-01-10,270990.62958528503,214299.7493298787,213753.9558186623
2012-01-17,269395.85804961226,213158.18882818051,215668.51597562898
2012-01-24,277308.3794092595,219470.51747680237,221946.72034742968
2012-01-31,284915.3285021062,222477.01053078836,222582.86103401557
2012-02-07,291956.96792990074,227850.89359692638,228040.73709483148
2012-02-14,297675.9260959344,227820.7692973893,228010.58769597483
2012-02-21,302803.55375075125,232422.608908209,232616.26152185822
2012-02-28,305951.10560581705,235502.04728833496,235698.2656648146
2012-03-06,300943.8322370837,233730.44000499835,233925.1822928032
2012-03-13,314211.1713702479,244419.34522525818,244622.99342132502
2012-03-20,318762.49401034263,245361.6258178258,245566.05911436287
2012-03-27,327357.19818655495,251324.14669920548,248948.8821284854
2012-04-03,328009.90370869584,245761.6796218467,245861.52759170573
2012-04-10,318607.1542571286,242456.88781545238,242554.57281587718
2012-04-17,323230.1158487737,243341.41246774077,243439.45383993874
2012-04-24,314870.4238369778,244135.99870051854,244234.3602086268
2012-05-01,322450.9304619636,243034.22820358453,243132.14581235702
2012-05-08,309627.24778100976,232604.05065976075,232697.76598784336
2012-05-15,296309.2352787367,221909.6168697537,221999.0234492636
2012-05-22,294569.6136090453,221809.4258508986,221898.79206381054
2012-05-29,297107.7674915741,222673.1979361041,222762.9121596552
2012-06-05,289707.89474926604,223254.43407214526,223344.38247362676
2012-06-12,298169.7129882707,223211.80978301787,223301.74101132792
2012-06-19,307090.62139715976,230823.9596561008,230916.9577919765
2012-06-26,296497.0673540867,226382.02189626257,226473.230391531
2012-07-03,304015.1325662326,230902.05461331215,233949.237729215
2012-07-10,295058.00683768146,223039.46801806695,226059.66624172824
2012-07-17,296624.1992860428,228584.21952513713,231679.49974572525
2012-07-24,286422.77223460126,216980.0583595618,223239.0184761685
2012-07-31,287009.8800260665,217733.22410173988,230154.325904475
2012-08-07,293511.86982086813,223837.34302045222,236604.65016696075
2012-08-14,292980.7278673288,226201.00121934584,238237.2435790006
2012-08-21,299134.5562211017,230477.40754952174,242741.73534901804
2012-08-28,300216.7017343314,230280.42106397558,242534.2666784434
2012-09-04,298230.9471887664,228056.5836349586,240192.0928298518
2012-09-11,301214.1576089005,231904.62605755476,244244.90002379307
2012-09-18,307339.6097670626,236555.58895214446,249143.35326517644
2012-09-25,302345.5451507355,229912.82272433813,242147.10743440408
2012-10-02,299388.61441372265,232047.55876378695,244395.43856688857
2012-10-09,295196.5270238518,223631.7475438515,237086.54113628416
2012-10-16,296228.614015615,226943.57194939713,240680.15688874677
2012-10-23,284013.1981918017,215412.51546681434,228451.141281555
2012-10-30,284141.8474693325,216471.13957863764,229573.84246727818
2012-11-06,284666.59535755205,217206.88804392595,230354.12478386977
2012-11-13,272303.86394045834,209967.9318177585,222677.0044087078
2012-11-20,271186.23557435727,208806.19918395934,221444.9536827771
2012-11-27,271881.4561421858,209992.0015447185,222702.53104341813
2012-12-04,278631.0231394034,209020.48329691408,221672.20812088132
2012-12-11,276594.5693195355,209115.3473695504,221772.8141864733
2012-12-18,280337.8742112459,210011.85155940577,222723.582552426
2012-12-25,277360.5004824053,206826.6453736956,219345.5801797892
2013-01-01,274301.1845321091,212172.21064228273,225014.70522462396
2013-01-08,282645.0167464191,214068.9867403825,227026.2905934101
2013-01-15,284230.86677180434,213717.54505239884,226653.5766192949
2013-01-22,283969.20480446867,216729.59134493786,229847.93796655568
2013-01-29,284400.2154194196,217630.91569170993,230803.8182469503
2013-02-05,284522.03277161805,217992.28746082165,231187.06335646313
2013-02-12,283709.0819812512,220229.16249425863,233559.33338536785
2013-02-19,287672.6965848152,219055.62732723178,232314.7657349677
2013-02-26,280408.9470985097,218894.06519097267,232143.42446291444
2013-03-05,288493.8860707037,222531.04724201973,236000.5480779545
2013-03-12,289078.12478550687,225695.40053083416,239356.43535628245
2013-03-19,286354.5184351904,222776.63793516168,236261.00404085353
2013-03-26,288694.03710437904,222256.98941120302,235709.9019003564
2013-04-02,283826.4123350495,215783.4144712405,228844.49029694407
2013-04-09,278995.515225719,216504.37870422186,229609.09351180762
2013-04-16,290559.37674800627,219231.2745324225,226542.70651800965
2013-04-23,308065.31480168307,237639.32209667505,245653.54684647723
2013-04-30,309368.76772601315,235786.21401068877,243737.9439487917
2013-05-07,312846.82396194414,243033.9764576142,249460.6988092543
2013-05-14,355332.8003224697,280344.79121880984,261264.1235910679
2013-05-21,361815.7356471669,275648.339795568,255381.28667610782
2013-05-28,371977.12166128244,282902.37704829994,249654.52408720396
2013-06-04,365474.0014364459,279187.4883046321,251543.9120425633
2013-06-11,358716.71959654655,275131.68000186596,246817.25688426342
2013-06-18,375155.8673223307,289341.80759039667,257302.65525336374
2013-06-25,361036.67117287486,282135.57174669363,250388.9466738079
2013-07-02,378320.1234612711,289835.6555081859,253126.3194455746
2013-07-09,397265.10822136956,303670.0404048629,263747.1554559859
2013-07-16,394206.48948420485,311965.2983231148,272764.80167864444
2013-07-23,401272.32527566515,303921.10272482084,265428.3240630652
2013-07-30,403652.78493234207,310893.8084812565,266352.3222473096
2013-08-06,415947.5781152405,312211.70913777413,265985.5387678844
2013-08-13,418611.527031077,317566.51911163377,267759.2979761965
2013-08-20,422264.0797651882,320806.87736619223,264931.5797248438
2013-08-27,434789.6301613756,336388.31933570764,265638.3371541806
2013-09-03,446604.8566075261,344079.6401761496,269117.9384982716
2013-09-10,461463.0196844977,353500.27329374966,284513.5135058125
2013-09-17,462537.68994731357,357403.6375406701,289118.1474558734
2013-09-24,481436.3824928797,371281.0918437621,293185.5586497799
2013-10-01,495190.52167971537,375358.0744136566,296808.65021204326
2013-10-08,469788.61976641516,351452.9333002181,281612.5397908414
2013-10-15,494108.1405882623,381230.4669323772,302304.17330371647
2013-10-22,470571.161195614,357241.18290289433,288045.5465081402
2013-10-29,463170.5697370226,348701.36721792107,291638.22173342085
2013-11-05,475693.20301846135,349803.17454743217,296146.61389910505
2013-11-12,444011.4940918261,343663.1079277653,300145.35061807465
2013-11-19,438152.64322829555,331710.9265196213,296080.9386662451
2013-11-26,439435.56001597474,341849.94760246243,304956.70590454486
2013-12-03,461617.94157533033,350069.48259475065,301586.5523086525
2013-12-10,468368.88132510474,352584.0632981263,300018.7708512151
2013-12-17,486423.94957837544,371370.6632505244,307313.2269153797
2013-12-24,497677.88106863864,380995.47618731053,311225.2814143935
2013-12-31,489570.4112589395,370018.0265006698,306737.72494307486
2014-01-07,485776.0196911958,371403.9439433317,307511.95045468013
2014-01-14,493552.02532899065,375669.1819900803,309722.57116567116
2014-01-21,502762.42821735283,383269.57120411855,299629.72188877716
2014-01-28,518554.6402162325,387515.13456694264,301809.9339114081
2014-02-04,530337.6583907006,399877.4051695649,291416.8865100242
2014-02-11,560643.8321880042,424181.82369629474,307029.3402066932
2014-02-18,572859.489875512,429161.96037104964,308792.01124992006
2014-02-25,609861.413786674,465318.33560196747,313722.2857815231
2014-03-04,615255.8781385064,472131.4898466361,318319.47082049004
2014-03-11,601538.2924804329,462374.9857626182,314518.74808894546
2014-03-18,598321.4753419241,451958.46441185346,311511.1936110517
2014-03-25,579428.261921337,427834.03571384243,295681.4008756341
2014-04-01,577225.042929973,444824.11958042136,298756.16509168514
2014-04-08,558684.8005300853,434496.058141785,290990.10283552535
2014-04-15,539623.2552101347,416126.7199982252,285473.6999540455
2014-04-22,582884.0983511299,429676.03036583104,291733.60817343974
2014-04-29,561134.583442001,426177.93007013266,285066.59586569574
2014-05-06,573959.7291453206,424047.2493018399,281610.7156180026
2014-05-13,572485.6743773657,425358.2287660808,287476.416058663
2014-05-20,568424.1597542334,431509.518775363,294468.2586519952
2014-05-27,599497.7734176883,445354.10814151325,300188.63562229555
2014-06-03,596532.9515782051,445772.40157090937,306364.0682309615
2014-06-10,604611.4343416876,451307.25705938117,311474.96627223404
2014-06-17,605593.1926705486,455894.6433638879,315146.8094428369
2014-06-24,605511.6519718117,458457.35239687667,314464.3085811539
2014-07-01,630036.6339300298,467128.9508643056,319757.6958537499
2014-07-08,609218.0300602269,459493.48665211326,316488.8953467519
2014-07-15,620837.268250315,463845.6333602606,316716.7166916997
2014-07-22,627555.005184363,465425.55668475456,311357.4535582855
2014-07-29,624964.3767654215,464214.9477392247,309408.42779178865
2014-08-05,617610.0141116957,455761.9275230921,300376.3906427317
2014-08-12,624425.7947134947,466741.72198774095,309377.93531782227
2014-08-19,649974.5344977855,482020.66023905424,319504.6703892922
2014-08-26,655977.8374131181,483300.47880512994,321036.9766847104
2014-09-02,673685.3386632572,497242.9770821844,326889.1243212335
2014-09-09,675077.0926637934,503488.97255048924,332031.30556703807
2014-09-16,665181.0247287826,493852.54865375493,327024.80709306104
2014-09-23,661796.0039124836,494355.65291535336,326821.58048106957
2014-09-30,656661.9891720683,477857.16007170203,317659.00625821203
2014-10-07,647457.2419374764,486641.2208565068,318745.74739323545
2014-10-14,602746.1593466677,446241.484135798,295179.84764747374
2014-10-21,604076.4476003875,444200.5364456198,293829.80403267755
2014-10-28,619304.0463662517,452547.9641525525,305406.79261086584
2014-11-04,625122.2267663493,455126.11658425414,310174.30061194795
2014-11-11,634616.6681516359,464228.80631161196,312324.0968143202
2014-11-18,655372.4407533791,470156.20869961457,318762.8773708237
2014-11-25,654028.7132286524,481410.9131510411,325411.562451222
2014-12-02,642526.6262750734,472367.832053003,325642.8945505553
2014-12-09,654387.9417031578,466597.27446440526,321774.29217007745
2014-12-16,623255.6875625657,462788.6066979059,319147.76295152796
2014-12-23,655112.70929431,475973.6744097281,328240.4346458838
2014-12-30,652475.9902655985,469374.3241927944,323689.3981074175
2015-01-06,623881.9620040276,461843.3564403464,318495.9005228437
2015-01-13,644982.079386789,468111.1084995306,322818.2607094877
2015-01-20,644607.3670470656,472002.9299102443,325502.13425144576
2015-01-27,638436.0918448996,467044.0774133723,322082.4159215683
2015-02-03,648734.8446291306,473959.57523832633,326851.47382097965
2015-02-10,661736.250703612,484216.62179494096,333924.9268309629
2015-02-17,681838.8303883282,494322.8159434759,340894.3491714834
2015-02-24,690470.4424179024,497226.2666018654,342896.6235772361
2015-03-03,705058.2734117666,512412.51766672666,353369.3491042378
2015-03-10,675667.1090986503,490814.19448647817,338474.7375543472
2015-03-17,681174.1350876928,502380.7730257982,346451.2685501433
2015-03-24,690938.2252200702,489824.8422763141,337792.46158628055
2015-03-31,673149.5806937802,489770.5958211677,338564.96561225655
2015-04-07,674714.4805390898,494879.6620913924,342214.20929697464
2015-04-14,673443.2236173867,495104.86943768355,342369.9424172512
2015-04-21,671104.7917226553,497024.57532785024,343697.4381371396
2015-04-28,669949.6262227669,486262.46859183063,336255.33426996466
2015-05-05,659315.247022995,481230.2225516533,332775.4860734366
2015-05-12,668306.2665466518,488679.33161685726,337926.6190942253
2015-05-19,684907.8766443415,499745.4330168823,345578.9382956362
2015-05-26,682342.4780294538,513099.41372975486,354813.3488012326
2015-06-02,699894.7961258007,510571.00098884455,353064.9262387648
2015-06-09,696076.2805971982,516751.7547314773,357338.97893665836
2015-06-16,705341.7744529719,512397.97935251,354328.2999516433
2015-06-23,711302.2009938394,516302.82678280934,357028.54079431185
2015-06-30,687103.7093194736,505001.64893388905,349213.6638899979
2015-07-07,690232.8418004003,492803.83312826656,340778.7529190548
2015-07-14,706333.829969492,509098.8458627859,352046.9163243997
2015-07-21,736070.6832186534,529308.443983758,366022.05446596444
2015-07-28,730377.9329741249,532894.9573822159,368502.1641588934
2015-08-04,747225.7696062736,548526.6517988363,379311.6363488574
2015-08-11,748085.326145731,542848.2448237846,375384.9614379882
2015-08-18,751213.6384082132,541372.9958119711,374364.8120708463
2015-08-25,653944.5235252242,505113.28395710816,349290.860619076
2015-09-01,653308.0934663452,504492.72564539226,348861.7383733384
2015-09-08,654299.2934362072,505015.1836742889,349223.0232976251
2015-09-15,650991.0723032429,503297.7865824272,348035.42612429085
2015-09-22,656859.8011505501,506945.6215268294,350557.9402762544
2015-09-29,658982.6568499383,510179.19931397506,352793.9914830303
2015-10-06,663713.440952737,512053.2050802414,354089.8851126262
2015-10-13,664373.2581238231,515572.406142913,356523.44765574974
2015-10-20,663715.0632159265,514052.8971042005,355472.6920397177
2015-10-27,667186.7692656913,513674.6003795416,355211.09609139827
2015-11-03,685692.1842831695,524520.2262921267,362710.95429999987
2015-11-10,707169.1452039034,536661.5008589394,371106.7664418453
2015-11-17,703640.7542298551,546312.0237599231,377780.1990292863
2015-11-24,727461.010786898,552801.7800968266,382267.93009501224
2015-12-01,741578.0785095061,562073.9232376851,388679.7093142829
2015-12-08,742619.3042505488,553344.2733831849,382643.0695991404
2015-12-15,722293.4032056709,558040.6650397184,385890.67114836856
2015-12-22,723961.205068796,558593.947203206,386273.27126835706
2015-12-29,721749.4868696092,557114.6736228345,385250.33887202176
2016-01-05,682069.6962785886,533983.9372812139,369255.2045919983
2016-01-12,686873.68799163,535305.1341891122,370168.82539680426
2016-01-19,688113.7806827942,537396.0661487522,371614.7256470551
2016-01-26,691538.506177318,538156.9090788588,372140.8561019322
2016-02-02,699107.8047907199,544065.2954617587,376226.56406111625
2016-02-09,703806.1266213486,549379.9139169492,379901.67559160833
2016-02-16,703509.5829530364,547442.7790018291,378562.12752758444
2016-02-23,706461.3616791723,550307.4994873411,380543.1102409644
2016-03-01,703447.5442953215,547102.6000580138,378326.8904039062
2016-03-08,703434.6767642463,546033.2968346593,377587.4565877487
2016-03-15,698586.804997405,546802.2897700812,378119.222852376
2016-03-22,714897.7776586981,552051.2545830765,380823.9868563186
2016-03-29,729208.6069403327,563349.010926165,391246.96952312556
2016-04-05,722263.1106954097,563307.6312085114,392054.0184684017
2016-04-12,727104.6970881582,567171.1695903293,397563.251184749
2016-04-19,743024.3242630439,572122.3533869713,401170.45210323436
2016-04-26,726927.9092175472,561674.249498556,393081.0785079661
2016-05-03,729870.9942829766,560285.5325577225,392242.68667750637
2016-05-10,748852.9143454385,577185.3698311562,404073.864159965
2016-05-17,777779.5918157713,604516.687312966,423207.8749036682
2016-05-24,814984.3856963702,628491.6229770521,439992.16189903644
2016-05-31,843238.4742165857,644764.4368755721,451384.37510543567
2016-06-07,842137.0726979368,647473.1966517782,453280.7139370538
2016-06-14,833254.5696097617,642475.5654922778,449781.9902343787
2016-06-21,879623.8038919083,661846.3401619904,463343.0127094501
2016-06-28,847665.5088949047,658925.7473988748,461298.3745999031
2016-07-05,862551.6283907219,665494.4965833774,465897.000976133
2016-07-12,912687.8867890118,699804.4469049239,489916.5879757469
2016-07-19,935273.4432658447,720284.6866274701,504254.3207669167
2016-07-26,1010043.0484521459,767987.9858563677,537650.2754464999
2016-08-02,976326.1968158677,750185.8021145078,525187.3864838718
2016-08-09,1009466.6139683952,764878.5276805151,535473.4171159982
2016-08-16,1032400.9329513845,783646.5664689613,548612.4784164779
2016-08-23,1088325.043521438,820245.2063252744,574234.3229792834
2016-08-30,1076605.5634674297,817991.9144103812,572656.8464548913
2016-09-06,1079277.5111808379,809579.7829654237,566767.7116353794
2016-09-13,1001476.1101975403,773557.2244146559,541549.1680073673
2016-09-20,1038999.7428473565,804157.5858865628,562971.7593461988
2016-09-27,1062948.4696230888,813967.7712108238,569839.6387126822
2016-10-04,1082445.8313043583,822740.1417777075,575980.9684450015
2016-10-11,1049243.0345708271,803493.0644148268,562506.5435369688
2016-10-18,1054505.2840828001,806343.8660854568,564502.3225487309
2016-10-25,1106410.250889362,837320.2994302477,586188.1929358906
2016-11-01,1078483.8491213717,808403.9441339395,565944.5346023127
2016-11-08,1093149.7637498293,828392.2034507141,579937.8435150513
2016-11-15,1150491.2887023631,910466.0787425477,637395.827845901
2016-11-22,1256174.3737273929,961908.5984858703,673409.5226159025
2016-11-29,1267820.1285372078,962161.5443242926,673586.6040315045
2016-12-06,1281135.2227243648,992343.1411562358,694716.0281227094
2016-12-13,1322543.264669729,1017283.0529001126,712175.8721120065
2016-12-20,1398170.530757682,1062919.8578522538,744125.1228879241
2016-12-27,1454401.3105174506,1071956.5980106476,750451.5315359463
2017-01-03,1381001.7071642107,1058161.2078924368,740793.7042866342
2017-01-10,1408149.341234065,1064830.0566023097,745462.4079796693
2017-01-17,1350605.99491461,1033673.8833180683,723650.7059001734
2017-01-24,1396385.120850569,1064215.6392649643,745032.2688931907
2017-01-31,1401385.0569124436,1116483.0419577565,781623.4447607627
2017-02-07,1529221.28836626,1163200.4604072003,814329.2075592325
2017-02-14,1507875.6598361428,1147185.568971841,803117.5597860379
2017-02-21,1552831.9434448502,1180046.0423697256,826122.4021781678
2017-02-28,1531835.7714931087,1182297.223857666,827698.401242426
2017-03-07,1498532.0818638566,1138679.977350924,797162.9957016503
2017-03-14,1545921.063522313,1178373.3413353686,824951.3836356591
2017-03-21,1550671.436874871,1187358.2906427255,831241.5347303884
2017-03-28,1558946.967318566,1181038.7227143964,826817.3542745179
2017-04-04,1550793.9329140994,1167610.1701593946,817416.3413511271
2017-04-11,1508848.8048913444,1130153.1026987275,791193.531869037
2017-04-18,1505044.7393407293,1146248.2233271906,802461.3462080705
2017-04-25,1570649.5975694836,1185882.3257788366,830208.2465406854
2017-05-02,1494652.2312033684,1133938.7408179787,793843.7678298076
2017-05-09,1492593.723851784,1193683.7648791368,835669.8500532437
2017-05-16,1705672.4129242576,1209495.5040342568,846739.2757065096
2017-05-23,1652100.428309221,1245490.2999660836,871938.383379799
2017-05-30,1695637.7813858963,1274353.6952017543,892144.965624019
2017-06-06,1718666.4667583501,1299752.3666876848,909925.9764886078
2017-06-13,1701975.6408162918,1268567.0191349331,888093.8501918203
2017-06-20,1723720.2732694903,1331397.104605724,932079.7111451398
2017-06-27,1704333.105280525,1296727.503204182,907808.3409070049
2017-07-04,1641814.4497335104,1267300.743038493,887207.3601625746
2017-07-11,1678312.0061876469,1329288.7981554065,930603.7355249289
2017-07-18,1700664.1792369413,1320393.4130855675,924376.2862404605
2017-07-25,1733591.8854196323,1366902.6992403606,956936.3405283687
2017-08-01,1698537.549483039,1318372.5288270125,922961.5128347983
2017-08-08,1747933.0395518315,1352904.414902983,947136.471821598
2017-08-15,1733077.4265184451,1335311.6512820544,934820.1929463366
2017-08-22,1698112.3436027446,1326719.1689114135,928804.7986974372
2017-08-29,1707439.8694989877,1333513.1257255399,933561.0876235113
2017-09-05,1738974.7352935143,1332676.1100620516,932975.1126990132
2017-09-12,1753356.8628259932,1350618.1898564685,945535.939588505
2017-09-19,1834319.2692470425,1421938.727495085,995465.7658521754
2017-09-26,1747332.0787394224,1355443.6824777087,948914.1531605335
2017-10-03,1775724.5740123934,1385560.9777622402,969998.5612549856
2017-10-10,1843003.5986459565,1422619.9733663134,995942.6900190349
2017-10-17,1859354.943370727,1437284.7794552976,1006209.1748837949
2017-10-24,1852297.4195528291,1400212.6546973095,980255.8547087483
2017-10-31,1863669.7398380279,1423458.989821217,996530.0656504126
2017-11-07,1846938.001097198,1420142.182962182,994208.0473972566
2017-11-14,1849273.0794482874,1402851.2002853095,982103.0382432464
2017-11-21,1876446.2788498283,1433715.6966774135,1003710.5442099293
2017-11-28,1867193.5578841404,1376115.9139924191,963386.294877157
2017-12-05,1733547.9587435096,1349812.6046254644,944971.9683684835
2017-12-12,1762191.677437943,1355480.631319031,948940.0201728824
2017-12-19,1801061.8910710576,1385539.3152297505,969983.3958269127
2017-12-26,1788480.573514325,1379433.4342052846,965708.8125325048
2018-01-02,1818318.1067799665,1431355.5340213208,1002058.2500002331
2018-01-09,1910216.8473175617,1460981.7692273813,1022798.8785156906
2018-01-16,1922785.099397071,1512597.4177792168,1058933.7766811864
2018-01-23,2008764.086422515,1552971.3179655182,1087198.5919592658
2018-01-30,2029052.4004242823,1591337.356249132,1114057.7504758858
2018-02-06,1947006.5006287647,1523334.2569150326,1066450.3845254604
2018-02-13,1938288.9319045024,1554860.6942352157,1088521.2997236224
2018-02-20,2035482.7841312126,1583461.4895844492,1108544.0419809215
2018-02-27,2070184.3435729803,1612243.7016704758,1128693.7898168282
2018-03-06,2120096.638682772,1657050.004163757,1160061.62540919
2018-03-13,2142991.3664991017,1683767.6664872484,1178766.030649975
2018-03-20,2135699.864774548,1667521.8722256038,1167392.733254078
2018-03-27,2011799.0182970825,1535500.2096089341,1074967.48106526
2018-04-03,1956599.0662873783,1549381.4701963223,1084685.4242047374
2018-04-10,2011388.3809985388,1564268.3989793411,1095107.4119286959
2018-04-17,2111729.940077198,1639029.1352871745,1147445.6401415619
2018-04-24,1994580.5384394473,1543215.6865593428,1080368.9045041476
2018-05-01,2036854.5925343784,1561985.4197338203,1093509.1520043248
2018-05-08,2111560.5158579033,1652131.7575538724,1156618.4769573703
2018-05-15,2117197.0063389656,1637911.883194426,1146663.4783024814
2018-05-22,2137826.7097555934,1671060.4540575906,1169870.0109351045
2018-05-29,2167325.217114887,1686988.1189551575,1181020.59346648
2018-06-05,2236776.333583463,1730321.4158744712,1211357.2125982163
2018-06-12,2245508.510653531,1749075.039449755,1224486.1821479525
2018-06-19,2303164.7572021103,1786867.5296143643,1250943.8131539295
2018-06-26,2253427.110198226,1706511.3709274891,1194688.3617048475
2018-07-03,2240879.7148697907,1741290.1151938497,1219036.1402884428
2018-07-10,2322707.265519617,1787251.831821428,1251212.8540650997
2018-07-17,2332232.989473122,1794061.1188493809,1255979.8753123018
2018-07-24,2300358.7103141006,1797312.2067283029,1258255.8852575019
2018-07-31,2232830.495399401,1727620.7577196911,1209466.5455206775
2018-08-07,2305712.866060229,1775155.8786469845,1242744.7625378924
2018-08-14,2301183.344614792,1737809.5570727978,1216599.4836389194
2018-08-21,2290591.6800324554,1780122.0945795851,1246221.4931811613
2018-08-28,2381265.6635733224,1856409.6634972885,1299628.6208929457
2018-09-04,2409766.3150325213,1802520.0437485606,1261901.769125463
2018-09-11,2421115.8448335356,1884833.012019298,1319527.1368116937
2018-09-18,2463622.0391573235,1860477.6583918864,1302476.5281725845
2018-09-25,2489579.2008972615,1895231.273157325,1326806.7141852786
2018-10-02,2443511.282013143,1845880.721721555,1292257.557087083
2018-10-09,2341491.742266475,1672916.609460609,1171169.461554233
2018-10-16,2312085.2886152905,1769835.9098255546,1239020.377840625
2018-10-23,2204166.2076479495,1571590.1659197463,1100233.208275464
2018-10-30,2209737.119874953,1568687.658077482,1098201.2309924613
2018-11-06,2200526.012126767,1567333.627016614,1097253.3057823721
2018-11-13,2210565.556095617,1573153.7716270601,1101327.8517525876
2018-11-20,2218361.1747060954,1577012.3108154756,1104029.124032465
2018-11-27,2223139.0002428214,1583676.6524691454,1108694.672441754
2018-12-04,2247249.420370128,1600825.8901238514,1120700.4492488855
2018-12-11,2249280.6904936642,1595690.2775029105,1117105.1279794304
2018-12-18,2251308.792989113,1603068.8381123745,1122270.6842343935
2018-12-25,2245632.1877499647,1596957.8321085498,1117992.5130628122
2019-01-01,2274623.7678550202,1619506.2941652345,1133778.1595298636
2019-01-08,2273982.4206355005,1617429.492697832,1132324.239805128
2019-01-15,2280307.395238615,1619868.447271644,1134031.6943780652
2019-01-22,2278163.4943478983,1618428.8570810538,1133023.8712392205
2019-01-29,2285950.4798229965,1630254.5065244564,1141302.7294996
2019-02-05,2296507.4592828043,1632677.903141357,1142999.2923138472
2019-02-12,2284103.5198086505,1625025.488026438,1137642.0169786357
2019-02-19,2334543.703750723,1668031.4050222724,1167749.4451473935
2019-02-26,2397069.128275742,1700230.3487804017,1190291.1662412991
2019-03-05,2380912.133247953,1674280.0110551564,1172123.9468539408
2019-03-12,2375043.0382475,1708190.7717578544,1195864.0706165226
2019-03-19,2461048.757877841,1756391.621912457,1229608.3489641587
2019-03-26,2468404.527573785,1750780.2626918957,1225679.9687210745
2019-04-02,2551814.524237849,1866167.366527058,1306459.7586428812
2019-04-09,2550184.2275213897,1843391.276913761,1290514.7554921762
2019-04-16,2588861.295863107,1840224.039638604,1288297.447377006
2019-04-23,2612340.4834602154,1876637.4167590025,1313789.5938679292
2019-04-30,2570414.412019,1811621.4006435256,1268273.4144267344
2019-05-07,2492500.825974129,1791896.2517496743,1254464.3029154695
2019-05-14,2468383.81856083,1786666.1183011741,1250802.8098439698
2019-05-21,2472673.617252598,1732753.423522215,1213059.8037920608
2019-05-28,2360743.9694160237,1685420.3290373678,1179923.0207222893
2019-06-04,2417758.228267408,1740797.4035910962,1218691.20451625
2019-06-11,2554880.0404268377,1821191.445898008,1274973.177394212
2019-06-18,2527168.8289335654,1820236.5556252578,1274304.6812359123
2019-06-25,2500335.1029181806,1822266.2833377854,1275725.6457351225
2019-07-02,2617700.817765142,1882589.8570050357,1317956.7568923484
2019-07-09,2571834.263769298,1863547.7469553086,1304625.824765979
2019-07-16,2610323.7351614498,1872412.477875094,1310831.8138029913
2019-07-23,2665238.2229714678,1921656.4100268143,1345306.3292551027
2019-07-30,2623751.3791610133,1856195.4257154306,1299478.638074792
2019-08-06,2479516.965135826,1793442.7251083676,1255546.952439401
2019-08-13,2538186.232549207,1774998.8771670058,1242634.849504732
2019-08-20,2489462.234153881,1816029.1826751877,1271359.1986669516
2019-08-27,2479345.8810638865,1792283.906330289,1254735.6907442955
2019-09-03,2514792.2571783024,1849867.2436618374,1295048.4270729937
2019-09-10,2581163.645644271,1894919.8176746964,1285180.934842607
2019-09-17,2624293.06860918,1884308.1490479722,1296624.9653227045
2019-09-24,2489632.0123949386,1833473.4653506607,1278150.5356271414
2019-10-01,2468578.9992916277,1769908.3346974654,1233829.5361553945
2019-10-08,2413585.832052127,1774706.8185243825,1245557.9758702216
2019-10-15,2573406.910698491,1850256.037684047,1296026.228182983
2019-10-22,2585418.7091008723,1873522.1346840353,1294096.321920626
2019-10-29,2655713.716104439,1946178.3980091473,1344294.1478817612
2019-11-05,2768712.1187510956,2019401.5233904042,1393012.645040351
2019-11-12,2762990.8879865925,2035415.4363955916,1426000.7440949876
2019-11-19,2904907.6299075824,2098285.7093909606,1470545.0446640968
2019-11-26,2839267.5563400136,2089580.4462166426,1464444.1206735284
2019-12-03,2788363.3473446937,2056003.98467088,1440912.6735867506
2019-12-10,2861849.5158017376,2101715.8098227554,1472948.967623731
2019-12-17,2992181.485061482,2166774.177808294,1518543.9312775778
2019-12-24,3072277.7240309846,2245928.037112296,1574017.4614286863
2019-12-31,3082588.258284151,2295540.590137194,1608787.50903344
2020-01-07,3136773.319110239,2286404.724151623,1602384.8049623643
2020-01-14,3197028.137399243,2321786.4745581187,1627181.4556276905
2020-01-21,3290173.3136887434,2388297.771035981,1673794.6775602242
2020-01-28,3252570.488845774,2320036.0512256017,1625954.7035480395
2020-02-04,3646227.8771188837,2488041.8409427055,1743698.4790680455
2020-02-11,3628316.321133453,2583279.4257101575,1807161.337167531
2020-02-18,3774155.3837309163,2752371.1146210516,1916424.4277497034
2020-02-25,3407906.383438955,2428057.481879795,1679386.0215928536
2020-03-03,3300704.946021069,2458219.5892540216,1700845.4807711327
2020-03-10,3309036.099994759,2422974.9930456625,1676459.6966676132
2020-03-17,3222716.9972395822,2350843.5720410454,1626551.8682646456
2020-03-24,3269044.982107346,2431961.2433657637,1682677.2954992375
2020-03-31,3331678.16841768,2471060.518777708,1709730.1373920203
2020-04-07,3329206.9940124457,2478414.6703072456,1714818.4848482846
2020-04-14,3352887.239981894,2504659.7424974204,1732977.4860304033
2020-04-21,3378885.105104268,2507529.5359221934,1734963.1000083445
2020-04-28,3384899.9806790072,2518910.9243558273,1742837.8981618006
2020-05-05,3379156.9120470956,2499255.501410567,1729238.2842643147
2020-05-12,3378472.579611757,2508979.445226967,1735966.2942304278
2020-05-19,3383468.9071717532,2517629.800926116,1741951.487116481
2020-05-26,3392208.931788027,2524882.126972037,1746969.3813819913
2020-06-02,3520706.8193336977,2674936.089843492,1801581.764173869
2020-06-09,3665850.488392065,2868142.1767725185,1939977.2271548358
2020-06-16,3770407.1083302526,2901570.813105604,1883578.7384663078
2020-06-23,3882310.853879402,2874390.5806985484,1841422.1345760792
2020-06-30,3958279.002419687,3025597.6507121013,1935255.3978485125
2020-07-07,4314719.070838156,3289149.132987378,2076904.7688261687
2020-07-14,4435131.722644603,3350363.0562624466,2165880.9291285495
2020-07-21,4440643.65763324,3366608.39060589,2256194.1640374507
2020-07-28,4369177.597299157,3348952.541527428,2337830.898184429
2020-08-04,4628212.322433177,3540431.4163697516,2451775.525432164
2020-08-11,4459710.002750025,3548762.9529470596,2480846.6177880936
2020-08-18,5021847.238596957,3805077.1951977387,2615326.2401618264
2020-08-25,5120699.281483302,3952038.32194868,2790386.061603593
2020-09-01,5485629.632391569,4075966.3140862277,2946667.6758757066
2020-09-08,4678568.728421584,3660886.6743926387,2647455.2102728514
2020-09-15,5175300.926581099,3757356.1764892773,2717219.370891275
2020-09-22,5017998.744456487,3540043.908445305,2560064.957914349
2020-09-29,4980172.005506979,3748105.0860611424,2783487.515215558
2020-10-06,5058021.786750748,3835372.4624354793,2849244.5192140937
2020-10-13,5441209.943562527,4027888.7059498285,2910645.223093156
2020-10-20,5350876.958730351,3978119.954113348,2779285.8874110766
2020-10-27,5325271.423416807,3819152.22486522,2648552.763040575
2020-11-03,5373356.206078597,4181989.9047076334,2784016.172577198
2020-11-10,5478640.597505693,4214582.794698933,2797749.842429045
2020-11-17,6003202.860691704,4537678.047334349,2891103.841064285
2020-11-24,6422741.104576534,4754532.447484067,3043330.8254991467
2020-12-01,6488640.041907679,4850058.0814390555,3067594.646231337
2020-12-08,6883441.570071959,4894492.293426329,3058864.317649921
2020-12-15,6695988.101183813,4952507.611444905,3076809.339891718
2020-12-22,6667543.1369693065,4930177.197942571,3074481.7093677507
2020-12-29,6998585.584675903,5339319.815259817,3158353.616332056
2021-01-05,7401492.195987012,5386790.06121204,3179958.2723715464
2021-01-12,7572445.107787236,5537638.515657148,3365777.229744998
2021-01-19,7453615.6016373085,5556092.806731868,3340802.8118706276
2021-01-26,7663484.642172774,5452321.368615113,3271207.8576579182
2021-02-02,7727906.027004502,5732433.019677772,3283180.7603940624
2021-02-09,7626251.646021763,5615989.711937352,3234363.066686299
2021-02-16,7854042.686543792,5748196.929514552,3305950.6940779546
2021-02-23,7454925.085013204,5591690.088055126,3279842.9130269564
2021-03-02,7335141.038042654,5250154.659106544,3077072.422596466
2021-03-09,7071547.537507463,5148889.364409062,3080050.5603652443
2021-03-16,7259221.831960835,5322206.104056002,3223544.30134045
2021-03-23,6920727.338617666,4980892.311803521,3101158.8282594807
2021-03-30,7020161.633407857,5280822.703090691,3244824.9355912744
2021-04-06,7521593.416424543,5415620.127883948,3341749.5779213053
2021-04-13,7537175.865994749,5458303.641179288,3371501.6458790367
2021-04-20,7245537.965293163,5471662.13341412,3373531.3872217033
2021-04-27,7528556.469581748,5530435.469656747,3330878.009445549
2021-05-04,7255858.190277198,5339387.607810431,3282649.607902084
2021-05-11,6976641.572028589,4953513.774991026,3047424.0764438296
2021-05-18,6806511.625596683,5030395.371577204,3094719.9359649494
2021-05-25,7113173.114714657,5295778.989401603,3257985.029877869
2021-06-01,7281933.241157851,5442941.4777923245,3275444.8907036455
2021-06-08,7079534.995405275,5277913.545044923,3259334.549526933
2021-06-15,7064245.884481012,5265222.909813126,3251461.7534678522
2021-06-22,7080613.12248909,5369660.060035484,3315955.39512475
2021-06-29,7344952.181721288,5493845.617534545,3392644.378185414
2021-07-06,7025012.904330779,5239206.784183175,3359897.407805691
2021-07-13,7067774.055686168,5265605.73488718,3377957.5997437043
2021-07-20,6961356.716939004,5273634.417030504,3383108.1083893254
2021-07-27,7150565.175520714,5379272.164984264,3450876.1585408924
2021-08-03,7311724.122906317,5447658.846411828,3494747.1435481734
2021-08-10,7289167.480354816,5405744.518929969,3467858.5331614465
2021-08-17,7090582.511842565,5282871.1903944565,3389033.6239620433
2021-08-24,7248020.411362922,5477897.766815456,3514145.8217113926
2021-08-31,7388041.753722213,5538253.291589512,3552864.7106411597
2021-09-07,7436465.189067861,5553146.258920867,3562418.7514699996
2021-09-14,7400105.607807916,5618567.802181028,3604387.560068495
2021-09-21,7242096.572224324,5525601.97896762,3544748.7217560234
2021-09-28,7256689.7864174405,5392311.51697442,3459241.0799513664
2021-10-05,7143387.829686893,5360350.041770217,3438737.3594867405
2021-10-12,7152063.38718186,5388782.562091779,3456977.207461637
2021-10-19,7545070.889329752,5616649.361855665,3603156.854542295
2021-10-26,7811971.947600615,5879948.260381875,3772066.674240334
2021-11-02,8155886.540114229,6144111.627991708,3941531.0625972874
2021-11-09,8706485.165590078,6347314.614952013,4071888.5387648204
2021-11-16,8696646.603672024,6430942.642619161,4125537.0544024757
2021-11-23,8831944.55106376,6686963.574388462,4289777.959571974
2021-11-30,8701250.031810988,6444442.739522566,4134197.549932931
2021-12-07,8904394.717077648,6647101.8936387515,4264206.1499442775
2021-12-14,8407486.712645875,6545858.30667571,4199257.013752553
2021-12-21,8527286.253560068,6430057.4457170805,4124969.188566483
2021-12-28,8895365.0202814,6584272.243601871,4223900.076053263
2022-01-04,8630616.861356938,6189685.570714791,3970767.3658684865
2022-01-11,8254816.134573086,6172986.917679151,3960054.953134373
2022-01-18,7863291.53616979,5763795.945038336,3697553.3862926667
2022-01-25,7188168.886316407,5378873.53567338,3450620.4324235194
2022-02-01,7205985.5263246065,5435758.587049803,3487112.965530523
2022-02-08,7362408.262852657,5628090.26630494,3610496.3501441604
2022-02-15,7304900.787091039,5572372.0475657545,3574752.356022609
2022-02-22,7347736.2903039185,5557976.21516533,3565517.2340043643
2022-03-01,7467483.162696689,5618735.177336493,3604494.9335041186
2022-03-08,7365206.295407408,5591191.013503927,3586824.9782831366
2022-03-15,7223846.975822399,5504988.931100708,3531525.1715698405
2022-03-22,7143759.442625133,5463382.204678061,3504833.8914406328
2022-03-29,7150153.663688644,5458432.260893633,3501658.4352696305
2022-04-05,7048256.826458915,5342618.788785156,3427362.5198596413
2022-04-12,6958474.892799135,5313114.465303398,3408435.095599565
2022-04-19,6867569.953755025,5263483.629268101,3376596.240165271
2022-04-26,6921237.911225084,5242462.976185401,3363111.205696809
2022-05-03,6806458.784754093,5226004.561522475,3352552.9091418637
2022-05-10,6786600.649533145,5186790.675077957,3327396.6683597034
2022-05-17,6807078.184576772,5193722.424994037,3331843.480082314
2022-05-24,6893255.773971789,5260933.3418102395,3374960.196121423
2022-05-31,6880092.368708853,5205768.292443471,3339571.0676657767
2022-06-07,6825307.7938253665,5171733.979084055,3317737.5933699724
2022-06-14,6513142.288256409,5026313.1056868965,3224448.1278866963
2022-06-21,6609430.394972687,5086585.393661872,3263113.6192792775
2022-06-28,6680731.052330171,5120957.616733782,3285163.8672453524
2022-07-05,6866149.940824108,5187332.767662215,3327744.428115552
2022-07-12,6799116.580661167,5191796.741696517,3330608.1280910973
2022-07-19,6786716.921698161,5164168.121791968,3312883.993152802
2022-07-26,6898726.996988346,5273607.640948556,3383090.9311690633
2022-08-02,6954878.246143218,5321020.673975841,3413507.035850104
2022-08-09,6944858.301159289,5299261.717048329,3399548.3694370827
2022-08-16,6975237.932175287,5272318.729628376,3382264.077050353
2022-08-23,6820758.433711353,5176694.326595287,3320919.7236730293
2022-08-30,6772035.47560132,5130580.980535492,3291337.3858348113
2022-09-06,6652129.929656682,5101343.843803361,3272581.365503721
2022-09-13,6625394.196953575,5046319.600520598,3237282.5660634814
2022-09-20,6546543.296857826,4991404.124684589,3202053.5424176836
2022-09-27,6316632.234335315,4914132.495485193,3152482.7427337477
2022-10-04,6508503.71341624,4909923.416676235,3149782.56150741
2022-10-11,6338595.929208472,4836793.376883876,3102868.647681795
2022-10-18,6345489.628275091,4780717.371569257,3066895.128612418
2022-10-25,6342509.581797348,4845556.154411288,3108490.08848726
2022-11-01,6354759.371825061,4816780.509874165,3090030.1216675485
2022-11-08,6321447.175821346,4815819.790531501,3089413.8071601274
2022-11-15,6513264.405582912,4986151.593442336,3198683.9722825508
2022-11-22,6527728.299810379,4995385.930749393,3204607.9250916834
2022-11-29,6527402.230185494,5023655.850689634,3222743.4627134204
2022-12-06,6630495.539380227,5085771.953972963,3262591.786670185
2022-12-13,6663021.151119347,5080878.822701745,3259452.7764980714
2022-12-20,6551261.289311218,4999260.043494901,3207093.2210385953
2022-12-27,6482300.508695868,4916979.2570746,3154308.978959882
2023-01-03,6517194.1517853355,4998370.264653154,3206522.415826071
2023-01-10,6623824.485560217,5077044.890275375,3256993.256771642
2023-01-17,6676774.176904446,5135785.868839396,3294676.3923778757
2023-01-24,6725913.64243962,5124747.599075711,3287595.1923956554
2023-01-31,6723681.298821773,5156341.344391946,3307863.0091424077
2023-02-07,6647134.396561925,5070499.225980587,3252794.12421915
2023-02-14,6596424.717146182,5008851.2146731755,3213246.087622859
2023-02-21,6489470.545388214,4946692.41953233,3173370.3762596287
2023-02-28,6509367.147339019,4916996.317017454,3154319.923144942
2023-03-07,6587203.920552251,4960510.579386973,3176764.623801894
2023-03-14,6519872.955193494,4870251.807904107,3285056.7868146473
2023-03-21,6537652.5272394,4771364.455720901,3349513.918070101
2023-03-28,6568252.785338686,4738576.933864418,3326497.077586753
2023-04-04,6809880.403503861,4777946.572321061,3363521.896988287
2023-04-11,6714055.188346408,4654588.843316754,3304954.703985299
2023-04-18,6737811.973368532,4755685.5619868,3363464.4784509335
2023-04-25,6449111.784298038,4601239.085314541,3284621.7219202495
2023-05-02,6772563.157597567,4771485.055622415,3406141.555016119
2023-05-09,6823353.882313584,4866452.214271566,3473934.198536091
2023-05-16,6951936.6101054195,5030221.713922832,3590841.6375626624
2023-05-23,7201436.296648872,5133960.351878258,3664895.8327412447
2023-05-30,7885008.998621824,5516648.038580206,3938078.797179653
2023-06-06,7957942.231640152,5552201.785730881,3963458.9658681727
2023-06-13,8278952.266989527,5946508.559285195,4244936.256726518
2023-06-20,8497087.937274083,5935870.062863027,4237341.928268183
2023-06-27,8351800.232705648,5918080.747417107,4224642.962250415
2023-07-04,8525457.79471243,6076319.19999476,4337602.043677503
2023-07-11,8590375.689180693,6201121.907160054,4426692.899479998
2023-07-18,9126261.012007533,6473660.247733058,4621245.361939666
2023-07-25,8751345.69481427,6187520.403331646,4416983.417660274
2023-08-01,8979041.18072923,6194415.480936241,4421905.493299262
2023-08-08,8709785.924545461,6019598.132604526,4297111.508250783
2023-08-15,8487743.602009544,5945289.966646054,4244066.360042691
2023-08-22,8395075.896860745,6104209.214669521,4357511.429716924
2023-08-29,8731696.345185332,6228389.497453095,4446157.965663711
2023-09-05,8698996.117317764,6133183.712389575,4378194.977830254
2023-09-12,8483753.893460173,6086624.553676957,4344958.557007606
2023-09-19,8447936.381209372,5911159.682371188,4219702.335384131
2023-09-26,8169376.382935325,5829130.603441972,4161145.586027604
2023-10-03,8217292.407011159,5913418.766521485,4221314.990628967
2023-10-10,8618309.813391807,6223179.764622066,4442438.979377587
2023-10-17,8621804.68989812,6034151.81446934,4307500.705743881
2023-10-24,8176835.625456207,5721613.1784166405,4084393.89027712
2023-10-31,7830458.289836689,5773739.679028342,4121604.577889329
2023-11-07,8045301.925310265,5878339.551457157,4196273.568355799
2023-11-14,8477396.364949472,6161959.484499385,4398736.664960845
2023-11-21,8551116.950810317,6170544.548730096,4404865.143555628
2023-11-28,8536735.198483719,6173021.173781893,4406633.091145693
2023-12-05,8323419.4980831165,5991762.065234719,4277240.6326866215
2023-12-12,8598281.29187977,6271257.92669065,4476759.74614131
2023-12-19,8972960.33495284,6359392.812800586,4539675.1476412965
2023-12-26,8977263.566627167,6489388.04798717,4632472.708015371
2024-01-02,8762487.081241932,6242251.648725189,4456053.511586916
2024-01-09,9048003.876487419,6617079.954622323,4723626.029121706
2024-01-16,9189449.284510212,6588091.08991248,4702932.225081687
2024-01-23,9675586.057305941,7066194.446225455,5044228.00418329
2024-01-30,9869355.600427572,6964802.596129296,4971849.07185371
2024-02-06,10111235.19296876,7370977.438046191,5261798.42546743
2024-02-13,10320465.756189166,7510005.26502552,5361043.933576038
2024-02-20,10251283.480295643,7285810.09800953,5201001.417272416
2024-02-27,10821938.628345922,7702024.669288345,5498117.667351724
2024-03-05,11413859.682629595,8319506.993363056,5938909.617656689
2024-03-12,11538428.130267607,8137462.496694153,5808956.507097264
2024-03-19,11352082.915859705,8226799.474940495,5872730.02633859
2024-03-26,11315142.000889076,7985781.273656833,5700678.327268471
2024-04-02,11202199.617837152,8028425.132608541,5731119.797449858
2024-04-09,11248712.672095116,8009625.9602560485,5717699.941492375
2024-04-16,11097821.510530043,7734843.944397813,5521545.823460931
2024-04-23,11266616.458456133,7877965.579771058,5623713.711232526
2024-04-30,10976873.701054543,7693114.343708717,5491756.999787707
2024-05-07,11655454.82668202,8255382.1845908165,5893133.895146732
2024-05-14,11765058.162209155,8470556.937148895,6046737.156549545
2024-05-21,12026475.248663792,8499788.180326328,6067603.983319569
2024-05-28,12683260.026171163,8943171.184840398,6384114.515964689
2024-06-04,12645247.911776584,9098412.993251523,6494934.432309583
2024-06-11,12915043.4243552,9324795.896635061,6656538.671989903
2024-06-18,13549359.103229336,9354482.54312063,6677730.590029009
2024-06-25,12650969.806604017,8953179.668348627,6391259.107466637
2024-07-02,12463178.829870002,9064260.053015988,6470554.2346130265
2024-07-09,12927090.326679654,9285162.556486443,6628246.2713493025
2024-07-16,12863679.429335887,8627525.676688008,6158789.84881412
2024-07-23,12382721.828038707,8324106.010515033,5942192.642386094
2024-07-30,11177859.446185011,8529689.744858727,6088949.321369783
2024-08-06,11002809.452362524,7735384.163849665,5521931.461035466
2024-08-13,11775481.065139825,8592940.762083936,6134101.284680233
2024-08-20,12506000.432254404,9045968.821683953,6457496.974157176
2024-08-27,12465275.136396345,8861226.655283246,6325618.122477724
2024-09-03,11729231.69854335,8475298.638952661,6050122.037224435
2024-09-10,11596162.31957967,8722139.988084167,6226330.611069249
2024-09-17,12278194.925194036,8842354.513866972,6312146.177294879
2024-09-24,12822554.817941567,9350615.99008847,6674970.437413213
2024-10-01,12520556.998215249,9140974.899311524,6525317.400128133
2024-10-08,13217131.881793812,9653446.42317671,6891147.017710777
2024-10-15,13135233.346568633,9580319.652686968,6838945.212854292
2024-10-22,13457355.277240042,9527996.700724559,6801594.2877475945
2024-10-29,13451518.5909213,9676681.159784298,6907733.216966648
2024-11-05,13193250.111416904,9799968.59397578,6995742.389774619
2024-11-12,13626630.874215264,9803989.653070187,6998612.837091748
2024-11-19,13245989.79355326,9580188.334297366,6838851.470755439
2024-11-26,13123612.346530203,9412859.724510469,6719403.348316778
2024-12-03,13513675.030686973,9844213.131520402,7027326.510055081
2024-12-10,13487591.443169542,9977870.894817537,7122738.579129977
2024-12-17,13992040.462792864,9657118.12179493,6893768.072811072
2024-12-24,14144788.832270196,10082654.495168453,7197538.72442623
2024-12-31,13367292.203331113,9510003.472611735,6788749.75794827
2025-01-07,13406440.594052203,9621996.77111457,6868696.571878731
2025-01-14,13027833.95980958,9695155.046032134,6920920.86628292
2025-01-21,13726121.38258117,10086649.84186521,7200390.816856966
2025-01-28,12896533.6709636,9257219.711613184,6608299.172285037
2025-02-04,12973992.97227358,9402159.41752575,6711764.896168815
2025-02-11,12740298.519117849,9240249.917433277,6596185.224433906
2025-02-18,13062182.9690143,9490291.800576836,6774678.51085135
2025-02-25,11940482.518849967,8732199.209655358,6233511.422117661
2025-03-04,11350020.053165525,8405236.06715513,6000107.621488255
2025-03-11,10668531.558878131,7974442.997605427,5692584.458636227
2025-03-18,10674263.131731117,8014944.726056287,5721496.76135085
2025-03-25,10700970.554572867,7977636.218087772,5694863.950419697
2025-04-01,10783440.394255279,8063535.7668890795,5756183.648442119
2025-04-08,10611659.472456582,7989024.251107008,5702993.3382401625
2025-04-15,10660333.338694507,7979879.342150103,5696465.212499049
2025-04-22,10609344.32184307,7948505.237064558,5674068.696144587
2025-04-29,10834032.634131296,8108043.61853025,5787955.736425681
2025-05-06,10757376.389659276,8061525.110233552,5754748.334046826
2025-05-13,10700001.994493281,7970443.601295796,5689729.475374954
2025-05-20,10723296.453281304,7950117.231414259,5675219.424036838
2025-05-27,10757263.574920502,8014362.437612496,5721081.092676991
2025-06-03,10766112.95429125,8098589.523626314,5781206.897198064
2025-06-10,10796226.986011965,8045590.264185725,5743373.187595861
2025-06-17,10770057.484098759,7992987.504335875,5705822.520634852
2025-06-24,11270583.5253022,8248202.379241669,5888008.565595957
2025-07-01,11092339.401914718,8295456.463063488,5921741.061176145
2025-07-08,11116192.069449466,8257631.785899242,5894739.781031216
2025-07-15,11285205.550290598,8380341.902168594,5982336.833389872
2025-07-22,11118344.87962293,8329627.551667193,5946134.214149782
2025-07-29,11198501.639846181,8386234.127649391,5986543.019478208
2025-08-05,11057709.72766443,8385799.271273679,5986232.595709819
2025-08-12,11539217.208626753,8545814.566985587,6100460.082919548
2025-08-19,11192865.265878595,8331799.211202489,5947684.461022672
2025-08-26,11439957.738221582,8581849.415923292,6126183.687827589
2025-09-02,11229780.949187296,8503015.076616706,6069907.514698221
2025-09-09,11805574.341353126,9018740.425873427,6438059.887094025
2025-09-16,11961802.20246608,8959738.84677177,6395941.400281848
2025-09-23,11808060.703672864,8866810.688304229,6329604.304283937
2025-09-30,11645889.333258666,8705268.089710526,6214286.546487142
2025-10-07,11724753.01901949,8859797.448654393,6324597.878249251
2025-10-14,11789561.394126117,8888573.662014712,6345139.880368088
2025-10-21,12066093.82291327,8830307.249086235,6303546.194539908
2025-10-28,12850912.768294865,9687949.392516838,6915777.08492693
2025-11-04,12228096.242821401,9278024.924660439,6623151.047517824
2025-11-11,12205374.41181466,9278944.657082219,6623807.601773952
2025-11-18,11646943.608056283,8753136.389689343,6248457.502452666
2025-11-25,11915014.530080946,9075759.711757872,6478763.306852093
2025-12-02,12597585.077425402,9413848.336026566,6720109.072159035
2025-12-09,12678711.825086914,9501527.151486102,6782698.906005294
2025-12-16,11840261.316810198,8532750.18531714,6091134.027661542
2025-12-23,11977636.982067779,8895375.883335777,6349995.6702192575
2025-12-30,11976979.451186689,8816801.188458161,6293904.845187752
2026-01-06,11953208.862475995,8854968.862032617,6321150.974538414
2026-01-13,12596626.179833451,9233710.73172076,6591517.203486186
2026-01-20,12531762.427430455,9633741.291653283,6877080.439581199
2026-01-27,13065052.72513903,9752456.224124957,6961825.515795203
2026-02-03,12838365.222035464,8999262.869074048,6424155.763989545
2026-02-10,12444472.92514377,9303739.302747596,6641507.347651436
2026-02-17,12445745.761078747,9202939.785613706,6569551.254310908
2026-02-24,12479299.473819032,9227855.410995012,6587337.361988324
2026-03-03,12451680.548835773,9195874.869332578,6564507.938729419
2026-03-10,12380068.913071,9114804.876064125,6506635.836078449
2026-03-17,12339504.085830022,9073355.379550898,6477046.965766085
2026-03-24,12156835.87394642,9036204.8336838,6450526.9166421015
2026-03-31,12218449.566030893,9033753.089450503,6448776.730312698
2026-04-07,12249812.901494944,9098315.31640157,6494864.705343299
2026-04-14,12377800.95716725,9140779.464013435,6525177.887946413
2026-04-21,12527046.210437307,9248403.717676705,6602005.843699538
2026-04-28,13602410.64483695,10271568.698927866,7332395.799793044
2026-05-05,15064725.2620753,11382905.389066827,8125727.443457304
2026-05-12,16564547.68103894,11770889.452475939,8402691.245220568
2026-05-19,15760205.154703172,11691384.719405707,8345936.509121817
2026-05-26,17429643.597118683,12204429.2602867,8712175.17693652
2026-06-02,17450079.258918718,12589982.365219936,8987403.630357144
2026-06-09,17005227.250602704,11809296.610152591,8430108.331148217
2026-06-16,18181467.474175934,13068724.500745246,9329155.404268382
2026-06-23,18789025.91070296,13300496.950857861,9494606.991024634
2026-06-30,20566948.33386648,13699081.575934658,9779138.041387005
2026-07-07,18103418.827878386,12807463.31045443,9142653.17559349
2026-07-14,18580351.48811501,12787187.697339926,9128179.357153807
2026-07-21,18225161.674747963,12732501.990747586,9089141.771262158
2026-07-28,16174196.184561422,10866805.954545869,7757308.028966893
2026-08-04,18009789.411065914,12444956.208311317,8883876.193122767
2026-08-11,17397674.51126359,12531900.54721288,8945941.718269294
2026-08-18,17332818.791141793,11941952.929354424,8524805.515798608
2026-08-25,16674918.50247436,11795660.235041868,8420373.956339754
2026-09-01,16269430.164928913,11495586.320923746,8206165.126900016
2026-09-08,17517300.636195358,12451604.09590573,8888621.811294978
2026-09-15,16755390.80505411,11918547.344657062,8508097.356027007
2026-09-22,19199223.136476055,13439055.424798861,9593517.449799716
2026-09-29,19093278.7780938,13564165.500224361,9682827.721526515
2026-10-06,19534053.38367841,13698027.44794466,9778385.54837714
2026-10-13,18780112.992225237,,
