date,turnover,cost,weights
2004-01-13,1.0,0.0,SPY:0.100;IEF:0.900
2004-01-20,0.003435156212962351,0.0,SPY:0.100;IEF:0.900
2004-01-27,0.0032330094655639435,0.0,SPY:0.100;IEF:0.900
2004-02-03,0.0008614091339797653,0.0,SPY:0.100;IEF:0.900
2004-02-10,0.0012380378607184384,0.0,SPY:0.100;IEF:0.900
2004-02-17,0.0016487968694843813,0.0,SPY:0.100;IEF:0.900
2004-02-24,0.0007587050987357402,0.0,SPY:0.100;IEF:0.900
2004-03-02,0.003132786419446615,0.0,SPY:0.100;IEF:0.900
2004-03-09,0.00192418982112115,0.0,SPY:0.100;IEF:0.900
2004-03-16,0.0057596441686860456,0.0,SPY:0.100;IEF:0.900
2004-03-23,0.004690268953161589,0.0,SPY:0.100;IEF:0.900
2004-03-30,0.0031392466176633077,0.0,SPY:0.100;IEF:0.900
2004-04-06,0.008035890674237448,0.0,SPY:0.100;IEF:0.900
2004-04-13,0.006536934433697225,0.0,SPY:0.100;IEF:0.900
2004-04-20,0.0003747488803648863,0.0,SPY:0.100;IEF:0.900
2004-04-27,0.0005606340685127414,0.0,SPY:0.100;IEF:0.900
2004-05-04,0.0027951410224515277,0.0,SPY:0.100;IEF:0.900
2004-05-11,0.0018058223862244954,0.0,SPY:0.100;IEF:0.900
2004-05-18,0.001233003303843988,0.0,SPY:0.100;IEF:0.900
2004-05-25,0.0010615364643403735,0.0,SPY:0.100;IEF:0.900
2004-06-01,0.0037379134569307942,0.0,SPY:0.100;IEF:0.900
2004-06-08,0.0009043545130348052,0.0,SPY:0.100;IEF:0.900
2004-06-15,0.00398505395263915,0.0,SPY:0.100;IEF:0.900
2004-06-22,0.002469456886714197,0.0,SPY:0.100;IEF:0.900
2004-06-29,0.00047987315680365905,0.0,SPY:0.100;IEF:0.900
2004-07-06,0.0003302461252072675,0.0,SPY:0.100;IEF:0.900
2004-07-13,0.0058125979000112765,0.0,SPY:0.100;IEF:0.900
2004-07-20,0.000285214687518312,0.0,SPY:0.100;IEF:0.900
2004-07-27,0.00069729780314913,0.0,SPY:0.100;IEF:0.900
2004-08-03,0.0013954571709371144,0.0,SPY:0.100;IEF:0.900
2004-08-10,0.0015672059185404819,0.0,SPY:0.100;IEF:0.900
2004-08-17,0.0045081979412729956,0.0,SPY:0.100;IEF:0.900
2004-08-24,0.0009423022728397984,0.0,SPY:0.100;IEF:0.900
2004-08-31,0.0033402342914259225,0.0,SPY:0.100;IEF:0.900
2004-09-07,0.0007656404399462163,0.0,SPY:0.100;IEF:0.900
2004-09-14,0.004232237287991852,0.0,SPY:0.100;IEF:0.900
2004-09-21,0.0002894419522157937,0.0,SPY:0.100;IEF:0.900
2004-09-28,0.001676513750699174,0.0,SPY:0.100;IEF:0.900
2004-10-05,0.0030717554240752842,0.0,SPY:0.100;IEF:0.900
2004-10-12,0.006248528639603734,0.0,SPY:0.100;IEF:0.900
2004-10-19,0.00306199790889336,0.0,SPY:0.100;IEF:0.900
2004-10-26,0.0037344958932253036,0.0,SPY:0.100;IEF:0.900
2004-11-02,0.00033758662801806893,0.0,SPY:0.100;IEF:0.900
2004-11-09,0.004011515946116442,0.0,SPY:0.100;IEF:0.900
2004-11-16,0.007034994814175549,0.0,SPY:0.100;IEF:0.900
2004-11-23,1.7990949936831098,0.0,SPY:0.350;AAPL:0.217;ADBE:0.217;QCOM:0.217
2004-11-30,1.8009604980961011,0.0,SPY:0.100;IEF:0.900
2004-12-07,1.7997544087159125,0.0,SPY:0.350;AAPL:0.217;ADBE:0.217;QCOM:0.217
2004-12-14,0.024027230350247758,0.0,SPY:0.350;AAPL:0.217;ADBE:0.217;QCOM:0.217
2004-12-21,0.012741006175151892,0.0,SPY:0.350;AAPL:0.217;ADBE:0.217;QCOM:0.217
2004-12-28,0.4525564386158022,0.0,SPY:0.350;AAPL:0.217;ADBE:0.217;AMD:0.217
2005-01-04,0.013225385959266811,0.0,SPY:0.350;AAPL:0.217;ADBE:0.217;AMD:0.217
2005-01-11,0.025596585481982154,0.0,SPY:0.350;AAPL:0.217;ADBE:0.217;AMD:0.217
2005-01-18,0.4340686776113533,0.0,SPY:0.350;AAPL:0.217;ADBE:0.217;QCOM:0.217
2005-01-25,0.030669384850843945,0.0,SPY:0.350;AAPL:0.217;ADBE:0.217;QCOM:0.217
2005-02-01,1.8010460696364607,0.0,SPY:0.100;IEF:0.900
2005-02-08,1.7985204576267222,0.0,SPY:0.350;AAPL:0.217;ADBE:0.217;COST:0.217
2005-02-15,1.8009704366513752,0.0,SPY:0.100;IEF:0.900
2005-02-22,1.799095192923804,0.0,SPY:0.350;AAPL:0.217;ADBE:0.217;COST:0.217
2005-03-01,0.009263223464114095,0.0,SPY:0.350;AAPL:0.217;ADBE:0.217;COST:0.217
2005-03-08,0.008301825123522566,0.0,SPY:0.350;AAPL:0.217;ADBE:0.217;COST:0.217
2005-03-15,0.03635345175527424,0.0,SPY:0.350;AAPL:0.217;ADBE:0.217;COST:0.217
2005-03-22,0.009596107887768074,0.0,SPY:0.350;AAPL:0.217;ADBE:0.217;COST:0.217
2005-03-29,0.4494338414890944,0.0,SPY:0.350;AAPL:0.217;ADBE:0.217;LIN:0.217
2005-04-05,0.009481617011164511,0.0,SPY:0.350;AAPL:0.217;ADBE:0.217;LIN:0.217
2005-04-12,0.005442463002359205,0.0,SPY:0.350;AAPL:0.217;ADBE:0.217;LIN:0.217
2005-04-19,0.007830348941012172,0.0,SPY:0.350;AAPL:0.217;ADBE:0.217;LIN:0.217
2005-04-26,1.8010863660079965,0.0,SPY:0.100;IEF:0.900
2005-05-03,0.0003907062083491619,0.0,SPY:0.100;IEF:0.900
2005-05-10,0.0007678910698193514,0.0,SPY:0.100;IEF:0.900
2005-05-17,1.800852253376789,0.0,SPY:0.350;AAPL:0.217;ADBE:0.217;NVDA:0.217
2005-05-24,0.04383133873887854,0.0,SPY:0.350;AAPL:0.217;NVDA:0.217;ADBE:0.217
2005-05-31,0.03231906187988329,0.0,SPY:0.350;AAPL:0.217;NVDA:0.217;ADBE:0.217
2005-06-07,0.007852773803373098,0.0,SPY:0.350;AAPL:0.217;NVDA:0.217;ADBE:0.217
2005-06-14,0.030266485202730675,0.0,SPY:0.350;AAPL:0.217;NVDA:0.217;ADBE:0.217
2005-06-21,0.008822701298521446,0.0,SPY:0.350;NVDA:0.217;AAPL:0.217;ADBE:0.217
2005-06-28,0.4358027070071334,0.0,SPY:0.350;NVDA:0.217;AAPL:0.217;TXN:0.217
2005-07-05,0.4420834203730536,0.0,SPY:0.350;GOOGL:0.217;AAPL:0.217;NVDA:0.217
2005-07-12,0.00994201451456106,0.0,SPY:0.350;GOOGL:0.217;NVDA:0.217;AAPL:0.217
2005-07-19,0.013734145513674911,0.0,SPY:0.350;GOOGL:0.217;NVDA:0.217;AAPL:0.217
2005-07-26,0.05560591980354726,0.0,SPY:0.350;GOOGL:0.217;AAPL:0.217;NVDA:0.217
2005-08-02,0.016407890749532805,0.0,SPY:0.350;GOOGL:0.217;AAPL:0.217;NVDA:0.217
2005-08-09,0.015385243916200442,0.0,SPY:0.350;GOOGL:0.217;AAPL:0.217;NVDA:0.217
2005-08-16,0.014729232870697023,0.0,SPY:0.350;GOOGL:0.217;AAPL:0.217;NVDA:0.217
2005-08-23,0.03627379588909618,0.0,SPY:0.350;AAPL:0.217;GOOGL:0.217;NVDA:0.217
2005-08-30,0.4458641179221694,0.0,SPY:0.350;NVDA:0.217;NFLX:0.217;GOOGL:0.217
2005-09-06,0.4490543958980737,0.0,SPY:0.350;NFLX:0.217;NVDA:0.217;AAPL:0.217
2005-09-13,0.01744898540494305,0.0,SPY:0.350;NFLX:0.217;NVDA:0.217;AAPL:0.217
2005-09-20,0.029518738733360222,0.0,SPY:0.350;NFLX:0.217;AAPL:0.217;NVDA:0.217
2005-09-27,0.46011033355024444,0.0,SPY:0.350;NFLX:0.217;AAPL:0.217;GOOGL:0.217
2005-10-04,0.016812475651819064,0.0,SPY:0.350;NFLX:0.217;GOOGL:0.217;AAPL:0.217
2005-10-11,0.46454725980885014,0.0,SPY:0.350;NFLX:0.217;NVDA:0.217;GOOGL:0.217
2005-10-18,1.8010204284325826,0.0,SPY:0.100;IEF:0.900
2005-10-25,4.934673826506586e-06,0.0,SPY:0.100;IEF:0.900
2005-11-01,1.7975985199807072,0.0,SPY:0.350;NFLX:0.217;GOOGL:0.217;AAPL:0.217
2005-11-08,0.03852024054024181,0.0,SPY:0.350;NFLX:0.217;GOOGL:0.217;AAPL:0.217
2005-11-15,0.02816694796309835,0.0,SPY:0.350;NFLX:0.217;GOOGL:0.217;AAPL:0.217
2005-11-22,0.013452181614780873,0.0,SPY:0.350;NFLX:0.217;AAPL:0.217;GOOGL:0.217
2005-11-29,0.014915149862140098,0.0,SPY:0.350;NFLX:0.217;GOOGL:0.217;AAPL:0.217
2005-12-06,0.03068949035109006,0.0,SPY:0.350;NFLX:0.217;GOOGL:0.217;AAPL:0.217
2005-12-13,0.025388545767919712,0.0,SPY:0.350;NFLX:0.217;GOOGL:0.217;AAPL:0.217
2005-12-20,0.051026480199290125,0.0,SPY:0.350;NFLX:0.217;GOOGL:0.217;AAPL:0.217
2005-12-27,0.44219377691697354,0.0,SPY:0.350;NFLX:0.217;GOOGL:0.217;AMD:0.217
2006-01-03,0.47105993090186493,0.0,SPY:0.350;NFLX:0.217;GOOGL:0.217;AAPL:0.217
2006-01-10,0.016161935334022492,0.0,SPY:0.350;NFLX:0.217;GOOGL:0.217;AAPL:0.217
2006-01-17,0.03746730262599496,0.0,SPY:0.350;NFLX:0.217;GOOGL:0.217;AAPL:0.217
2006-01-24,0.4511219249548365,0.0,SPY:0.350;NFLX:0.217;GOOGL:0.217;AMD:0.217
2006-01-31,0.05106676735831084,0.0,SPY:0.350;NFLX:0.217;GOOGL:0.217;AMD:0.217
2006-02-07,0.06054239262841257,0.0,SPY:0.350;NFLX:0.217;AMD:0.217;GOOGL:0.217
2006-02-14,0.04547032469252932,0.0,SPY:0.350;AMD:0.217;NFLX:0.217;GOOGL:0.217
2006-02-21,0.03166348357725071,0.0,SPY:0.350;NFLX:0.217;AMD:0.217;GOOGL:0.217
2006-02-28,0.026511110253859743,0.0,SPY:0.350;AMD:0.217;NFLX:0.217;GOOGL:0.217
2006-03-07,0.44867699305594283,0.0,SPY:0.350;AMD:0.217;NFLX:0.217;NVDA:0.217
2006-03-14,0.01882626897934994,0.0,SPY:0.350;AMD:0.217;NFLX:0.217;NVDA:0.217
2006-03-21,0.033972843613016585,0.0,SPY:0.350;AMD:0.217;NFLX:0.217;NVDA:0.217
2006-03-28,0.4610542927175025,0.0,SPY:0.350;AMD:0.217;NVDA:0.217;AAPL:0.217
2006-04-04,0.44080703106157326,0.0,SPY:0.350;AMD:0.217;NFLX:0.217;NVDA:0.217
2006-04-11,0.04189549217315833,0.0,SPY:0.350;AMD:0.217;NVDA:0.217;NFLX:0.217
2006-04-18,0.46155026042530517,0.0,SPY:0.350;AMD:0.217;NVDA:0.217;AAPL:0.217
2006-04-25,0.03243785819228412,0.0,SPY:0.350;NVDA:0.217;AMD:0.217;AAPL:0.217
2006-05-02,0.45195356558698396,0.0,SPY:0.350;NVDA:0.217;AMD:0.217;NFLX:0.217
2006-05-09,0.03227292572683846,0.0,SPY:0.350;NVDA:0.217;AMD:0.217;NFLX:0.217
2006-05-16,0.4508487099985702,0.0,SPY:0.350;NVDA:0.217;AMD:0.217;AAPL:0.217
2006-05-23,0.4654269688870756,0.0,SPY:0.350;NVDA:0.217;NFLX:0.217;AAPL:0.217
2006-05-30,1.8010436046725564,0.0,SPY:0.100;IEF:0.900
2006-06-06,0.0013587608436849558,0.0,SPY:0.100;IEF:0.900
2006-06-13,8.391838728880052e-05,0.0,SPY:0.100;IEF:0.900
2006-06-20,0.006650705661128506,0.0,SPY:0.100;IEF:0.900
2006-06-27,0.005154219889689615,0.0,SPY:0.100;IEF:0.900
2006-07-04,0.00014335656970418387,0.0,SPY:0.100;IEF:0.900
2006-07-11,0.0049164034218521085,0.0,SPY:0.100;IEF:0.900
2006-07-18,0.0013546758293256772,0.0,SPY:0.100;IEF:0.900
2006-07-25,0.004719382409176506,0.0,SPY:0.100;IEF:0.900
2006-08-01,0.002650046794386185,0.0,SPY:0.100;IEF:0.900
2006-08-08,0.00044629252398264985,0.0,SPY:0.100;IEF:0.900
2006-08-15,0.0005947515654812635,0.0,SPY:0.100;IEF:0.900
2006-08-22,0.0017887486718431433,0.0,SPY:0.100;IEF:0.900
2006-08-29,0.000598586713716806,0.0,SPY:0.100;IEF:0.900
2006-09-05,0.00026295542269140493,0.0,SPY:0.100;IEF:0.900
2006-09-12,0.0013660798459685791,0.0,SPY:0.100;IEF:0.900
2006-09-19,1.8013233565025337,0.0,SPY:0.350;NVDA:0.217;INTU:0.217;CSCO:0.217
2006-09-26,0.013724470363311203,0.0,SPY:0.350;NVDA:0.217;INTU:0.217;CSCO:0.217
2006-10-03,1.8009908312889216,0.0,SPY:0.100;IEF:0.900
2006-10-10,1.801181239887243,0.0,SPY:0.350;NVDA:0.217;CSCO:0.217;INTU:0.217
2006-10-17,1.8009519404423793,0.0,SPY:0.100;IEF:0.900
2006-10-24,1.799572411633953,0.0,SPY:0.350;NVDA:0.217;CSCO:0.217;INTU:0.217
2006-10-31,0.010307058224995058,0.0,SPY:0.350;NVDA:0.217;CSCO:0.217;INTU:0.217
2006-11-07,0.024423856112552045,0.0,SPY:0.350;NVDA:0.217;CSCO:0.217;INTU:0.217
2006-11-14,0.01935863327055004,0.0,SPY:0.350;NVDA:0.217;CSCO:0.217;INTU:0.217
2006-11-21,0.030067954870518,0.0,SPY:0.350;NVDA:0.217;INTU:0.217;CSCO:0.217
2006-11-28,0.02860114490140367,0.0,SPY:0.350;NVDA:0.217;CSCO:0.217;INTU:0.217
2006-12-05,0.005579031323742906,0.0,SPY:0.350;NVDA:0.217;CSCO:0.217;INTU:0.217
2006-12-12,0.013354102713468513,0.0,SPY:0.350;NVDA:0.217;CSCO:0.217;INTU:0.217
2006-12-19,0.43995257941938737,0.0,SPY:0.350;NVDA:0.217;CSCO:0.217;GOOGL:0.217
2006-12-26,0.026833456269815925,0.0,SPY:0.350;NVDA:0.217;GOOGL:0.217;CSCO:0.217
2007-01-02,0.012377374189820128,0.0,SPY:0.350;NVDA:0.217;CSCO:0.217;GOOGL:0.217
2007-01-09,0.002809109975278029,0.0,SPY:0.350;NVDA:0.217;CSCO:0.217;GOOGL:0.217
2007-01-16,0.4780191602711137,0.0,SPY:0.350;NVDA:0.217;GOOGL:0.217;AAPL:0.217
2007-01-23,0.015906974037067728,0.0,SPY:0.350;NVDA:0.217;GOOGL:0.217;AAPL:0.217
2007-01-30,0.04541794400314267,0.0,SPY:0.350;NVDA:0.217;GOOGL:0.217;AAPL:0.217
2007-02-06,0.4491355200778667,0.0,SPY:0.350;AAPL:0.217;NVDA:0.217;CSCO:0.217
2007-02-13,0.4634520532509653,0.0,SPY:0.350;AAPL:0.217;CSCO:0.217;GOOGL:0.217
2007-02-20,0.00900847377064845,0.0,SPY:0.350;AAPL:0.217;CSCO:0.217;GOOGL:0.217
2007-02-27,0.005650934033971072,0.0,SPY:0.350;AAPL:0.217;CSCO:0.217;GOOGL:0.217
2007-03-06,0.4448959498306176,0.0,SPY:0.350;AAPL:0.217;CSCO:0.217;LIN:0.217
2007-03-13,0.8771509828659891,0.0,SPY:0.350;CSCO:0.217;MSFT:0.217;GOOGL:0.217
2007-03-20,0.44151559907544924,0.0,SPY:0.350;CSCO:0.217;MSFT:0.217;AAPL:0.217
2007-03-27,0.4396575300092035,0.0,SPY:0.350;CSCO:0.217;AAPL:0.217;ADBE:0.217
2007-04-03,0.4400408342727628,0.0,SPY:0.350;ADBE:0.217;AAPL:0.217;NVDA:0.217
2007-04-10,0.43470604046135997,0.0,SPY:0.350;AAPL:0.217;ADBE:0.217;CSCO:0.217
2007-04-17,0.4377973636601446,0.0,SPY:0.350;AAPL:0.217;ADBE:0.217;NVDA:0.217
2007-04-24,0.01959954085596141,0.0,SPY:0.350;AAPL:0.217;NVDA:0.217;ADBE:0.217
2007-05-01,0.02221675366447512,0.0,SPY:0.350;AAPL:0.217;NVDA:0.217;ADBE:0.217
2007-05-08,0.023533540591603563,0.0,SPY:0.350;AAPL:0.217;NVDA:0.217;ADBE:0.217
2007-05-15,0.017388258990065436,0.0,SPY:0.350;AAPL:0.217;NVDA:0.217;ADBE:0.217
2007-05-22,0.014725160228452966,0.0,SPY:0.350;AAPL:0.217;NVDA:0.217;ADBE:0.217
2007-05-29,0.01804474571408371,0.0,SPY:0.350;AAPL:0.217;NVDA:0.217;ADBE:0.217
2007-06-05,0.44557603447186467,0.0,SPY:0.350;AMZN:0.217;AAPL:0.217;NVDA:0.217
2007-06-12,0.02429171731073826,0.0,SPY:0.350;AMZN:0.217;AAPL:0.217;NVDA:0.217
2007-06-19,0.44774634366716115,0.0,SPY:0.350;AMZN:0.217;AAPL:0.217;HON:0.217
2007-06-26,0.00999896625483132,0.0,SPY:0.350;AMZN:0.217;AAPL:0.217;HON:0.217
2007-07-03,0.00037032335826966967,0.0,SPY:0.350;AMZN:0.217;AAPL:0.217;HON:0.217
2007-07-10,0.01208045809470315,0.0,SPY:0.350;AMZN:0.217;AAPL:0.217;HON:0.217
2007-07-17,0.01373556035518303,0.0,SPY:0.350;AMZN:0.217;AAPL:0.217;HON:0.217
2007-07-24,0.011000503054333116,0.0,SPY:0.350;AMZN:0.217;AAPL:0.217;HON:0.217
2007-07-31,0.015413521046719864,0.0,SPY:0.350;AMZN:0.217;AAPL:0.217;HON:0.217
2007-08-07,0.46970144039071016,0.0,SPY:0.350;AMZN:0.217;AAPL:0.217;NVDA:0.217
2007-08-14,0.02134669761121441,0.0,SPY:0.350;AMZN:0.217;AAPL:0.217;NVDA:0.217
2007-08-21,1.8010378690015747,0.0,SPY:0.100;IEF:0.900
2007-08-28,1.8009187912165887,0.0,SPY:0.350;AMZN:0.217;AAPL:0.217;HON:0.217
2007-09-04,1.801005536789749,0.0,SPY:0.100;IEF:0.900
2007-09-11,1.794231021375571,0.0,SPY:0.350;AMZN:0.217;AAPL:0.217;HON:0.217
2007-09-18,0.4587800009081722,0.0,SPY:0.350;AMZN:0.217;AAPL:0.217;NVDA:0.217
2007-09-25,0.007520253108886543,0.0,SPY:0.350;AMZN:0.217;AAPL:0.217;NVDA:0.217
2007-10-02,0.4590165229183054,0.0,SPY:0.350;AMZN:0.217;AAPL:0.217;HON:0.217
2007-10-09,0.4449113386136511,0.0,SPY:0.350;AMZN:0.217;AAPL:0.217;NVDA:0.217
2007-10-16,0.02004558516366503,0.0,SPY:0.350;AMZN:0.217;AAPL:0.217;NVDA:0.217
2007-10-23,0.018959423632186057,0.0,SPY:0.350;AMZN:0.217;AAPL:0.217;NVDA:0.217
2007-10-30,0.047949160706593275,0.0,SPY:0.350;AMZN:0.217;AAPL:0.217;NVDA:0.217
2007-11-06,0.06558309875083382,0.0,SPY:0.350;AMZN:0.217;AAPL:0.217;NVDA:0.217
2007-11-13,0.031443967488826524,0.0,SPY:0.350;AMZN:0.217;AAPL:0.217;NVDA:0.217
2007-11-20,0.04258893300061625,0.0,SPY:0.350;AMZN:0.217;AAPL:0.217;NVDA:0.217
2007-11-27,1.8010263824313228,0.0,SPY:0.100;IEF:0.900
2007-12-04,0.0041917741977174905,0.0,SPY:0.100;IEF:0.900
2007-12-11,0.00325391513868635,0.0,SPY:0.100;IEF:0.900
2007-12-18,1.7983271668823968,0.0,SPY:0.350;AMZN:0.217;AAPL:0.217;NVDA:0.217
2007-12-25,1.8010219153019844,0.0,SPY:0.100;IEF:0.900
2008-01-01,1.795198285260216,0.0,SPY:0.350;AAPL:0.217;AMZN:0.217;NVDA:0.217
2008-01-08,1.8010148745651322,0.0,SPY:0.100;IEF:0.900
2008-01-15,0.01173286533234115,0.0,SPY:0.100;IEF:0.900
2008-01-22,0.0025685556363991002,0.0,SPY:0.100;IEF:0.900
2008-01-29,0.012459847702999419,0.0,SPY:0.100;IEF:0.900
2008-02-05,0.009397028655878492,0.0,SPY:0.100;IEF:0.900
2008-02-12,0.004022420853163136,0.0,SPY:0.100;IEF:0.900
2008-02-19,0.001980307794136507,0.0,SPY:0.100;IEF:0.900
2008-02-26,0.0034004019017965237,0.0,SPY:0.100;IEF:0.900
2008-03-04,0.0033302095395929404,0.0,SPY:0.100;IEF:0.900
2008-03-11,0.010186233741534004,0.0,SPY:0.100;IEF:0.900
2008-03-18,0.001125385805177001,0.0,SPY:0.100;IEF:0.900
2008-03-25,0.0012382466022546473,0.0,SPY:0.100;IEF:0.900
2008-04-01,0.0031773722008230504,0.0,SPY:0.100;IEF:0.900
2008-04-08,0.003009803973486269,0.0,SPY:0.100;IEF:0.900
2008-04-15,0.0006753219519808895,0.0,SPY:0.100;IEF:0.900
2008-04-22,0.004585575895316149,0.0,SPY:0.100;IEF:0.900
2008-04-29,0.008041920183035706,0.0,SPY:0.100;IEF:0.900
2008-05-06,0.0026879996990072236,0.0,SPY:0.100;IEF:0.900
2008-05-13,0.005084667403263812,0.0,SPY:0.100;IEF:0.900
2008-05-20,0.002254760470038225,0.0,SPY:0.100;IEF:0.900
2008-05-27,0.00021188275277519986,0.0,SPY:0.100;IEF:0.900
2008-06-03,0.0024433698964170664,0.0,SPY:0.100;IEF:0.900
2008-06-10,0.0011479128178067816,0.0,SPY:0.100;IEF:0.900
2008-06-17,0.0004142878226324892,0.0,SPY:0.100;IEF:0.900
2008-06-24,0.0006963341363783737,0.0,SPY:0.100;IEF:0.900
2008-07-01,0.006557139290319078,0.0,SPY:0.100;IEF:0.900
2008-07-08,0.005338856463828215,0.0,SPY:0.100;IEF:0.900
2008-07-15,0.0033614752557560024,0.0,SPY:0.100;IEF:0.900
2008-07-22,0.009684295432596468,0.0,SPY:0.100;IEF:0.900
2008-07-29,0.013107785258541657,0.0,SPY:0.100;IEF:0.900
2008-08-05,0.0024110949386941527,0.0,SPY:0.100;IEF:0.900
2008-08-12,0.002124542762717327,0.0,SPY:0.100;IEF:0.900
2008-08-19,0.0006396587105585577,0.0,SPY:0.100;IEF:0.900
2008-08-26,0.004286464793182662,0.0,SPY:0.100;IEF:0.900
2008-09-02,0.0003006032875661202,0.0,SPY:0.100;IEF:0.900
2008-09-09,8.970516523412742e-05,0.0,SPY:0.100;IEF:0.900
2008-09-16,0.008452712307690291,0.0,SPY:0.100;IEF:0.900
2008-09-23,0.0028548609065402464,0.0,SPY:0.100;IEF:0.900
2008-09-30,0.0001337438590999912,0.0,SPY:0.100;IEF:0.900
2008-10-07,0.0037961836437117175,0.0,SPY:0.100;IEF:0.900
2008-10-14,0.028856710763992557,0.0,SPY:0.100;IEF:0.900
2008-10-21,0.008159633104530203,0.0,SPY:0.100;IEF:0.900
2008-10-28,0.011736180461697429,0.0,SPY:0.100;IEF:0.900
2008-11-04,0.003253897307171308,0.0,SPY:0.100;IEF:0.900
2008-11-11,0.011685485930835349,0.0,SPY:0.100;IEF:0.900
2008-11-18,0.019831933687101067,0.0,SPY:0.100;IEF:0.900
2008-11-25,0.009010703687008334,0.0,SPY:0.100;IEF:0.900
2008-12-02,0.008040780505512282,0.0,SPY:0.100;IEF:0.900
2008-12-09,0.005568647182084538,0.0,SPY:0.100;IEF:0.900
2008-12-16,0.008534389514988291,0.0,SPY:0.100;IEF:0.900
2008-12-23,7.829880514169385e-05,0.0,SPY:0.100;IEF:0.900
2008-12-30,0.01110427917702872,0.0,SPY:0.100;IEF:0.900
2009-01-06,0.004390566349291997,0.0,SPY:0.100;IEF:0.900
2009-01-13,0.014337009866624728,0.0,SPY:0.100;IEF:0.900
2009-01-20,0.014774204488008522,0.0,SPY:0.100;IEF:0.900
2009-01-27,0.0125964600512498,0.0,SPY:0.100;IEF:0.900
2009-02-03,0.01093065363802688,0.0,SPY:0.100;IEF:0.900
2009-02-10,0.0020160020522821814,0.0,SPY:0.100;IEF:0.900
2009-02-17,0.0017902702121359443,0.0,SPY:0.100;IEF:0.900
2009-02-24,0.011242877774820484,0.0,SPY:0.100;IEF:0.900
2009-03-03,0.0016738032658535767,0.0,SPY:0.100;IEF:0.900
2009-03-10,0.01674976454833657,0.0,SPY:0.100;IEF:0.900
2009-03-17,0.006320658008642913,0.0,SPY:0.100;IEF:0.900
2009-03-24,0.0145596073909912,0.0,SPY:0.100;IEF:0.900
2009-03-31,0.002205591585786912,0.0,SPY:0.100;IEF:0.900
2009-04-07,0.0027655966261418558,0.0,SPY:0.100;IEF:0.900
2009-04-14,0.007661271832435229,0.0,SPY:0.100;IEF:0.900
2009-04-21,0.004079595406539363,0.0,SPY:0.100;IEF:0.900
2009-04-28,0.002980828736810881,0.0,SPY:0.100;IEF:0.900
2009-05-05,0.0024004415165362197,0.0,SPY:0.100;IEF:0.900
2009-05-12,0.012269996313198722,0.0,SPY:0.100;IEF:0.900
2009-05-19,0.0004460415306355159,0.0,SPY:0.100;IEF:0.900
2009-05-26,0.001208645888369636,0.0,SPY:0.100;IEF:0.900
2009-06-02,0.004072913885653132,0.0,SPY:0.100;IEF:0.900
2009-06-09,0.00847421160813791,0.0,SPY:0.100;IEF:0.900
2009-06-16,0.002559840019604215,0.0,SPY:0.100;IEF:0.900
2009-06-23,0.008535829348163507,0.0,SPY:0.100;IEF:0.900
2009-06-30,0.003217700169166643,0.0,SPY:0.100;IEF:0.900
2009-07-07,0.0034945559346542115,0.0,SPY:0.100;IEF:0.900
2009-07-14,0.008911720599834583,0.0,SPY:0.100;IEF:0.900
2009-07-21,0.004914320020066046,0.0,SPY:0.100;IEF:0.900
2009-07-28,0.009614626745410415,0.0,SPY:0.100;IEF:0.900
2009-08-04,0.007356221447443398,0.0,SPY:0.100;IEF:0.900
2009-08-11,0.004946355950686099,0.0,SPY:0.100;IEF:0.900
2009-08-18,1.8029144492314901,0.0,SPY:0.350;NFLX:0.217;AAPL:0.217;NVDA:0.217
2009-08-25,0.45543117706260516,0.0,SPY:0.350;NFLX:0.217;NVDA:0.217;AMZN:0.217
2009-09-01,0.4398095355625409,0.0,SPY:0.350;NFLX:0.217;NVDA:0.217;AAPL:0.217
2009-09-08,0.02115270677155942,0.0,SPY:0.350;NFLX:0.217;NVDA:0.217;AAPL:0.217
2009-09-15,0.031103762402646534,0.0,SPY:0.350;NFLX:0.217;NVDA:0.217;AAPL:0.217
2009-09-22,0.44428720104461406,0.0,SPY:0.350;NFLX:0.217;NVDA:0.217;AMZN:0.217
2009-09-29,0.05198568450601329,0.0,SPY:0.350;AMZN:0.217;NFLX:0.217;NVDA:0.217
2009-10-06,0.44476316680729877,0.0,SPY:0.350;AMD:0.217;NVDA:0.217;NFLX:0.217
2009-10-13,0.4476856690416964,0.0,SPY:0.350;AMD:0.217;AMZN:0.217;NVDA:0.217
2009-10-20,0.458075321285783,0.0,SPY:0.350;AMD:0.217;NVDA:0.217;AAPL:0.217
2009-10-27,0.444612484200182,0.0,SPY:0.350;AMD:0.217;AAPL:0.217;AMZN:0.217
2009-11-03,0.11216472076535966,0.0,SPY:0.350;AMD:0.217;AAPL:0.217;AMZN:0.217
2009-11-10,0.02543894747705841,0.0,SPY:0.350;AMD:0.217;AAPL:0.217;AMZN:0.217
2009-11-17,0.020831163115216406,0.0,SPY:0.350;AAPL:0.217;AMD:0.217;AMZN:0.217
2009-11-24,0.086422231683143,0.0,SPY:0.350;AMD:0.217;AAPL:0.217;AMZN:0.217
2009-12-01,0.018520148329473518,0.0,SPY:0.350;AMD:0.217;AMZN:0.217;AAPL:0.217
2009-12-08,0.024906164005814718,0.0,SPY:0.350;AMD:0.217;AMZN:0.217;AAPL:0.217
2009-12-15,0.07623928520584308,0.0,SPY:0.350;AMD:0.217;AAPL:0.217;AMZN:0.217
2009-12-22,0.015871112311611257,0.0,SPY:0.350;AMD:0.217;AMZN:0.217;AAPL:0.217
2009-12-29,0.016570318902463105,0.0,SPY:0.350;AMD:0.217;AMZN:0.217;AAPL:0.217
2010-01-05,0.014388457080339034,0.0,SPY:0.350;AMD:0.217;AAPL:0.217;AMZN:0.217
2010-01-12,0.43602582656240585,0.0,SPY:0.350;AMD:0.217;ADBE:0.217;AAPL:0.217
2010-01-19,0.46443815850141035,0.0,SPY:0.350;AMD:0.217;AAPL:0.217;AMZN:0.217
2010-01-26,0.44022573051916813,0.0,SPY:0.350;AMD:0.217;AAPL:0.217;ADBE:0.217
2010-02-02,0.45062259737286825,0.0,SPY:0.350;AMD:0.217;AAPL:0.217;AMZN:0.217
2010-02-09,0.45260269446483836,0.0,SPY:0.350;AMD:0.217;AAPL:0.217;NVDA:0.217
2010-02-16,0.4421478579418552,0.0,SPY:0.350;AMD:0.217;AAPL:0.217;AMZN:0.217
2010-02-23,0.019079215390514354,0.0,SPY:0.350;AMD:0.217;AAPL:0.217;AMZN:0.217
2010-03-02,0.44985635776504607,0.0,SPY:0.350;AMD:0.217;AAPL:0.217;MSFT:0.217
2010-03-09,0.44493287282311417,0.0,SPY:0.350;AMD:0.217;AAPL:0.217;NVDA:0.217
2010-03-16,0.44876975255201823,0.0,SPY:0.350;AMD:0.217;AAPL:0.217;AMZN:0.217
2010-03-23,0.4545763579138141,0.0,SPY:0.350;AMD:0.217;NVDA:0.217;AAPL:0.217
2010-03-30,0.4379933992703441,0.0,SPY:0.350;AMD:0.217;NVDA:0.217;NFLX:0.217
2010-04-06,0.4418112226454506,0.0,SPY:0.350;AMD:0.217;NFLX:0.217;AAPL:0.217
2010-04-13,0.032149106539281935,0.0,SPY:0.350;AMD:0.217;NFLX:0.217;AAPL:0.217
2010-04-20,0.009939573723747042,0.0,SPY:0.350;AMD:0.217;NFLX:0.217;AAPL:0.217
2010-04-27,0.004502040874918928,0.0,SPY:0.350;AMD:0.217;NFLX:0.217;AAPL:0.217
2010-05-04,0.06679492375557647,0.0,SPY:0.350;AMD:0.217;NFLX:0.217;AAPL:0.217
2010-05-11,0.027904174500188977,0.0,SPY:0.350;AMD:0.217;NFLX:0.217;AAPL:0.217
2010-05-18,0.018049109755567533,0.0,SPY:0.350;AMD:0.217;NFLX:0.217;AAPL:0.217
2010-05-25,0.024479736069014657,0.0,SPY:0.350;AMD:0.217;NFLX:0.217;AAPL:0.217
2010-06-01,1.801021449850564,0.0,SPY:0.100;IEF:0.900
2010-06-08,0.0005549899563712379,0.0,SPY:0.100;IEF:0.900
2010-06-15,0.002880677932013548,0.0,SPY:0.100;IEF:0.900
2010-06-22,1.7906758711731638,0.0,SPY:0.350;NFLX:0.217;AMD:0.217;AAPL:0.217
2010-06-29,1.801012617234154,0.0,SPY:0.100;IEF:0.900
2010-07-06,0.011567185184653411,0.0,SPY:0.100;IEF:0.900
2010-07-13,0.0026119883235913854,0.0,SPY:0.100;IEF:0.900
2010-07-20,0.013988295309089682,0.0,SPY:0.100;IEF:0.900
2010-07-27,0.004478064656299269,0.0,SPY:0.100;IEF:0.900
2010-08-03,0.006220400912874055,0.0,SPY:0.100;IEF:0.900
2010-08-10,0.0014048177227272418,0.0,SPY:0.100;IEF:0.900
2010-08-17,0.0018933205401069492,0.0,SPY:0.100;IEF:0.900
2010-08-24,0.00615069329706594,0.0,SPY:0.100;IEF:0.900
2010-08-31,0.008331615574768303,0.0,SPY:0.100;IEF:0.900
2010-09-07,0.0004658586752714633,0.0,SPY:0.100;IEF:0.900
2010-09-14,0.009098955710682366,0.0,SPY:0.100;IEF:0.900
2010-09-21,0.005624220190151075,0.0,SPY:0.100;IEF:0.900
2010-09-28,0.0017040280091472348,0.0,SPY:0.100;IEF:0.900
2010-10-05,0.0005324954810818489,0.0,SPY:0.100;IEF:0.900
2010-10-12,0.0020312434721895117,0.0,SPY:0.100;IEF:0.900
2010-10-19,1.8005688725390208,0.0,SPY:0.350;NFLX:0.217;INTU:0.217;AAPL:0.217
2010-10-26,0.021504942706451702,0.0,SPY:0.350;NFLX:0.217;INTU:0.217;AAPL:0.217
2010-11-02,0.05559552740494367,0.0,SPY:0.350;NFLX:0.217;INTU:0.217;AAPL:0.217
2010-11-09,0.014468134278509681,0.0,SPY:0.350;NFLX:0.217;INTU:0.217;AAPL:0.217
2010-11-16,0.010658333876372938,0.0,SPY:0.350;NFLX:0.217;INTU:0.217;AAPL:0.217
2010-11-23,0.005529014945610089,0.0,SPY:0.350;NFLX:0.217;INTU:0.217;AAPL:0.217
2010-11-30,0.04657642112709051,0.0,SPY:0.350;NFLX:0.217;INTU:0.217;AAPL:0.217
2010-12-07,0.030938464777176877,0.0,SPY:0.350;NFLX:0.217;INTU:0.217;AAPL:0.217
2010-12-14,0.037816897384635006,0.0,SPY:0.350;NFLX:0.217;AAPL:0.217;INTU:0.217
2010-12-21,0.026628114241958434,0.0,SPY:0.350;NFLX:0.217;INTU:0.217;AAPL:0.217
2010-12-28,0.012894070482506292,0.0,SPY:0.350;NFLX:0.217;INTU:0.217;AAPL:0.217
2011-01-04,0.43902192726587186,0.0,SPY:0.350;NFLX:0.217;AAPL:0.217;AVGO:0.217
2011-01-11,0.44031426601821433,0.0,SPY:0.350;NFLX:0.217;AAPL:0.217;INTU:0.217
2011-01-18,0.022213802187228016,0.0,SPY:0.350;NFLX:0.217;AAPL:0.217;INTU:0.217
2011-01-25,0.44149908125598986,0.0,SPY:0.350;NFLX:0.217;AAPL:0.217;AVGO:0.217
2011-02-01,0.4469755579124951,0.0,SPY:0.350;NFLX:0.217;AAPL:0.217;INTU:0.217
2011-02-08,0.04091578985912253,0.0,SPY:0.350;NFLX:0.217;AAPL:0.217;INTU:0.217
2011-02-15,0.4402237895338553,0.0,SPY:0.350;NFLX:0.217;AVGO:0.217;AAPL:0.217
2011-02-22,0.03515272032794217,0.0,SPY:0.350;NFLX:0.217;AVGO:0.217;AAPL:0.217
2011-03-01,0.4603136877555238,0.0,SPY:0.350;NFLX:0.217;NVDA:0.217;AAPL:0.217
2011-03-08,0.47430363496494277,0.0,SPY:0.350;NFLX:0.217;QCOM:0.217;NVDA:0.217
2011-03-15,0.4408120136594926,0.0,SPY:0.350;NFLX:0.217;AVGO:0.217;QCOM:0.217
2011-03-22,0.05352858546241529,0.0,SPY:0.350;NFLX:0.217;AVGO:0.217;QCOM:0.217
2011-03-29,0.4395224032848718,0.0,SPY:0.350;NFLX:0.217;NVDA:0.217;AVGO:0.217
2011-04-05,0.03285992127037632,0.0,SPY:0.350;NFLX:0.217;AVGO:0.217;NVDA:0.217
2011-04-12,0.4340031787594914,0.0,SPY:0.350;NFLX:0.217;QCOM:0.217;AVGO:0.217
2011-04-19,0.44505192628390994,0.0,SPY:0.350;NFLX:0.217;NVDA:0.217;QCOM:0.217
2011-04-26,0.014294121037599083,0.0,SPY:0.350;NFLX:0.217;QCOM:0.217;NVDA:0.217
2011-05-03,0.03572809566267823,0.0,SPY:0.350;NFLX:0.217;NVDA:0.217;QCOM:0.217
2011-05-10,0.44383794068819826,0.0,SPY:0.350;NFLX:0.217;AMZN:0.217;NVDA:0.217
2011-05-17,0.015540153769605769,0.0,SPY:0.350;NFLX:0.217;NVDA:0.217;AMZN:0.217
2011-05-24,0.4647260517961874,0.0,SPY:0.350;NFLX:0.217;NVDA:0.217;QCOM:0.217
2011-05-31,0.020822953745597755,0.0,SPY:0.350;NFLX:0.217;NVDA:0.217;QCOM:0.217
2011-06-07,0.45914409551619273,0.0,SPY:0.350;NFLX:0.217;NVDA:0.217;AMZN:0.217
2011-06-14,0.45520637725135865,0.0,SPY:0.350;NFLX:0.217;NVDA:0.217;AVGO:0.217
2011-06-21,0.017496301902654915,0.0,SPY:0.350;NFLX:0.217;NVDA:0.217;AVGO:0.217
2011-06-28,0.025953903999474837,0.0,SPY:0.350;NFLX:0.217;NVDA:0.217;AVGO:0.217
2011-07-05,0.03611372461218923,0.0,SPY:0.350;NFLX:0.217;NVDA:0.217;AVGO:0.217
2011-07-12,0.02068403843932551,0.0,SPY:0.350;NFLX:0.217;NVDA:0.217;AVGO:0.217
2011-07-19,0.03798832881492559,0.0,SPY:0.350;NFLX:0.217;AVGO:0.217;NVDA:0.217
2011-07-26,0.018522740759628148,0.0,SPY:0.350;NFLX:0.217;AVGO:0.217;NVDA:0.217
2011-08-02,0.4614182063859127,0.0,SPY:0.350;NFLX:0.217;AVGO:0.217;AMZN:0.217
2011-08-09,1.8010618814161172,0.0,SPY:0.100;IEF:0.900
2011-08-16,0.015601049144524454,0.0,SPY:0.100;IEF:0.900
2011-08-23,0.002106785911652101,0.0,SPY:0.100;IEF:0.900
2011-08-30,0.006048530662939963,0.0,SPY:0.100;IEF:0.900
2011-09-06,0.00828030298344637,0.0,SPY:0.100;IEF:0.900
2011-09-13,0.00953368639538335,0.0,SPY:0.100;IEF:0.900
2011-09-20,0.0014474165414860851,0.0,SPY:0.100;IEF:0.900
2011-09-27,0.003830484908648721,0.0,SPY:0.100;IEF:0.900
2011-10-04,0.0029492290292203738,0.0,SPY:0.100;IEF:0.900
2011-10-11,0.009829696115246131,0.0,SPY:0.100;IEF:0.900
2011-10-18,0.016233451575718774,0.0,SPY:0.100;IEF:0.900
2011-10-25,0.004124164743007266,0.0,SPY:0.100;IEF:0.900
2011-11-01,0.00033953606704112405,0.0,SPY:0.100;IEF:0.900
2011-11-08,0.003624316655510232,0.0,SPY:0.100;IEF:0.900
2011-11-15,1.7909625639133218,0.0,SPY:0.350;AMZN:0.217;AAPL:0.217;AVGO:0.217
2011-11-22,1.8010259065588723,0.0,SPY:0.100;IEF:0.900
2011-11-29,0.011218607801244937,0.0,SPY:0.100;IEF:0.900
2011-12-06,0.002163376574451953,0.0,SPY:0.100;IEF:0.900
2011-12-13,1.7908187160279767,0.0,SPY:0.350;TSLA:0.217;AMZN:0.217;INTC:0.217
2011-12-20,1.8010763402414849,0.0,SPY:0.100;IEF:0.900
2011-12-27,0.0019837628685461517,0.0,SPY:0.100;IEF:0.900
2012-01-03,0.004726200533517383,0.0,SPY:0.100;IEF:0.900
2012-01-10,1.8004104603761548,0.0,SPY:0.350;TSLA:0.217;INTC:0.217;COST:0.217
2012-01-17,0.03191600063230632,0.0,SPY:0.350;TSLA:0.217;INTC:0.217;COST:0.217
2012-01-24,0.020372889451594933,0.0,SPY:0.350;INTC:0.217;TSLA:0.217;COST:0.217
2012-01-31,0.4427986967067347,0.0,SPY:0.350;TSLA:0.217;INTC:0.217;AAPL:0.217
2012-02-07,0.47251257301517147,0.0,SPY:0.350;INTC:0.217;AAPL:0.217;COST:0.217
2012-02-14,0.43750424020826906,0.0,SPY:0.350;INTC:0.217;AAPL:0.217;CSCO:0.217
2012-02-21,0.45149263267652634,0.0,SPY:0.350;AAPL:0.217;INTC:0.217;MSFT:0.217
2012-02-28,0.44345164906877255,0.0,SPY:0.350;INTC:0.217;AAPL:0.217;CSCO:0.217
2012-03-06,0.4388580029010547,0.0,SPY:0.350;AAPL:0.217;INTC:0.217;MSFT:0.217
2012-03-13,0.005889673366835296,0.0,SPY:0.350;AAPL:0.217;MSFT:0.217;INTC:0.217
2012-03-20,0.011379918421416862,0.0,SPY:0.350;AAPL:0.217;MSFT:0.217;INTC:0.217
2012-03-27,0.45417719770109477,0.0,SPY:0.350;AAPL:0.217;TSLA:0.217;MSFT:0.217
2012-04-03,0.024654555205608886,0.0,SPY:0.350;AAPL:0.217;MSFT:0.217;TSLA:0.217
2012-04-10,0.4435343049604652,0.0,SPY:0.350;AAPL:0.217;MSFT:0.217;INTC:0.217
2012-04-17,0.44847154092842906,0.0,SPY:0.350;AAPL:0.217;MSFT:0.217;CSCO:0.217
2012-04-24,0.01894958195021132,0.0,SPY:0.350;AAPL:0.217;CSCO:0.217;MSFT:0.217
2012-05-01,0.027737479986270935,0.0,SPY:0.350;AAPL:0.217;CSCO:0.217;MSFT:0.217
2012-05-08,0.4339764909761181,0.0,SPY:0.350;AAPL:0.217;CSCO:0.217;INTC:0.217
2012-05-15,0.014390894018677325,0.0,SPY:0.350;AAPL:0.217;INTC:0.217;CSCO:0.217
2012-05-22,0.03313617765752447,0.0,SPY:0.350;AAPL:0.217;INTC:0.217;CSCO:0.217
2012-05-29,0.013133877630831792,0.0,SPY:0.350;AAPL:0.217;CSCO:0.217;INTC:0.217
2012-06-05,0.43670726970769835,0.0,SPY:0.350;AAPL:0.217;INTC:0.217;INTU:0.217
2012-06-12,0.00717954610497204,0.0,SPY:0.350;AAPL:0.217;INTC:0.217;INTU:0.217
2012-06-19,0.006208244055640216,0.0,SPY:0.350;AAPL:0.217;INTC:0.217;INTU:0.217
2012-06-26,0.4408749110443069,0.0,SPY:0.350;AAPL:0.217;INTU:0.217;ADBE:0.217
2012-07-03,0.8680357290348185,0.0,SPY:0.350;AAPL:0.217;TSLA:0.217;INTC:0.217
2012-07-10,0.43397527075330544,0.0,SPY:0.350;AAPL:0.217;INTC:0.217;ADBE:0.217
2012-07-17,0.023795949979291076,0.0,SPY:0.350;AAPL:0.217;INTC:0.217;ADBE:0.217
2012-07-24,0.4425195890412453,0.0,SPY:0.350;AAPL:0.217;TSLA:0.217;INTC:0.217
2012-07-31,0.46588219537613107,0.0,SPY:0.350;AAPL:0.217;ADBE:0.217;TSLA:0.217
2012-08-07,0.43399795439867284,0.0,SPY:0.350;AAPL:0.217;HON:0.217;ADBE:0.217
2012-08-14,0.43907249909154816,0.0,SPY:0.350;AAPL:0.217;TSLA:0.217;ADBE:0.217
2012-08-21,0.4367072594295892,0.0,SPY:0.350;AAPL:0.217;COST:0.217;ADBE:0.217
2012-08-28,0.8776563844481342,0.0,SPY:0.350;AAPL:0.217;HON:0.217;PEP:0.217
2012-09-04,0.010791626067722715,0.0,SPY:0.350;AAPL:0.217;PEP:0.217;HON:0.217
2012-09-11,0.868006658445625,0.0,SPY:0.350;AAPL:0.217;QCOM:0.217;MSFT:0.217
2012-09-18,0.4474432270742811,0.0,SPY:0.350;AAPL:0.217;PEP:0.217;MSFT:0.217
2012-09-25,0.4382749071651635,0.0,SPY:0.350;AAPL:0.217;ADBE:0.217;MSFT:0.217
2012-10-02,0.4486879262405451,0.0,SPY:0.350;AAPL:0.217;AMZN:0.217;MSFT:0.217
2012-10-09,0.43768183376306136,0.0,SPY:0.350;AAPL:0.217;AMZN:0.217;AVGO:0.217
2012-10-16,0.44479708406584695,0.0,SPY:0.350;AAPL:0.217;AMZN:0.217;MSFT:0.217
2012-10-23,0.013606442304125471,0.0,SPY:0.350;AAPL:0.217;AMZN:0.217;MSFT:0.217
2012-10-30,1.8010430100287649,0.0,SPY:0.100;IEF:0.900
2012-11-06,0.00018950279856394525,0.0,SPY:0.100;IEF:0.900
2012-11-13,1.7990948812020906,0.0,SPY:0.350;AAPL:0.217;AMZN:0.217;COST:0.217
2012-11-20,1.8010454004994205,0.0,SPY:0.100;IEF:0.900
2012-11-27,0.0028646807911992256,0.0,SPY:0.100;IEF:0.900
2012-12-04,1.7998775589220626,0.0,SPY:0.350;AAPL:0.217;AMZN:0.217;COST:0.217
2012-12-11,0.02943470105433363,0.0,SPY:0.350;AAPL:0.217;AMZN:0.217;COST:0.217
2012-12-18,0.022974630804381557,0.0,SPY:0.350;AMZN:0.217;AAPL:0.217;COST:0.217
2012-12-25,0.43404083375705993,0.0,SPY:0.350;AMZN:0.217;COST:0.217;PEP:0.217
2013-01-01,0.004463571117819171,0.0,SPY:0.350;AMZN:0.217;COST:0.217;PEP:0.217
2013-01-08,0.009801490763196807,0.0,SPY:0.350;AMZN:0.217;COST:0.217;PEP:0.217
2013-01-15,0.44201627102673136,0.0,SPY:0.350;AMZN:0.217;COST:0.217;GOOGL:0.217
2013-01-22,0.009891414317036551,0.0,SPY:0.350;AMZN:0.217;COST:0.217;GOOGL:0.217
2013-01-29,0.43633301163896454,0.0,SPY:0.350;AMZN:0.217;COST:0.217;ADBE:0.217
2013-02-05,1.8009984844926565,0.0,SPY:0.100;IEF:0.900
2013-02-12,1.8005681245415097,0.0,SPY:0.350;AMZN:0.217;COST:0.217;GOOGL:0.217
2013-02-19,0.45025754569656423,0.0,SPY:0.350;AMZN:0.217;COST:0.217;HON:0.217
2013-02-26,0.012316299528411595,0.0,SPY:0.350;AMZN:0.217;COST:0.217;HON:0.217
2013-03-05,0.4399329706710985,0.0,SPY:0.350;NFLX:0.217;AMZN:0.217;COST:0.217
2013-03-12,0.4517942673898032,0.0,SPY:0.350;NFLX:0.217;GOOGL:0.217;COST:0.217
2013-03-19,0.006551334369654854,0.0,SPY:0.350;NFLX:0.217;COST:0.217;GOOGL:0.217
2013-03-26,0.4385053399747455,0.0,SPY:0.350;NFLX:0.217;CSCO:0.217;GOOGL:0.217
2013-04-02,0.4369252618819061,0.0,SPY:0.350;NFLX:0.217;GOOGL:0.217;AMAT:0.217
2013-04-09,0.4588120494428155,0.0,SPY:0.350;NFLX:0.217;GOOGL:0.217;ADBE:0.217
2013-04-16,0.45652219550709316,0.0,SPY:0.350;NFLX:0.217;GOOGL:0.217;TSLA:0.217
2013-04-23,0.46914104311587546,0.0,SPY:0.350;NFLX:0.217;GOOGL:0.217;HON:0.217
2013-04-30,0.07115890235726219,0.0,SPY:0.350;NFLX:0.217;GOOGL:0.217;HON:0.217
2013-05-07,0.43765670490013925,0.0,SPY:0.350;NFLX:0.217;TSLA:0.217;GOOGL:0.217
2013-05-14,0.45831900390552544,0.0,SPY:0.350;NFLX:0.217;TSLA:0.217;ADBE:0.217
2013-05-21,0.1391094828774228,0.0,SPY:0.350;NFLX:0.217;TSLA:0.217;ADBE:0.217
2013-05-28,0.01451542152241081,0.0,SPY:0.350;NFLX:0.217;TSLA:0.217;ADBE:0.217
2013-06-04,0.09776817842416763,0.0,SPY:0.350;NFLX:0.217;TSLA:0.217;ADBE:0.217
2013-06-11,0.05431179544704623,0.0,SPY:0.350;NFLX:0.217;TSLA:0.217;ADBE:0.217
2013-06-18,0.4471367579526635,0.0,SPY:0.350;NFLX:0.217;TSLA:0.217;GOOGL:0.217
2013-06-25,0.4537957348008611,0.0,SPY:0.350;NFLX:0.217;TSLA:0.217;CSCO:0.217
2013-07-02,0.4488702658020673,0.0,SPY:0.350;TSLA:0.217;NFLX:0.217;HON:0.217
2013-07-09,0.4579866447826786,0.0,SPY:0.350;TSLA:0.217;NFLX:0.217;ADBE:0.217
2013-07-16,0.027724516999763554,0.0,SPY:0.350;NFLX:0.217;TSLA:0.217;ADBE:0.217
2013-07-23,0.48165770124580365,0.0,SPY:0.350;NFLX:0.217;TSLA:0.217;AMAT:0.217
2013-07-30,0.46402896828409246,0.0,SPY:0.350;NFLX:0.217;TSLA:0.217;ADBE:0.217
2013-08-06,0.029082185509096525,0.0,SPY:0.350;TSLA:0.217;NFLX:0.217;ADBE:0.217
2013-08-13,0.028629035051231655,0.0,SPY:0.350;TSLA:0.217;NFLX:0.217;ADBE:0.217
2013-08-20,0.4389404409536081,0.0,SPY:0.350;TSLA:0.217;NFLX:0.217;AMAT:0.217
2013-08-27,0.4565344085242094,0.0,SPY:0.350;TSLA:0.217;NFLX:0.217;META:0.217
2013-09-03,0.0376362876972908,0.0,SPY:0.350;TSLA:0.217;NFLX:0.217;META:0.217
2013-09-10,0.02066914267699782,0.0,SPY:0.350;TSLA:0.217;NFLX:0.217;META:0.217
2013-09-17,0.024407578411785008,0.0,SPY:0.350;TSLA:0.217;NFLX:0.217;META:0.217
2013-09-24,0.021064417532025342,0.0,SPY:0.350;TSLA:0.217;NFLX:0.217;META:0.217
2013-10-01,0.47162048236727294,0.0,SPY:0.350;TSLA:0.217;NFLX:0.217;AMD:0.217
2013-10-08,0.025570715917547476,0.0,SPY:0.350;TSLA:0.217;NFLX:0.217;AMD:0.217
2013-10-15,0.027851828706548537,0.0,SPY:0.350;TSLA:0.217;NFLX:0.217;AMD:0.217
2013-10-22,0.0174317322001942,0.0,SPY:0.350;TSLA:0.217;NFLX:0.217;AMD:0.217
2013-10-29,0.443063015542281,0.0,SPY:0.350;TSLA:0.217;NFLX:0.217;META:0.217
2013-11-05,0.03177371863272288,0.0,SPY:0.350;TSLA:0.217;NFLX:0.217;META:0.217
2013-11-12,0.027214993371671575,0.0,SPY:0.350;TSLA:0.217;NFLX:0.217;META:0.217
2013-11-19,0.07319975731321263,0.0,SPY:0.350;TSLA:0.217;NFLX:0.217;META:0.217
2013-11-26,0.03158378382980215,0.0,SPY:0.350;TSLA:0.217;NFLX:0.217;META:0.217
2013-12-03,0.026102848642766213,0.0,SPY:0.350;TSLA:0.217;NFLX:0.217;META:0.217
2013-12-10,0.0621646468346565,0.0,SPY:0.350;TSLA:0.217;NFLX:0.217;META:0.217
2013-12-17,0.025979359004787178,0.0,SPY:0.350;TSLA:0.217;NFLX:0.217;META:0.217
2013-12-24,0.036339683320401356,0.0,SPY:0.350;TSLA:0.217;NFLX:0.217;META:0.217
2013-12-31,0.018543742140004732,0.0,SPY:0.350;TSLA:0.217;NFLX:0.217;META:0.217
2014-01-07,0.022753667379145026,0.0,SPY:0.350;TSLA:0.217;NFLX:0.217;META:0.217
2014-01-14,0.03067809447256334,0.0,SPY:0.350;TSLA:0.217;META:0.217;NFLX:0.217
2014-01-21,0.02724004603265856,0.0,SPY:0.350;TSLA:0.217;META:0.217;NFLX:0.217
2014-01-28,0.03277838308029604,0.0,SPY:0.350;TSLA:0.217;META:0.217;NFLX:0.217
2014-02-04,0.0867381759298522,0.0,SPY:0.350;TSLA:0.217;META:0.217;NFLX:0.217
2014-02-11,0.04894610396800664,0.0,SPY:0.350;TSLA:0.217;META:0.217;NFLX:0.217
2014-02-18,0.022626750378270527,0.0,SPY:0.350;TSLA:0.217;META:0.217;NFLX:0.217
2014-02-25,0.012853070940773037,0.0,SPY:0.350;TSLA:0.217;META:0.217;NFLX:0.217
2014-03-04,0.0623870153551441,0.0,SPY:0.350;TSLA:0.217;META:0.217;NFLX:0.217
2014-03-11,0.012216856233628726,0.0,SPY:0.350;TSLA:0.217;META:0.217;NFLX:0.217
2014-03-18,0.03288879462158134,0.0,SPY:0.350;TSLA:0.217;META:0.217;NFLX:0.217
2014-03-25,0.4373361181314189,0.0,SPY:0.350;TSLA:0.217;META:0.217;AVGO:0.217
2014-04-01,0.036174586612524234,0.0,SPY:0.350;TSLA:0.217;META:0.217;AVGO:0.217
2014-04-08,0.45278876347996055,0.0,SPY:0.350;META:0.217;TSLA:0.217;NFLX:0.217
2014-04-15,0.02237679398326753,0.0,SPY:0.350;META:0.217;TSLA:0.217;NFLX:0.217
2014-04-22,0.04344767534878202,0.0,SPY:0.350;META:0.217;TSLA:0.217;NFLX:0.217
2014-04-29,0.47831715135864916,0.0,SPY:0.350;META:0.217;TSLA:0.217;AVGO:0.217
2014-05-06,0.026551202537579144,0.0,SPY:0.350;META:0.217;TSLA:0.217;AVGO:0.217
2014-05-13,0.0350393360888093,0.0,SPY:0.350;META:0.217;TSLA:0.217;AVGO:0.217
2014-05-20,0.03482304927084873,0.0,SPY:0.350;META:0.217;AVGO:0.217;TSLA:0.217
2014-05-27,0.0149086950537346,0.0,SPY:0.350;META:0.217;TSLA:0.217;AVGO:0.217
2014-06-03,0.023894605315346623,0.0,SPY:0.350;META:0.217;AVGO:0.217;TSLA:0.217
2014-06-10,0.013530095048779556,0.0,SPY:0.350;AVGO:0.217;META:0.217;TSLA:0.217
2014-06-17,0.43732832612250694,0.0,SPY:0.350;AVGO:0.217;META:0.217;NFLX:0.217
2014-06-24,0.014837518023209206,0.0,SPY:0.350;AVGO:0.217;META:0.217;NFLX:0.217
2014-07-01,0.011934404067155069,0.0,SPY:0.350;AVGO:0.217;META:0.217;NFLX:0.217
2014-07-08,0.021201089673881096,0.0,SPY:0.350;AVGO:0.217;META:0.217;NFLX:0.217
2014-07-15,0.03193488150209903,0.0,SPY:0.350;AVGO:0.217;META:0.217;NFLX:0.217
2014-07-22,0.4515651456140227,0.0,SPY:0.350;AVGO:0.217;META:0.217;AMAT:0.217
2014-07-29,0.4380766761706839,0.0,SPY:0.350;AVGO:0.217;ADBE:0.217;META:0.217
2014-08-05,0.4655876822934593,0.0,SPY:0.350;AVGO:0.217;NFLX:0.217;META:0.217
2014-08-12,0.8774431592249176,0.0,SPY:0.350;AVGO:0.217;INTC:0.217;AAPL:0.217
2014-08-19,0.4368317953414914,0.0,SPY:0.350;AVGO:0.217;NFLX:0.217;INTC:0.217
2014-08-26,0.4464197625554049,0.0,SPY:0.350;AVGO:0.217;INTC:0.217;META:0.217
2014-09-02,0.0021742247314505414,0.0,SPY:0.350;AVGO:0.217;INTC:0.217;META:0.217
2014-09-09,0.4588221439970278,0.0,SPY:0.350;AVGO:0.217;TSLA:0.217;META:0.217
2014-09-16,0.016376396014400413,0.0,SPY:0.350;AVGO:0.217;TSLA:0.217;META:0.217
2014-09-23,0.02161650414494115,0.0,SPY:0.350;TSLA:0.217;AVGO:0.217;META:0.217
2014-09-30,0.01690702438485836,0.0,SPY:0.350;TSLA:0.217;AVGO:0.217;META:0.217
2014-10-07,0.010116702437789171,0.0,SPY:0.350;TSLA:0.217;AVGO:0.217;META:0.217
2014-10-14,0.03679072299069577,0.0,SPY:0.350;AVGO:0.217;TSLA:0.217;META:0.217
2014-10-21,1.8010741789589155,0.0,SPY:0.100;IEF:0.900
2014-10-28,1.7946679723560295,0.0,SPY:0.350;AVGO:0.217;TSLA:0.217;META:0.217
2014-11-04,0.43723676353140595,0.0,SPY:0.350;AVGO:0.217;TSLA:0.217;INTC:0.217
2014-11-11,0.44483093752300734,0.0,SPY:0.350;TSLA:0.217;AVGO:0.217;META:0.217
2014-11-18,0.43647140103182974,0.0,SPY:0.350;TSLA:0.217;AVGO:0.217;AAPL:0.217
2014-11-25,0.02025388299491429,0.0,SPY:0.350;AVGO:0.217;TSLA:0.217;AAPL:0.217
2014-12-02,0.015673475832993222,0.0,SPY:0.350;AVGO:0.217;AAPL:0.217;TSLA:0.217
2014-12-09,0.4374055870562975,0.0,SPY:0.350;AVGO:0.217;AAPL:0.217;INTC:0.217
2014-12-16,0.040403335536756235,0.0,SPY:0.350;AVGO:0.217;AAPL:0.217;INTC:0.217
2014-12-23,0.00969490568821993,0.0,SPY:0.350;AVGO:0.217;AAPL:0.217;INTC:0.217
2014-12-30,0.004877349707724771,0.0,SPY:0.350;AVGO:0.217;INTC:0.217;AAPL:0.217
2015-01-06,0.006050177902357984,0.0,SPY:0.350;AVGO:0.217;AAPL:0.217;INTC:0.217
2015-01-13,0.006218301800422793,0.0,SPY:0.350;AVGO:0.217;INTC:0.217;AAPL:0.217
2015-01-20,0.015209142808017523,0.0,SPY:0.350;AVGO:0.217;INTC:0.217;AAPL:0.217
2015-01-27,0.010283729682843329,0.0,SPY:0.350;AVGO:0.217;INTC:0.217;AAPL:0.217
2015-02-03,0.01888389047920061,0.0,SPY:0.350;AVGO:0.217;AAPL:0.217;INTC:0.217
2015-02-10,0.030342738945201425,0.0,SPY:0.350;AVGO:0.217;AAPL:0.217;INTC:0.217
2015-02-17,0.012608903644959396,0.0,SPY:0.350;AVGO:0.217;AAPL:0.217;INTC:0.217
2015-02-24,0.009767958573840857,0.0,SPY:0.350;AVGO:0.217;AAPL:0.217;INTC:0.217
2015-03-03,0.012642013387355433,0.0,SPY:0.350;AVGO:0.217;AAPL:0.217;INTC:0.217
2015-03-10,0.46871153538302157,0.0,SPY:0.350;AVGO:0.217;AAPL:0.217;NFLX:0.217
2015-03-17,0.018991226367699093,0.0,SPY:0.350;AVGO:0.217;AAPL:0.217;NFLX:0.217
2015-03-24,0.43399191539181337,0.0,SPY:0.350;AVGO:0.217;AAPL:0.217;COST:0.217
2015-03-31,0.44524278402523343,0.0,SPY:0.350;AVGO:0.217;AAPL:0.217;META:0.217
2015-04-07,0.4431041550531458,0.0,SPY:0.350;AVGO:0.217;AAPL:0.217;COST:0.217
2015-04-14,0.005745924245130485,0.0,SPY:0.350;AVGO:0.217;AAPL:0.217;COST:0.217
2015-04-21,0.010617100678755653,0.0,SPY:0.350;AVGO:0.217;AAPL:0.217;COST:0.217
2015-04-28,0.006420050447657921,0.0,SPY:0.350;AVGO:0.217;AAPL:0.217;COST:0.217
2015-05-05,0.020612817876758005,0.0,SPY:0.350;AVGO:0.217;AAPL:0.217;COST:0.217
2015-05-12,0.00909400460777604,0.0,SPY:0.350;AVGO:0.217;AAPL:0.217;COST:0.217
2015-05-19,0.016757715544329865,0.0,SPY:0.350;AVGO:0.217;AAPL:0.217;COST:0.217
2015-05-26,0.015572215184075311,0.0,SPY:0.350;AVGO:0.217;AAPL:0.217;COST:0.217
2015-06-02,0.4390569301200785,0.0,SPY:0.350;AVGO:0.217;AAPL:0.217;NFLX:0.217
2015-06-09,0.454808376809675,0.0,SPY:0.350;AVGO:0.217;NFLX:0.217;AMZN:0.217
2015-06-16,0.018630060945612092,0.0,SPY:0.350;AVGO:0.217;NFLX:0.217;AMZN:0.217
2015-06-23,0.43748036817619707,0.0,SPY:0.350;AVGO:0.217;NFLX:0.217;AAPL:0.217
2015-06-30,0.009035523429761022,0.0,SPY:0.350;AVGO:0.217;NFLX:0.217;AAPL:0.217
2015-07-07,0.01308862931060445,0.0,SPY:0.350;AVGO:0.217;NFLX:0.217;AAPL:0.217
2015-07-14,0.437104886696327,0.0,SPY:0.350;AVGO:0.217;NFLX:0.217;INTU:0.217
2015-07-21,0.4528040527517909,0.0,SPY:0.350;AVGO:0.217;NFLX:0.217;AMZN:0.217
2015-07-28,0.035404045155372044,0.0,SPY:0.350;AVGO:0.217;NFLX:0.217;AMZN:0.217
2015-08-04,0.03746030223489391,0.0,SPY:0.350;NFLX:0.217;AVGO:0.217;AMZN:0.217
2015-08-11,0.046785787821523345,0.0,SPY:0.350;NFLX:0.217;AVGO:0.217;AMZN:0.217
2015-08-18,0.007291393128414425,0.0,SPY:0.350;NFLX:0.217;AVGO:0.217;AMZN:0.217
2015-08-25,0.008657941430193772,0.0,SPY:0.350;NFLX:0.217;AVGO:0.217;AMZN:0.217
2015-09-01,1.8011487421507235,0.0,SPY:0.100;IEF:0.900
2015-09-08,0.005005475607934837,0.0,SPY:0.100;IEF:0.900
2015-09-15,0.0055909467861316176,0.0,SPY:0.100;IEF:0.900
2015-09-22,0.0020650652393748026,0.0,SPY:0.100;IEF:0.900
2015-09-29,0.005324324016089219,0.0,SPY:0.100;IEF:0.900
2015-10-06,0.006596923500821361,0.0,SPY:0.100;IEF:0.900
2015-10-13,0.008781796184556281,0.0,SPY:0.100;IEF:0.900
2015-10-20,0.0022863912675089026,0.0,SPY:0.100;IEF:0.900
2015-10-27,0.0030575638940866096,0.0,SPY:0.100;IEF:0.900
2015-11-03,1.798621969559698,0.0,SPY:0.350;NFLX:0.217;AMZN:0.217;AVGO:0.217
2015-11-10,0.44018850072998517,0.0,SPY:0.350;NFLX:0.217;AMZN:0.217;NVDA:0.217
2015-11-17,0.030907697043973836,0.0,SPY:0.350;NFLX:0.217;AMZN:0.217;NVDA:0.217
2015-11-24,0.019200317165558173,0.0,SPY:0.350;NFLX:0.217;AMZN:0.217;NVDA:0.217
2015-12-01,0.012046358348534403,0.0,SPY:0.350;NFLX:0.217;AMZN:0.217;NVDA:0.217
2015-12-08,0.013337888045506952,0.0,SPY:0.350;AMZN:0.217;NFLX:0.217;NVDA:0.217
2015-12-15,0.015068854679230248,0.0,SPY:0.350;AMZN:0.217;NFLX:0.217;NVDA:0.217
2015-12-22,1.8010281407817856,0.0,SPY:0.100;IEF:0.900
2015-12-29,0.0007711065825251606,0.0,SPY:0.100;IEF:0.900
2016-01-05,1.7965424864356547,0.0,SPY:0.350;AMZN:0.217;NFLX:0.217;NVDA:0.217
2016-01-12,1.8010581755659394,0.0,SPY:0.100;IEF:0.900
2016-01-19,0.008993369545648736,0.0,SPY:0.100;IEF:0.900
2016-01-26,0.006133282110121513,0.0,SPY:0.100;IEF:0.900
2016-02-02,0.0012741227903674684,0.0,SPY:0.100;IEF:0.900
2016-02-09,0.0022069930134988452,0.0,SPY:0.100;IEF:0.900
2016-02-16,0.006276680232640719,0.0,SPY:0.100;IEF:0.900
2016-02-23,0.004778059024262246,0.0,SPY:0.100;IEF:0.900
2016-03-01,0.0018299086687547095,0.0,SPY:0.100;IEF:0.900
2016-03-08,0.006903961565369696,0.0,SPY:0.100;IEF:0.900
2016-03-15,0.0002964304209829294,0.0,SPY:0.100;IEF:0.900
2016-03-22,1.7957853716320762,0.0,SPY:0.350;NVDA:0.217;GOOGL:0.217;META:0.217
2016-03-29,0.01268478661027142,0.0,SPY:0.350;NVDA:0.217;META:0.217;GOOGL:0.217
2016-04-05,0.4458392752047585,0.0,SPY:0.350;NVDA:0.217;META:0.217;AMZN:0.217
2016-04-12,0.01214821097464197,0.0,SPY:0.350;NVDA:0.217;META:0.217;AMZN:0.217
2016-04-19,0.435797838192657,0.0,SPY:0.350;NVDA:0.217;GOOGL:0.217;AMZN:0.217
2016-04-26,0.44213555544259386,0.0,SPY:0.350;NVDA:0.217;GOOGL:0.217;META:0.217
2016-05-03,0.4534888200265606,0.0,SPY:0.350;NVDA:0.217;AMZN:0.217;GOOGL:0.217
2016-05-10,0.036400324889504176,0.0,SPY:0.350;NVDA:0.217;AMZN:0.217;GOOGL:0.217
2016-05-17,0.450502795510566,0.0,SPY:0.350;NVDA:0.217;AMD:0.217;AMZN:0.217
2016-05-24,0.058413341668954816,0.0,SPY:0.350;NVDA:0.217;AMD:0.217;AMZN:0.217
2016-05-31,0.03655390903150635,0.0,SPY:0.350;AMD:0.217;NVDA:0.217;AMZN:0.217
2016-06-07,0.02244392525185987,0.0,SPY:0.350;AMD:0.217;NVDA:0.217;AMZN:0.217
2016-06-14,0.008199247695955814,0.0,SPY:0.350;NVDA:0.217;AMD:0.217;AMZN:0.217
2016-06-21,0.01175848877204791,0.0,SPY:0.350;AMD:0.217;NVDA:0.217;AMZN:0.217
2016-06-28,0.4855757844486811,0.0,SPY:0.350;AMD:0.217;NVDA:0.217;AMAT:0.217
2016-07-05,0.011402619905960476,0.0,SPY:0.350;AMD:0.217;NVDA:0.217;AMAT:0.217
2016-07-12,0.020801238915558823,0.0,SPY:0.350;AMD:0.217;NVDA:0.217;AMAT:0.217
2016-07-19,0.026594191870043055,0.0,SPY:0.350;AMD:0.217;NVDA:0.217;AMAT:0.217
2016-07-26,0.0176443507822871,0.0,SPY:0.350;AMD:0.217;NVDA:0.217;AMAT:0.217
2016-08-02,0.08457146962155562,0.0,SPY:0.350;AMD:0.217;NVDA:0.217;AMAT:0.217
2016-08-09,0.0313605274785104,0.0,SPY:0.350;AMD:0.217;NVDA:0.217;AMAT:0.217
2016-08-16,0.01568192484832917,0.0,SPY:0.350;AMD:0.217;NVDA:0.217;AMAT:0.217
2016-08-23,0.01904767010586847,0.0,SPY:0.350;AMD:0.217;NVDA:0.217;AMAT:0.217
2016-08-30,0.05234188491557029,0.0,SPY:0.350;AMD:0.217;NVDA:0.217;AMAT:0.217
2016-09-06,0.009784727269612215,0.0,SPY:0.350;AMD:0.217;NVDA:0.217;AMAT:0.217
2016-09-13,0.010960780665547482,0.0,SPY:0.350;AMD:0.217;NVDA:0.217;AMAT:0.217
2016-09-20,0.06831611949158717,0.0,SPY:0.350;AMD:0.217;NVDA:0.217;AMAT:0.217
2016-09-27,0.02252519962884575,0.0,SPY:0.350;AMD:0.217;NVDA:0.217;AMAT:0.217
2016-10-04,0.02910353033823221,0.0,SPY:0.350;AMD:0.217;NVDA:0.217;AMAT:0.217
2016-10-11,0.023677298476697,0.0,SPY:0.350;AMD:0.217;NVDA:0.217;AMAT:0.217
2016-10-18,0.01791478866247659,0.0,SPY:0.350;AMD:0.217;NVDA:0.217;AMAT:0.217
2016-10-25,0.014088296120044586,0.0,SPY:0.350;AMD:0.217;NVDA:0.217;AMAT:0.217
2016-11-01,0.03931617640115784,0.0,SPY:0.350;AMD:0.217;NVDA:0.217;AMAT:0.217
2016-11-08,0.019359405560078535,0.0,SPY:0.350;AMD:0.217;NVDA:0.217;AMAT:0.217
2016-11-15,0.011244478960724613,0.0,SPY:0.350;AMD:0.217;NVDA:0.217;AMAT:0.217
2016-11-22,0.06551715369268021,0.0,SPY:0.350;AMD:0.217;NVDA:0.217;AMAT:0.217
2016-11-29,0.061659970191909746,0.0,SPY:0.350;AMD:0.217;NVDA:0.217;AMAT:0.217
2016-12-06,0.010565376694961548,0.0,SPY:0.350;AMD:0.217;NVDA:0.217;AMAT:0.217
2016-12-13,0.020509178141543266,0.0,SPY:0.350;AMD:0.217;NVDA:0.217;AMAT:0.217
2016-12-20,0.034934969316118,0.0,SPY:0.350;AMD:0.217;NVDA:0.217;AMAT:0.217
2016-12-27,0.05392455669964741,0.0,SPY:0.350;AMD:0.217;NVDA:0.217;AMAT:0.217
2017-01-03,0.03497901858155045,0.0,SPY:0.350;AMD:0.217;NVDA:0.217;AMAT:0.217
2017-01-10,0.03780106943855227,0.0,SPY:0.350;AMD:0.217;NVDA:0.217;AMAT:0.217
2017-01-17,0.017752368934091767,0.0,SPY:0.350;AMD:0.217;NVDA:0.217;AMAT:0.217
2017-01-24,0.04991707665336345,0.0,SPY:0.350;AMD:0.217;NVDA:0.217;AMAT:0.217
2017-01-31,0.023902221958979092,0.0,SPY:0.350;AMD:0.217;NVDA:0.217;AMAT:0.217
2017-02-07,0.007156422077932628,0.0,SPY:0.350;AMD:0.217;NVDA:0.217;AMAT:0.217
2017-02-14,0.07579353760963758,0.0,SPY:0.350;AMD:0.217;NVDA:0.217;AMAT:0.217
2017-02-21,0.032109978292697766,0.0,SPY:0.350;AMD:0.217;NVDA:0.217;AMAT:0.217
2017-02-28,0.01581492956080341,0.0,SPY:0.350;AMD:0.217;NVDA:0.217;AMAT:0.217
2017-03-07,0.031543941839384,0.0,SPY:0.350;AMD:0.217;NVDA:0.217;AMAT:0.217
2017-03-14,0.035970288373933956,0.0,SPY:0.350;AMD:0.217;NVDA:0.217;AMAT:0.217
2017-03-21,0.02206497101698729,0.0,SPY:0.350;AMD:0.217;NVDA:0.217;AMAT:0.217
2017-03-28,0.01840570844966191,0.0,SPY:0.350;AMD:0.217;NVDA:0.217;AMAT:0.217
2017-04-04,0.00635936302707929,0.0,SPY:0.350;AMD:0.217;NVDA:0.217;AMAT:0.217
2017-04-11,0.02571784365911467,0.0,SPY:0.350;AMD:0.217;NVDA:0.217;AMAT:0.217
2017-04-18,0.0213547005800315,0.0,SPY:0.350;AMD:0.217;NVDA:0.217;AMAT:0.217
2017-04-25,0.006282411867355148,0.0,SPY:0.350;AMD:0.217;NVDA:0.217;AMAT:0.217
2017-05-02,0.016560472033718493,0.0,SPY:0.350;AMD:0.217;NVDA:0.217;AMAT:0.217
2017-05-09,0.08515433697520741,0.0,SPY:0.350;AMD:0.217;NVDA:0.217;AMAT:0.217
2017-05-16,0.00696790076914286,0.0,SPY:0.350;AMD:0.217;NVDA:0.217;AMAT:0.217
2017-05-23,0.11252841833568686,0.0,SPY:0.350;AMD:0.217;NVDA:0.217;AMAT:0.217
2017-05-30,0.48532523811584355,0.0,SPY:0.350;NVDA:0.217;AMD:0.217;NFLX:0.217
2017-06-06,0.4478280828189572,0.0,SPY:0.350;NVDA:0.217;NFLX:0.217;AMAT:0.217
2017-06-13,0.4391755555356599,0.0,SPY:0.350;NVDA:0.217;AMD:0.217;NFLX:0.217
2017-06-20,0.43400980673609046,0.0,SPY:0.350;NVDA:0.217;AMD:0.217;AMAT:0.217
2017-06-27,0.02953232322032784,0.0,SPY:0.350;NVDA:0.217;AMD:0.217;AMAT:0.217
2017-07-04,0.45844129026040537,0.0,SPY:0.350;NVDA:0.217;NFLX:0.217;AMD:0.217
2017-07-11,0.4397954193396806,0.0,SPY:0.350;NVDA:0.217;TSLA:0.217;NFLX:0.217
2017-07-18,0.4892777364111762,0.0,SPY:0.350;NVDA:0.217;TSLA:0.217;AMD:0.217
2017-07-25,0.02270237667829733,0.0,SPY:0.350;NVDA:0.217;AMD:0.217;TSLA:0.217
2017-08-01,0.018165303763412355,0.0,SPY:0.350;NVDA:0.217;AMD:0.217;TSLA:0.217
2017-08-08,0.02079022992000451,0.0,SPY:0.350;NVDA:0.217;AMD:0.217;TSLA:0.217
2017-08-15,0.05063954232871931,0.0,SPY:0.350;NVDA:0.217;AMD:0.217;TSLA:0.217
2017-08-22,0.43882176078567414,0.0,SPY:0.350;NVDA:0.217;AMD:0.217;NFLX:0.217
2017-08-29,0.4564362874700631,0.0,SPY:0.350;NVDA:0.217;AMD:0.217;TSLA:0.217
2017-09-05,0.008572203283905205,0.0,SPY:0.350;NVDA:0.217;AMD:0.217;TSLA:0.217
2017-09-12,0.01915367566379675,0.0,SPY:0.350;NVDA:0.217;TSLA:0.217;AMD:0.217
2017-09-19,0.024207524772619282,0.0,SPY:0.350;NVDA:0.217;TSLA:0.217;AMD:0.217
2017-09-26,0.03277875644201636,0.0,SPY:0.350;NVDA:0.217;TSLA:0.217;AMD:0.217
2017-10-03,0.46452099689304205,0.0,SPY:0.350;TSLA:0.217;NVDA:0.217;NFLX:0.217
2017-10-10,0.01147930226401736,0.0,SPY:0.350;NVDA:0.217;TSLA:0.217;NFLX:0.217
2017-10-17,0.46171765817139454,0.0,SPY:0.350;TSLA:0.217;NVDA:0.217;ADBE:0.217
2017-10-24,0.44145376257587865,0.0,SPY:0.350;NVDA:0.217;TSLA:0.217;AMAT:0.217
2017-10-31,0.020895233865182272,0.0,SPY:0.350;NVDA:0.217;TSLA:0.217;AMAT:0.217
2017-11-07,0.015008743469346136,0.0,SPY:0.350;AMAT:0.217;NVDA:0.217;TSLA:0.217
2017-11-14,0.43400905917726035,0.0,SPY:0.350;NVDA:0.217;AMAT:0.217;ADBE:0.217
2017-11-21,0.43835493077746446,0.0,SPY:0.350;NVDA:0.217;AMAT:0.217;NFLX:0.217
2017-11-28,0.44062377102978945,0.0,SPY:0.350;NVDA:0.217;AMAT:0.217;ADBE:0.217
2017-12-05,0.01636753546830419,0.0,SPY:0.350;NVDA:0.217;AMAT:0.217;ADBE:0.217
2017-12-12,0.054806362879037146,0.0,SPY:0.350;NVDA:0.217;AMAT:0.217;ADBE:0.217
2017-12-19,0.0057033583821557154,0.0,SPY:0.350;NVDA:0.217;ADBE:0.217;AMAT:0.217
2017-12-26,0.013964516888207823,0.0,SPY:0.350;NVDA:0.217;AMAT:0.217;ADBE:0.217
2018-01-02,0.012716247026847594,0.0,SPY:0.350;NVDA:0.217;ADBE:0.217;AMAT:0.217
2018-01-09,0.01039088771207003,0.0,SPY:0.350;NVDA:0.217;ADBE:0.217;AMAT:0.217
2018-01-16,0.026026776457333728,0.0,SPY:0.350;NVDA:0.217;ADBE:0.217;AMAT:0.217
2018-01-23,0.4403852840013236,0.0,SPY:0.350;NVDA:0.217;ADBE:0.217;AMZN:0.217
2018-01-30,0.016948757810315213,0.0,SPY:0.350;NVDA:0.217;AMZN:0.217;ADBE:0.217
2018-02-06,0.44473208018590504,0.0,SPY:0.350;NVDA:0.217;NFLX:0.217;AMZN:0.217
2018-02-13,0.45382552311612245,0.0,SPY:0.350;NVDA:0.217;NFLX:0.217;ADBE:0.217
2018-02-20,0.015572165915800323,0.0,SPY:0.350;NVDA:0.217;NFLX:0.217;ADBE:0.217
2018-02-27,0.020276349629594487,0.0,SPY:0.350;NVDA:0.217;NFLX:0.217;ADBE:0.217
2018-03-06,0.4502196889085981,0.0,SPY:0.350;NVDA:0.217;NFLX:0.217;AMZN:0.217
2018-03-13,0.04027618772538025,0.0,SPY:0.350;NVDA:0.217;NFLX:0.217;AMZN:0.217
2018-03-20,0.016956866924105085,0.0,SPY:0.350;NVDA:0.217;NFLX:0.217;AMZN:0.217
2018-03-27,0.009504816649441111,0.0,SPY:0.350;NFLX:0.217;NVDA:0.217;AMZN:0.217
2018-04-03,0.017747943596650162,0.0,SPY:0.350;NFLX:0.217;NVDA:0.217;AMZN:0.217
2018-04-10,0.4470429344461041,0.0,SPY:0.350;NFLX:0.217;NVDA:0.217;ADBE:0.217
2018-04-17,0.014628803616969582,0.0,SPY:0.350;NFLX:0.217;NVDA:0.217;ADBE:0.217
2018-04-24,0.03211182213958755,0.0,SPY:0.350;NFLX:0.217;ADBE:0.217;NVDA:0.217
2018-05-01,0.4491613343160522,0.0,SPY:0.350;NFLX:0.217;ADBE:0.217;INTC:0.217
2018-05-08,0.44360883588434924,0.0,SPY:0.350;NFLX:0.217;INTC:0.217;NVDA:0.217
2018-05-15,0.4537864858719908,0.0,SPY:0.350;NFLX:0.217;NVDA:0.217;ADBE:0.217
2018-05-22,0.4361590917516789,0.0,SPY:0.350;NFLX:0.217;ADBE:0.217;INTC:0.217
2018-05-29,0.003093632611539804,0.0,SPY:0.350;NFLX:0.217;INTC:0.217;ADBE:0.217
2018-06-05,0.01860657695037546,0.0,SPY:0.350;NFLX:0.217;INTC:0.217;ADBE:0.217
2018-06-12,0.44037448160610604,0.0,SPY:0.350;NFLX:0.217;AMZN:0.217;ADBE:0.217
2018-06-19,0.006964001181794716,0.0,SPY:0.350;NFLX:0.217;ADBE:0.217;AMZN:0.217
2018-06-26,0.03701810317080406,0.0,SPY:0.350;NFLX:0.217;AMZN:0.217;ADBE:0.217
2018-07-03,0.008756908773199457,0.0,SPY:0.350;NFLX:0.217;AMZN:0.217;ADBE:0.217
2018-07-10,0.007268126172390255,0.0,SPY:0.350;NFLX:0.217;AMZN:0.217;ADBE:0.217
2018-07-17,0.011668308429124169,0.0,SPY:0.350;NFLX:0.217;AMZN:0.217;ADBE:0.217
2018-07-24,0.039362094500542844,0.0,SPY:0.350;NFLX:0.217;AMZN:0.217;ADBE:0.217
2018-07-31,0.019695196494530776,0.0,SPY:0.350;NFLX:0.217;AMZN:0.217;ADBE:0.217
2018-08-07,0.02088725494707766,0.0,SPY:0.350;NFLX:0.217;AMZN:0.217;ADBE:0.217
2018-08-14,0.011854798057794658,0.0,SPY:0.350;NFLX:0.217;AMZN:0.217;ADBE:0.217
2018-08-21,0.019619598408530226,0.0,SPY:0.350;AMZN:0.217;NFLX:0.217;ADBE:0.217
2018-08-28,0.011967670364061211,0.0,SPY:0.350;AMZN:0.217;NFLX:0.217;ADBE:0.217
2018-09-04,0.023774218737656283,0.0,SPY:0.350;AMZN:0.217;NFLX:0.217;ADBE:0.217
2018-09-11,0.45335369274548487,0.0,SPY:0.350;AMD:0.217;NFLX:0.217;AMZN:0.217
2018-09-18,0.029374707721722154,0.0,SPY:0.350;AMD:0.217;NFLX:0.217;AMZN:0.217
2018-09-25,0.025016097412019295,0.0,SPY:0.350;AMD:0.217;NFLX:0.217;AMZN:0.217
2018-10-02,0.00698089169643315,0.0,SPY:0.350;AMD:0.217;NFLX:0.217;AMZN:0.217
2018-10-09,0.04003267293825091,0.0,SPY:0.350;AMD:0.217;NFLX:0.217;AMZN:0.217
2018-10-16,0.020033070045516466,0.0,SPY:0.350;AMD:0.217;NFLX:0.217;AMZN:0.217
2018-10-23,0.0206741412163865,0.0,SPY:0.350;AMD:0.217;NFLX:0.217;AMZN:0.217
2018-10-30,1.8010489614079885,0.0,SPY:0.100;IEF:0.900
2018-11-06,0.00476225572821215,0.0,SPY:0.100;IEF:0.900
2018-11-13,0.006349901349122847,0.0,SPY:0.100;IEF:0.900
2018-11-20,0.003122731796097372,0.0,SPY:0.100;IEF:0.900
2018-11-27,0.006519252754464452,0.0,SPY:0.100;IEF:0.900
2018-12-04,0.0028041516160685204,0.0,SPY:0.100;IEF:0.900
2018-12-11,0.0007820409596821232,0.0,SPY:0.100;IEF:0.900
2018-12-18,0.004705631997817192,0.0,SPY:0.100;IEF:0.900
2018-12-25,0.0070266718827397545,0.0,SPY:0.100;IEF:0.900
2019-01-01,0.014721421030951767,0.0,SPY:0.100;IEF:0.900
2019-01-08,0.010578310493639567,0.0,SPY:0.100;IEF:0.900
2019-01-15,0.005539701957728127,0.0,SPY:0.100;IEF:0.900
2019-01-22,0.0022259870201735144,0.0,SPY:0.100;IEF:0.900
2019-01-29,0.002118165766925112,0.0,SPY:0.100;IEF:0.900
2019-02-05,0.0002641916392479571,0.0,SPY:0.100;IEF:0.900
2019-02-12,1.7945958920075822,0.0,SPY:0.350;AMD:0.217;TSLA:0.217;INTU:0.217
2019-02-19,0.44082123426995073,0.0,SPY:0.350;AMD:0.217;INTU:0.217;NFLX:0.217
2019-02-26,0.4397326954914451,0.0,SPY:0.350;AMD:0.217;INTU:0.217;MSFT:0.217
2019-03-05,0.45535788566658486,0.0,SPY:0.350;AMD:0.217;AVGO:0.217;INTU:0.217
2019-03-12,0.01012546601222511,0.0,SPY:0.350;AMD:0.217;INTU:0.217;AVGO:0.217
2019-03-19,0.4340024711531142,0.0,SPY:0.350;AMD:0.217;INTU:0.217;PEP:0.217
2019-03-26,0.02962203429787011,0.0,SPY:0.350;AMD:0.217;INTU:0.217;PEP:0.217
2019-04-02,0.44711005509578106,0.0,SPY:0.350;AMD:0.217;INTU:0.217;CSCO:0.217
2019-04-09,0.011166022537994397,0.0,SPY:0.350;AMD:0.217;INTU:0.217;CSCO:0.217
2019-04-16,0.014118978766926193,0.0,SPY:0.350;AMD:0.217;CSCO:0.217;INTU:0.217
2019-04-23,0.011589687538277244,0.0,SPY:0.350;AMD:0.217;CSCO:0.217;INTU:0.217
2019-04-30,0.009139997958304613,0.0,SPY:0.350;AMD:0.217;CSCO:0.217;INTU:0.217
2019-05-07,0.017209123926954423,0.0,SPY:0.350;AMD:0.217;CSCO:0.217;INTU:0.217
2019-05-14,0.4426092924410834,0.0,SPY:0.350;AMD:0.217;CSCO:0.217;AVGO:0.217
2019-05-21,0.44577581202123473,0.0,SPY:0.350;AMD:0.217;CSCO:0.217;QCOM:0.217
2019-05-28,0.4771810201183817,0.0,SPY:0.350;AMD:0.217;AVGO:0.217;QCOM:0.217
2019-06-04,0.06569844758447052,0.0,SPY:0.350;AMD:0.217;AVGO:0.217;QCOM:0.217
2019-06-11,0.018204747618642658,0.0,SPY:0.350;AMD:0.217;AVGO:0.217;QCOM:0.217
2019-06-18,0.02039697614250094,0.0,SPY:0.350;AMD:0.217;AVGO:0.217;QCOM:0.217
2019-06-25,0.4594314888133925,0.0,SPY:0.350;AMD:0.217;AVGO:0.217;CSCO:0.217
2019-07-02,0.45225830262992867,0.0,SPY:0.350;AMD:0.217;AVGO:0.217;INTU:0.217
2019-07-09,0.8863015142235227,0.0,SPY:0.350;AVGO:0.217;LIN:0.217;PEP:0.217
2019-07-16,0.021893619321213614,0.0,SPY:0.350;AVGO:0.217;LIN:0.217;PEP:0.217
2019-07-23,0.44124872173140867,0.0,SPY:0.350;LIN:0.217;AVGO:0.217;MSFT:0.217
2019-07-30,0.447897581846198,0.0,SPY:0.350;LIN:0.217;CSCO:0.217;AVGO:0.217
2019-08-06,0.4491516633482254,0.0,SPY:0.350;LIN:0.217;AVGO:0.217;INTU:0.217
2019-08-13,0.8680581703678795,0.0,SPY:0.350;META:0.217;PEP:0.217;INTU:0.217
2019-08-20,0.4398493489396456,0.0,SPY:0.350;AMAT:0.217;INTU:0.217;META:0.217
2019-08-27,0.43927880966592986,0.0,SPY:0.350;AMAT:0.217;INTU:0.217;AVGO:0.217
2019-09-03,0.018329431442352995,0.0,SPY:0.350;AMAT:0.217;INTU:0.217;AVGO:0.217
2019-09-10,0.8685422194975665,0.0,SPY:0.350;AMD:0.217;AMAT:0.217;PDD:0.217
2019-09-17,0.02096706452897354,0.0,SPY:0.350;AMD:0.217;AMAT:0.217;PDD:0.217
2019-09-24,0.4390729122408062,0.0,SPY:0.350;PDD:0.217;AMD:0.217;QCOM:0.217
2019-10-01,0.4340540887390361,0.0,SPY:0.350;AMD:0.217;INTU:0.217;QCOM:0.217
2019-10-08,0.44188132829170673,0.0,SPY:0.350;PDD:0.217;AMD:0.217;INTU:0.217
2019-10-15,0.44446494075484305,0.0,SPY:0.350;PDD:0.217;AMAT:0.217;AMD:0.217
2019-10-22,0.019860729674558736,0.0,SPY:0.350;PDD:0.217;AMD:0.217;AMAT:0.217
2019-10-29,0.4465538895200287,0.0,SPY:0.350;AMAT:0.217;AMD:0.217;COST:0.217
2019-11-05,0.4429300713281162,0.0,SPY:0.350;AMD:0.217;AMAT:0.217;PDD:0.217
2019-11-12,0.035082265157095616,0.0,SPY:0.350;AMD:0.217;AMAT:0.217;PDD:0.217
2019-11-19,0.43400207066580987,0.0,SPY:0.350;AMAT:0.217;AAPL:0.217;AMD:0.217
2019-11-26,0.0422152763155553,0.0,SPY:0.350;AMD:0.217;AMAT:0.217;AAPL:0.217
2019-12-03,0.027795088051195044,0.0,SPY:0.350;AMD:0.217;AMAT:0.217;AAPL:0.217
2019-12-10,0.4341882687361226,0.0,SPY:0.350;AMD:0.217;QCOM:0.217;AAPL:0.217
2019-12-17,0.014454060670005014,0.0,SPY:0.350;QCOM:0.217;AMD:0.217;AAPL:0.217
2019-12-24,0.018008234528819472,0.0,SPY:0.350;AMD:0.217;QCOM:0.217;AAPL:0.217
2019-12-31,0.025969396659178468,0.0,SPY:0.350;AMD:0.217;QCOM:0.217;AAPL:0.217
2020-01-07,0.012824327425753124,0.0,SPY:0.350;AMD:0.217;QCOM:0.217;AAPL:0.217
2020-01-14,0.014747553287111498,0.0,SPY:0.350;AMD:0.217;QCOM:0.217;AAPL:0.217
2020-01-21,0.012231868587026018,0.0,SPY:0.350;AMD:0.217;QCOM:0.217;AAPL:0.217
2020-01-28,0.4457914705248259,0.0,SPY:0.350;AMD:0.217;TSLA:0.217;QCOM:0.217
2020-02-04,0.4353444861753918,0.0,SPY:0.350;AMD:0.217;TSLA:0.217;AAPL:0.217
2020-02-11,0.5604515235414997,0.0,SPY:0.350;TSLA:0.217;AMD:0.217;PDD:0.217
2020-02-18,0.057213921269002876,0.0,SPY:0.350;TSLA:0.217;AMD:0.217;PDD:0.217
2020-02-25,0.035730659974221035,0.0,SPY:0.350;TSLA:0.217;AMD:0.217;PDD:0.217
2020-03-03,0.466206486546635,0.0,SPY:0.350;TSLA:0.217;AMD:0.217;AAPL:0.217
2020-03-10,1.8010324783460416,0.0,SPY:0.100;IEF:0.900
2020-03-17,0.008357370471150066,0.0,SPY:0.100;IEF:0.900
2020-03-24,0.020004776435347232,0.0,SPY:0.100;IEF:0.900
2020-03-31,0.009245509971322854,0.0,SPY:0.100;IEF:0.900
2020-04-07,0.008023406956618698,0.0,SPY:0.100;IEF:0.900
2020-04-14,0.005879191434821282,0.0,SPY:0.100;IEF:0.900
2020-04-21,0.012564158519803942,0.0,SPY:0.100;IEF:0.900
2020-04-28,0.009056571090164667,0.0,SPY:0.100;IEF:0.900
2020-05-05,0.008923532255710742,0.0,SPY:0.100;IEF:0.900
2020-05-12,0.0006623437238637564,0.0,SPY:0.100;IEF:0.900
2020-05-19,0.00037605477989682834,0.0,SPY:0.100;IEF:0.900
2020-05-26,0.003396824491625844,0.0,SPY:0.100;IEF:0.900
2020-06-02,1.7966575049310913,0.0,SPY:0.350;TSLA:0.217;PDD:0.217;NVDA:0.217
2020-06-09,0.016209454172581267,0.0,SPY:0.350;TSLA:0.217;PDD:0.217;NVDA:0.217
2020-06-16,0.010824333025597432,0.0,SPY:0.350;TSLA:0.217;PDD:0.217;NVDA:0.217
2020-06-23,0.04698174983488382,0.0,SPY:0.350;TSLA:0.217;PDD:0.217;NVDA:0.217
2020-06-30,0.02321830794951557,0.0,SPY:0.350;TSLA:0.217;PDD:0.217;NVDA:0.217
2020-07-07,0.027712913157953628,0.0,SPY:0.350;TSLA:0.217;PDD:0.217;NVDA:0.217
2020-07-14,0.0785512660675737,0.0,SPY:0.350;TSLA:0.217;PDD:0.217;NVDA:0.217
2020-07-21,0.036633057893876664,0.0,SPY:0.350;TSLA:0.217;PDD:0.217;NVDA:0.217
2020-07-28,0.02667855895463464,0.0,SPY:0.350;TSLA:0.217;PDD:0.217;NVDA:0.217
2020-08-04,0.018755764609861975,0.0,SPY:0.350;TSLA:0.217;PDD:0.217;NVDA:0.217
2020-08-11,0.04220468242190406,0.0,SPY:0.350;TSLA:0.217;PDD:0.217;NVDA:0.217
2020-08-18,0.033685926135405636,0.0,SPY:0.350;TSLA:0.217;PDD:0.217;NVDA:0.217
2020-08-25,0.0968387518611055,0.0,SPY:0.350;TSLA:0.217;PDD:0.217;NVDA:0.217
2020-09-01,0.4649773339953684,0.0,SPY:0.350;TSLA:0.217;PDD:0.217;AMD:0.217
2020-09-08,0.46591771024522854,0.0,SPY:0.350;TSLA:0.217;AMD:0.217;NVDA:0.217
2020-09-15,0.08045701154825968,0.0,SPY:0.350;TSLA:0.217;NVDA:0.217;AMD:0.217
2020-09-22,0.10048526256894444,0.0,SPY:0.350;TSLA:0.217;NVDA:0.217;AMD:0.217
2020-09-29,0.4458341423725307,0.0,SPY:0.350;TSLA:0.217;NVDA:0.217;PDD:0.217
2020-10-06,0.4360300956481947,0.0,SPY:0.350;TSLA:0.217;NVDA:0.217;AMD:0.217
2020-10-13,0.4513200174126774,0.0,SPY:0.350;TSLA:0.217;NVDA:0.217;PDD:0.217
2020-10-20,0.035229011953804595,0.0,SPY:0.350;TSLA:0.217;NVDA:0.217;PDD:0.217
2020-10-27,0.030353731297084935,0.0,SPY:0.350;TSLA:0.217;NVDA:0.217;PDD:0.217
2020-11-03,0.013071688785881025,0.0,SPY:0.350;TSLA:0.217;NVDA:0.217;PDD:0.217
2020-11-10,0.0314165579083672,0.0,SPY:0.350;TSLA:0.217;NVDA:0.217;PDD:0.217
2020-11-17,0.03841465940353056,0.0,SPY:0.350;TSLA:0.217;PDD:0.217;NVDA:0.217
2020-11-24,0.07465950250157352,0.0,SPY:0.350;TSLA:0.217;PDD:0.217;NVDA:0.217
2020-12-01,0.08332942166271853,0.0,SPY:0.350;TSLA:0.217;PDD:0.217;NVDA:0.217
2020-12-08,0.028250947178411173,0.0,SPY:0.350;TSLA:0.217;PDD:0.217;NVDA:0.217
2020-12-15,0.05860348163202925,0.0,SPY:0.350;PDD:0.217;TSLA:0.217;NVDA:0.217
2020-12-22,0.03167450584342599,0.0,SPY:0.350;PDD:0.217;TSLA:0.217;NVDA:0.217
2020-12-29,0.008221275390755428,0.0,SPY:0.350;PDD:0.217;TSLA:0.217;NVDA:0.217
2021-01-05,0.06032712427124981,0.0,SPY:0.350;PDD:0.217;TSLA:0.217;NVDA:0.217
2021-01-12,0.47228227380942445,0.0,SPY:0.350;PDD:0.217;TSLA:0.217;QCOM:0.217
2021-01-19,0.48602377687551346,0.0,SPY:0.350;TSLA:0.217;PDD:0.217;AMD:0.217
2021-01-26,0.4340159425321215,0.0,SPY:0.350;TSLA:0.217;PDD:0.217;NVDA:0.217
2021-02-02,0.44390036840881364,0.0,SPY:0.350;TSLA:0.217;PDD:0.217;QCOM:0.217
2021-02-09,0.018516342384596124,0.0,SPY:0.350;TSLA:0.217;PDD:0.217;QCOM:0.217
2021-02-16,0.43998393709490813,0.0,SPY:0.350;TSLA:0.217;PDD:0.217;AMAT:0.217
2021-02-23,0.055702105326387724,0.0,SPY:0.350;TSLA:0.217;PDD:0.217;AMAT:0.217
2021-03-02,0.0430962817389923,0.0,SPY:0.350;TSLA:0.217;PDD:0.217;AMAT:0.217
2021-03-09,0.022751711206653535,0.0,SPY:0.350;TSLA:0.217;PDD:0.217;AMAT:0.217
2021-03-16,0.038593145463172024,0.0,SPY:0.350;TSLA:0.217;PDD:0.217;AMAT:0.217
2021-03-23,0.011827097070609971,0.0,SPY:0.350;TSLA:0.217;PDD:0.217;AMAT:0.217
2021-03-30,0.049076623289122434,0.0,SPY:0.350;TSLA:0.217;PDD:0.217;AMAT:0.217
2021-04-06,0.032027428768058225,0.0,SPY:0.350;TSLA:0.217;PDD:0.217;AMAT:0.217
2021-04-13,0.027747279118708196,0.0,SPY:0.350;TSLA:0.217;AMAT:0.217;PDD:0.217
2021-04-20,0.053524204731226654,0.0,SPY:0.350;TSLA:0.217;AMAT:0.217;PDD:0.217
2021-04-27,0.02691836186335919,0.0,SPY:0.350;TSLA:0.217;AMAT:0.217;PDD:0.217
2021-05-04,0.04212630196318684,0.0,SPY:0.350;TSLA:0.217;AMAT:0.217;PDD:0.217
2021-05-11,0.022965391433084875,0.0,SPY:0.350;TSLA:0.217;AMAT:0.217;PDD:0.217
2021-05-18,0.45522320717509185,0.0,SPY:0.350;TSLA:0.217;AMAT:0.217;HON:0.217
2021-05-25,0.01812245125427761,0.0,SPY:0.350;TSLA:0.217;AMAT:0.217;HON:0.217
2021-06-01,0.4538911146345479,0.0,SPY:0.350;AMAT:0.217;TSLA:0.217;PDD:0.217
2021-06-08,0.020985333899325054,0.0,SPY:0.350;TSLA:0.217;AMAT:0.217;PDD:0.217
2021-06-15,0.4361528945146031,0.0,SPY:0.350;TSLA:0.217;AMAT:0.217;HON:0.217
2021-06-22,0.4361109525798404,0.0,SPY:0.350;TSLA:0.217;AMAT:0.217;GOOGL:0.217
2021-06-29,0.01883583717143289,0.0,SPY:0.350;AMAT:0.217;TSLA:0.217;GOOGL:0.217
2021-07-06,0.4518360400464425,0.0,SPY:0.350;AMAT:0.217;TSLA:0.217;PDD:0.217
2021-07-13,0.8680455428739773,0.0,SPY:0.350;AMAT:0.217;GOOGL:0.217;INTU:0.217
2021-07-20,0.43816511440926653,0.0,SPY:0.350;AMAT:0.217;TSLA:0.217;GOOGL:0.217
2021-07-27,0.44134745567988654,0.0,SPY:0.350;AMAT:0.217;GOOGL:0.217;INTU:0.217
2021-08-03,0.008030949080987004,0.0,SPY:0.350;AMAT:0.217;GOOGL:0.217;INTU:0.217
2021-08-10,0.44606977665015646,0.0,SPY:0.350;AMAT:0.217;GOOGL:0.217;TSLA:0.217
2021-08-17,0.011215682208642136,0.0,SPY:0.350;AMAT:0.217;GOOGL:0.217;TSLA:0.217
2021-08-24,0.4517976168475721,0.0,SPY:0.350;AMAT:0.217;GOOGL:0.217;INTU:0.217
2021-08-31,0.009847127820505869,0.0,SPY:0.350;AMAT:0.217;GOOGL:0.217;INTU:0.217
2021-09-07,0.4417443623523353,0.0,SPY:0.350;AMAT:0.217;GOOGL:0.217;TSLA:0.217
2021-09-14,0.008774119922234952,0.0,SPY:0.350;AMAT:0.217;TSLA:0.217;GOOGL:0.217
2021-09-21,0.4446751929378933,0.0,SPY:0.350;AMAT:0.217;TSLA:0.217;INTU:0.217
2021-09-28,0.4402485354676008,0.0,SPY:0.350;AMAT:0.217;TSLA:0.217;NVDA:0.217
2021-10-05,0.4554950028618637,0.0,SPY:0.350;NVDA:0.217;AMAT:0.217;INTU:0.217
2021-10-12,0.4431231268451352,0.0,SPY:0.350;NVDA:0.217;AMAT:0.217;GOOGL:0.217
2021-10-19,0.004968904370728361,0.0,SPY:0.350;NVDA:0.217;GOOGL:0.217;AMAT:0.217
2021-10-26,0.4465051850251461,0.0,SPY:0.350;NVDA:0.217;GOOGL:0.217;INTU:0.217
2021-11-02,0.47622476303677075,0.0,SPY:0.350;NVDA:0.217;GOOGL:0.217;AMAT:0.217
2021-11-09,0.020767105538489594,0.0,SPY:0.350;NVDA:0.217;GOOGL:0.217;AMAT:0.217
2021-11-16,0.05412621972484061,0.0,SPY:0.350;NVDA:0.217;GOOGL:0.217;AMAT:0.217
2021-11-23,0.4424951194392014,0.0,SPY:0.350;NVDA:0.217;GOOGL:0.217;INTU:0.217
2021-11-30,0.025009050107689168,0.0,SPY:0.350;NVDA:0.217;INTU:0.217;GOOGL:0.217
2021-12-07,0.019408660472132744,0.0,SPY:0.350;NVDA:0.217;INTU:0.217;GOOGL:0.217
2021-12-14,0.4470586523997483,0.0,SPY:0.350;NVDA:0.217;INTU:0.217;AMD:0.217
2021-12-21,0.03608603405674421,0.0,SPY:0.350;NVDA:0.217;INTU:0.217;AMD:0.217
2021-12-28,0.02625993890031092,0.0,SPY:0.350;NVDA:0.217;AMD:0.217;INTU:0.217
2022-01-04,0.009026087390485854,0.0,SPY:0.350;NVDA:0.217;AMD:0.217;INTU:0.217
2022-01-11,0.4481267077122382,0.0,SPY:0.350;NVDA:0.217;AMD:0.217;COST:0.217
2022-01-18,0.01986809095709935,0.0,SPY:0.350;NVDA:0.217;AMD:0.217;COST:0.217
2022-01-25,0.017819067133619304,0.0,SPY:0.350;NVDA:0.217;AMD:0.217;COST:0.217
2022-02-01,1.8010939213672534,0.0,SPY:0.100;IEF:0.900
2022-02-08,1.793008668131921,0.0,SPY:0.350;NVDA:0.217;AMD:0.217;TSLA:0.217
2022-02-15,1.8009787538627386,0.0,SPY:0.100;IEF:0.900
2022-02-22,0.0005890589190016005,0.0,SPY:0.100;IEF:0.900
2022-03-01,0.00853364029803974,0.0,SPY:0.100;IEF:0.900
2022-03-08,0.003019339523363404,0.0,SPY:0.100;IEF:0.900
2022-03-15,0.0036976799469016636,0.0,SPY:0.100;IEF:0.900
2022-03-22,0.008773302373454014,0.0,SPY:0.100;IEF:0.900
2022-03-29,0.014019132169555693,0.0,SPY:0.100;IEF:0.900
2022-04-05,0.0051367822635463994,0.0,SPY:0.100;IEF:0.900
2022-04-12,0.0017330682526009028,0.0,SPY:0.100;IEF:0.900
2022-04-19,0.003141669757009871,0.0,SPY:0.100;IEF:0.900
2022-04-26,0.005768267290871876,0.0,SPY:0.100;IEF:0.900
2022-05-03,0.01445553236349574,0.0,SPY:0.100;IEF:0.900
2022-05-10,0.003509516265666479,0.0,SPY:0.100;IEF:0.900
2022-05-17,0.00774400758260578,0.0,SPY:0.100;IEF:0.900
2022-05-24,0.004009991974819119,0.0,SPY:0.100;IEF:0.900
2022-05-31,0.009479999823101437,0.0,SPY:0.100;IEF:0.900
2022-06-07,0.010068821933432559,0.0,SPY:0.100;IEF:0.900
2022-06-14,0.002977236191796337,0.0,SPY:0.100;IEF:0.900
2022-06-21,0.01152204948577916,0.0,SPY:0.100;IEF:0.900
2022-06-28,0.0014269939611523674,0.0,SPY:0.100;IEF:0.900
2022-07-05,0.000809165731346706,0.0,SPY:0.100;IEF:0.900
2022-07-12,0.004731225498765063,0.0,SPY:0.100;IEF:0.900
2022-07-19,0.0013742637888643217,0.0,SPY:0.100;IEF:0.900
2022-07-26,0.006384327069567222,0.0,SPY:0.100;IEF:0.900
2022-08-02,0.003939399428380369,0.0,SPY:0.100;IEF:0.900
2022-08-09,0.0070993972822809975,0.0,SPY:0.100;IEF:0.900
2022-08-16,0.0019033927666638334,0.0,SPY:0.100;IEF:0.900
2022-08-23,0.008011895829897364,0.0,SPY:0.100;IEF:0.900
2022-08-30,0.0037285691721777453,0.0,SPY:0.100;IEF:0.900
2022-09-06,0.00546865577658491,0.0,SPY:0.100;IEF:0.900
2022-09-13,0.00020417280667732463,0.0,SPY:0.100;IEF:0.900
2022-09-20,0.0020096059814707495,0.0,SPY:0.100;IEF:0.900
2022-09-27,0.0014179920673002971,0.0,SPY:0.100;IEF:0.900
2022-10-04,0.0038969218128413474,0.0,SPY:0.100;IEF:0.900
2022-10-11,0.0018974672366289386,0.0,SPY:0.100;IEF:0.900
2022-10-18,0.005630507960743533,0.0,SPY:0.100;IEF:0.900
2022-10-25,0.007260519783807415,0.0,SPY:0.100;IEF:0.900
2022-11-01,0.007528835199214615,0.0,SPY:0.100;IEF:0.900
2022-11-08,0.0005929875555928388,0.0,SPY:0.100;IEF:0.900
2022-11-15,0.0002636963549380311,0.0,SPY:0.100;IEF:0.900
2022-11-22,0.0024892022175262013,0.0,SPY:0.100;IEF:0.900
2022-11-29,0.0002629416785506211,0.0,SPY:0.100;IEF:0.900
2022-12-06,0.0023257114159389858,0.0,SPY:0.100;IEF:0.900
2022-12-13,0.0038071130533501446,0.0,SPY:0.100;IEF:0.900
2022-12-20,0.0031372873301085957,0.0,SPY:0.100;IEF:0.900
2022-12-27,0.006548205408977159,0.0,SPY:0.100;IEF:0.900
2023-01-03,0.0025844278376379315,0.0,SPY:0.100;IEF:0.900
2023-01-10,0.0013733208315757361,0.0,SPY:0.100;IEF:0.900
2023-01-17,0.0018236474363884508,0.0,SPY:0.100;IEF:0.900
2023-01-24,0.0020664250326414557,0.0,SPY:0.100;IEF:0.900
2023-01-31,0.00024830888686455665,0.0,SPY:0.100;IEF:0.900
2023-02-07,0.0032058747161189116,0.0,SPY:0.100;IEF:0.900
2023-02-14,0.006638100050194717,0.0,SPY:0.100;IEF:0.900
2023-02-21,0.00029966716146659356,0.0,SPY:0.100;IEF:0.900
2023-02-28,0.00337946854877276,0.0,SPY:0.100;IEF:0.900
2023-03-07,1.8030251724246387,0.0,SPY:0.350;PDD:0.217;NFLX:0.217;HON:0.217
2023-03-14,0.46206571566024646,0.0,SPY:0.350;PDD:0.217;NFLX:0.217;NVDA:0.217
2023-03-21,0.01914547758199614,0.0,SPY:0.350;PDD:0.217;NFLX:0.217;NVDA:0.217
2023-03-28,1.800997280434839,0.0,SPY:0.100;IEF:0.900
2023-04-04,1.803583559043352,0.0,SPY:0.350;PDD:0.217;NFLX:0.217;NVDA:0.217
2023-04-11,0.015825885984737664,0.0,SPY:0.350;PDD:0.217;NFLX:0.217;NVDA:0.217
2023-04-18,0.01344110587057698,0.0,SPY:0.350;NFLX:0.217;PDD:0.217;NVDA:0.217
2023-04-25,0.011576123634723795,0.0,SPY:0.350;NFLX:0.217;NVDA:0.217;PDD:0.217
2023-05-02,0.43798674346127786,0.0,SPY:0.350;NFLX:0.217;NVDA:0.217;META:0.217
2023-05-09,0.0527037675013583,0.0,SPY:0.350;NFLX:0.217;NVDA:0.217;META:0.217
2023-05-16,0.4390509503725816,0.0,SPY:0.350;NVDA:0.217;NFLX:0.217;AMAT:0.217
2023-05-23,0.45402810529639537,0.0,SPY:0.350;NFLX:0.217;NVDA:0.217;META:0.217
2023-05-30,0.4518922143032694,0.0,SPY:0.350;NFLX:0.217;NVDA:0.217;LIN:0.217
2023-06-06,0.48519592470372547,0.0,SPY:0.350;NVDA:0.217;NFLX:0.217;META:0.217
2023-06-13,0.019588726726933653,0.0,SPY:0.350;NVDA:0.217;NFLX:0.217;META:0.217
2023-06-20,0.030057076835992597,0.0,SPY:0.350;NVDA:0.217;NFLX:0.217;META:0.217
2023-06-27,0.026737163417784676,0.0,SPY:0.350;NVDA:0.217;NFLX:0.217;META:0.217
2023-07-04,0.022288394756122015,0.0,SPY:0.350;NVDA:0.217;NFLX:0.217;META:0.217
2023-07-11,0.01601200867654362,0.0,SPY:0.350;NVDA:0.217;NFLX:0.217;META:0.217
2023-07-18,0.01520535110104515,0.0,SPY:0.350;NVDA:0.217;NFLX:0.217;META:0.217
2023-07-25,0.030216081638107656,0.0,SPY:0.350;NVDA:0.217;NFLX:0.217;META:0.217
2023-08-01,0.44094775331196634,0.0,SPY:0.350;NVDA:0.217;META:0.217;AVGO:0.217
2023-08-08,0.029585403158179396,0.0,SPY:0.350;NVDA:0.217;META:0.217;AVGO:0.217
2023-08-15,0.009388671300034207,0.0,SPY:0.350;NVDA:0.217;META:0.217;AVGO:0.217
2023-08-22,0.43790045495041074,0.0,SPY:0.350;NVDA:0.217;META:0.217;NFLX:0.217
2023-08-29,0.4500737209185064,0.0,SPY:0.350;NVDA:0.217;META:0.217;AVGO:0.217
2023-09-05,0.011778069286311393,0.0,SPY:0.350;NVDA:0.217;META:0.217;AVGO:0.217
2023-09-12,0.007541897556832378,0.0,SPY:0.350;NVDA:0.217;META:0.217;AVGO:0.217
2023-09-19,0.025791536391529646,0.0,SPY:0.350;META:0.217;NVDA:0.217;AVGO:0.217
2023-09-26,0.011277196321213434,0.0,SPY:0.350;NVDA:0.217;META:0.217;AVGO:0.217
2023-10-03,0.005775712882974876,0.0,SPY:0.350;NVDA:0.217;META:0.217;AVGO:0.217
2023-10-10,0.01433576665936065,0.0,SPY:0.350;NVDA:0.217;META:0.217;AVGO:0.217
2023-10-17,0.01202363375346141,0.0,SPY:0.350;NVDA:0.217;META:0.217;AVGO:0.217
2023-10-24,0.4517944368703449,0.0,SPY:0.350;META:0.217;NVDA:0.217;TSLA:0.217
2023-10-31,0.04526358096511121,0.0,SPY:0.350;NVDA:0.217;META:0.217;TSLA:0.217
2023-11-07,1.8010442346185624,0.0,SPY:0.100;IEF:0.900
2023-11-14,1.7976226056457587,0.0,SPY:0.350;NVDA:0.217;META:0.217;TSLA:0.217
2023-11-21,0.01768705249329891,0.0,SPY:0.350;NVDA:0.217;META:0.217;TSLA:0.217
2023-11-28,0.004121887617473424,0.0,SPY:0.350;NVDA:0.217;META:0.217;TSLA:0.217
2023-12-05,0.45174986202700873,0.0,SPY:0.350;NVDA:0.217;META:0.217;ADBE:0.217
2023-12-12,0.020549786946529897,0.0,SPY:0.350;NVDA:0.217;META:0.217;ADBE:0.217
2023-12-19,0.4492449142215617,0.0,SPY:0.350;NVDA:0.217;META:0.217;AVGO:0.217
2023-12-26,0.012014608365171847,0.0,SPY:0.350;NVDA:0.217;META:0.217;AVGO:0.217
2024-01-02,0.4370496628260495,0.0,SPY:0.350;NVDA:0.217;META:0.217;INTC:0.217
2024-01-09,0.4340882603914889,0.0,SPY:0.350;NVDA:0.217;META:0.217;ADBE:0.217
2024-01-16,0.45446755146260215,0.0,SPY:0.350;NVDA:0.217;META:0.217;INTC:0.217
2024-01-23,0.4432319231728221,0.0,SPY:0.350;NVDA:0.217;META:0.217;AVGO:0.217
2024-01-30,0.023125996806619364,0.0,SPY:0.350;NVDA:0.217;AVGO:0.217;META:0.217
2024-02-06,0.4540072487268449,0.0,SPY:0.350;NVDA:0.217;PDD:0.217;AVGO:0.217
2024-02-13,0.455111895186556,0.0,SPY:0.350;NVDA:0.217;PDD:0.217;META:0.217
2024-02-20,0.44803233444601487,0.0,SPY:0.350;NVDA:0.217;PDD:0.217;AVGO:0.217
2024-02-27,0.4531212935514167,0.0,SPY:0.350;NVDA:0.217;AVGO:0.217;META:0.217
2024-03-05,0.46638576682951305,0.0,SPY:0.350;NVDA:0.217;META:0.217;AMD:0.217
2024-03-12,0.4699227398980422,0.0,SPY:0.350;NVDA:0.217;AVGO:0.217;AMD:0.217
2024-03-19,0.45493917787597843,0.0,SPY:0.350;NVDA:0.217;AVGO:0.217;META:0.217
2024-03-26,0.43896272436382244,0.0,SPY:0.350;NVDA:0.217;META:0.217;PDD:0.217
2024-04-02,0.02443584475264568,0.0,SPY:0.350;NVDA:0.217;PDD:0.217;META:0.217
2024-04-09,0.012772413892982476,0.0,SPY:0.350;NVDA:0.217;META:0.217;PDD:0.217
2024-04-16,0.4578404650543274,0.0,SPY:0.350;NVDA:0.217;META:0.217;AVGO:0.217
2024-04-23,0.45475497256227865,0.0,SPY:0.350;NVDA:0.217;META:0.217;PDD:0.217
2024-04-30,0.04811752532654481,0.0,SPY:0.350;NVDA:0.217;META:0.217;PDD:0.217
2024-05-07,0.04777013308563813,0.0,SPY:0.350;NVDA:0.217;PDD:0.217;META:0.217
2024-05-14,0.02641246690418972,0.0,SPY:0.350;NVDA:0.217;PDD:0.217;META:0.217
2024-05-21,0.001748645918455194,0.0,SPY:0.350;NVDA:0.217;PDD:0.217;META:0.217
2024-05-28,0.0205771647910038,0.0,SPY:0.350;NVDA:0.217;PDD:0.217;META:0.217
2024-06-04,0.05745744757765206,0.0,SPY:0.350;NVDA:0.217;PDD:0.217;META:0.217
2024-06-11,0.4438630131292228,0.0,SPY:0.350;NVDA:0.217;PDD:0.217;COST:0.217
2024-06-18,0.4435064940971626,0.0,SPY:0.350;NVDA:0.217;QCOM:0.217;PDD:0.217
2024-06-25,0.45238387370754274,0.0,SPY:0.350;NVDA:0.217;QCOM:0.217;AVGO:0.217
2024-07-02,0.45597427995425166,0.0,SPY:0.350;NVDA:0.217;QCOM:0.217;PDD:0.217
2024-07-09,0.4394247063195148,0.0,SPY:0.350;NVDA:0.217;QCOM:0.217;AVGO:0.217
2024-07-16,0.01773886564884658,0.0,SPY:0.350;NVDA:0.217;AVGO:0.217;QCOM:0.217
2024-07-23,0.02233255032514811,0.0,SPY:0.350;NVDA:0.217;AVGO:0.217;QCOM:0.217
2024-07-30,0.018215573473717717,0.0,SPY:0.350;NVDA:0.217;AVGO:0.217;QCOM:0.217
2024-08-06,0.47396021961942747,0.0,SPY:0.350;NVDA:0.217;AVGO:0.217;NFLX:0.217
2024-08-13,0.017232522088322433,0.0,SPY:0.350;NVDA:0.217;AVGO:0.217;NFLX:0.217
2024-08-20,0.023849641379127873,0.0,SPY:0.350;NVDA:0.217;AVGO:0.217;NFLX:0.217
2024-08-27,0.02057291224400115,0.0,SPY:0.350;NVDA:0.217;AVGO:0.217;NFLX:0.217
2024-09-03,0.44454985089800053,0.0,SPY:0.350;NVDA:0.217;AVGO:0.217;COST:0.217
2024-09-10,0.47980596465948677,0.0,SPY:0.350;NVDA:0.217;AVGO:0.217;META:0.217
2024-09-17,0.00918847425974817,0.0,SPY:0.350;NVDA:0.217;AVGO:0.217;META:0.217
2024-09-24,0.021625324131343743,0.0,SPY:0.350;NVDA:0.217;AVGO:0.217;META:0.217
2024-10-01,0.451791934666762,0.0,SPY:0.350;NVDA:0.217;AVGO:0.217;COST:0.217
2024-10-08,0.4460542874160126,0.0,SPY:0.350;NVDA:0.217;AVGO:0.217;META:0.217
2024-10-15,0.04269536401307336,0.0,SPY:0.350;NVDA:0.217;AVGO:0.217;META:0.217
2024-10-22,0.012481236218556707,0.0,SPY:0.350;NVDA:0.217;META:0.217;AVGO:0.217
2024-10-29,0.02823045900065596,0.0,SPY:0.350;NVDA:0.217;META:0.217;AVGO:0.217
2024-11-05,0.008595442486650312,0.0,SPY:0.350;NVDA:0.217;META:0.217;AVGO:0.217
2024-11-12,0.01176185169752511,0.0,SPY:0.350;NVDA:0.217;META:0.217;AVGO:0.217
2024-11-19,0.012873102878362519,0.0,SPY:0.350;NVDA:0.217;AVGO:0.217;META:0.217
2024-11-26,0.44909740904764367,0.0,SPY:0.350;NVDA:0.217;NFLX:0.217;AVGO:0.217
2024-12-03,0.4600275143583472,0.0,SPY:0.350;NVDA:0.217;NFLX:0.217;META:0.217
2024-12-10,0.4527325526151237,0.0,SPY:0.350;NVDA:0.217;META:0.217;AVGO:0.217
2024-12-17,0.883223941085022,0.0,SPY:0.350;NVDA:0.217;TSLA:0.217;NFLX:0.217
2024-12-24,0.0666743675201128,0.0,SPY:0.350;TSLA:0.217;NVDA:0.217;NFLX:0.217
2024-12-31,0.02907040771359226,0.0,SPY:0.350;TSLA:0.217;NVDA:0.217;NFLX:0.217
2025-01-07,0.03287104384988698,0.0,SPY:0.350;TSLA:0.217;NVDA:0.217;NFLX:0.217
2025-01-14,0.018579095324641248,0.0,SPY:0.350;TSLA:0.217;NVDA:0.217;NFLX:0.217
2025-01-21,0.44721684372492293,0.0,SPY:0.350;TSLA:0.217;AVGO:0.217;NFLX:0.217
2025-01-28,0.4457550341559976,0.0,SPY:0.350;TSLA:0.217;AVGO:0.217;NVDA:0.217
2025-02-04,0.46986328488801055,0.0,SPY:0.350;TSLA:0.217;AVGO:0.217;AAPL:0.217
2025-02-11,0.45029035802051076,0.0,SPY:0.350;TSLA:0.217;AVGO:0.217;NFLX:0.217
2025-02-18,0.49784895178815536,0.0,SPY:0.350;TSLA:0.217;AVGO:0.217;NVDA:0.217
2025-02-25,0.032673826679334855,0.0,SPY:0.350;TSLA:0.217;AVGO:0.217;NVDA:0.217
2025-03-04,0.4753408451542509,0.0,SPY:0.350;TSLA:0.217;NFLX:0.217;AVGO:0.217
2025-03-11,0.035226737266393277,0.0,SPY:0.350;TSLA:0.217;NFLX:0.217;AVGO:0.217
2025-03-18,1.8010638783782498,0.0,SPY:0.100;IEF:0.900
2025-03-25,0.0017264550243531185,0.0,SPY:0.100;IEF:0.900
2025-04-01,0.0052513554469963,0.0,SPY:0.100;IEF:0.900
2025-04-08,0.006527053637447475,0.0,SPY:0.100;IEF:0.900
2025-04-15,0.020126900779886547,0.0,SPY:0.100;IEF:0.900
2025-04-22,0.01557979098521968,0.0,SPY:0.100;IEF:0.900
2025-04-29,0.0029113702289997184,0.0,SPY:0.100;IEF:0.900
2025-05-06,0.005907564939994808,0.0,SPY:0.100;IEF:0.900
2025-05-13,0.003053105566341044,0.0,SPY:0.100;IEF:0.900
2025-05-20,0.011162015147873752,0.0,SPY:0.100;IEF:0.900
2025-05-27,0.0016093411066210456,0.0,SPY:0.100;IEF:0.900
2025-06-03,0.0012032028374294595,0.0,SPY:0.100;IEF:0.900
2025-06-10,1.799494434290593,0.0,SPY:0.350;NFLX:0.217;AVGO:0.217;META:0.217
2025-06-17,0.462097438269242,0.0,SPY:0.350;NFLX:0.217;AVGO:0.217;TSLA:0.217
2025-06-24,0.016699196413996115,0.0,SPY:0.350;NFLX:0.217;TSLA:0.217;AVGO:0.217
2025-07-01,0.018679509834569258,0.0,SPY:0.350;NFLX:0.217;TSLA:0.217;AVGO:0.217
2025-07-08,0.044538915164789,0.0,SPY:0.350;NFLX:0.217;AVGO:0.217;TSLA:0.217
2025-07-15,0.012159907582433682,0.0,SPY:0.350;NFLX:0.217;AVGO:0.217;TSLA:0.217
2025-07-22,0.4540093548754309,0.0,SPY:0.350;NFLX:0.217;AVGO:0.217;NVDA:0.217
2025-07-29,0.4520357929211685,0.0,SPY:0.350;NFLX:0.217;AVGO:0.217;TSLA:0.217
2025-08-05,0.4448259378670921,0.0,SPY:0.350;NFLX:0.217;AVGO:0.217;CSCO:0.217
2025-08-12,0.4374448031091191,0.0,SPY:0.350;NFLX:0.217;AVGO:0.217;NVDA:0.217
2025-08-19,0.4474439844389816,0.0,SPY:0.350;NFLX:0.217;AVGO:0.217;CSCO:0.217
2025-08-26,0.44623164459321163,0.0,SPY:0.350;NFLX:0.217;AVGO:0.217;TSLA:0.217
2025-09-02,0.019479535900391504,0.0,SPY:0.350;AVGO:0.217;NFLX:0.217;TSLA:0.217
2025-09-09,0.43401871601859243,0.0,SPY:0.350;AVGO:0.217;NFLX:0.217;META:0.217
2025-09-16,0.03207719939729445,0.0,SPY:0.350;AVGO:0.217;NFLX:0.217;META:0.217
2025-09-23,0.02692853330470102,0.0,SPY:0.350;AVGO:0.217;NFLX:0.217;META:0.217
2025-09-30,0.02675349717907896,0.0,SPY:0.350;AVGO:0.217;NFLX:0.217;META:0.217
2025-10-07,0.4407108079774322,0.0,SPY:0.350;AVGO:0.217;NFLX:0.217;GOOGL:0.217
2025-10-14,0.007378467076322226,0.0,SPY:0.350;AVGO:0.217;GOOGL:0.217;NFLX:0.217
2025-10-21,0.44794099481115957,0.0,SPY:0.350;AVGO:0.217;INTC:0.217;GOOGL:0.217
2025-10-28,0.45242046884634557,0.0,SPY:0.350;INTC:0.217;AVGO:0.217;AMD:0.217
2025-11-04,0.027248551905163176,0.0,SPY:0.350;INTC:0.217;AMD:0.217;AVGO:0.217
2025-11-11,0.030979949501552223,0.0,SPY:0.350;AMD:0.217;INTC:0.217;AVGO:0.217
2025-11-18,0.02098213052981343,0.0,SPY:0.350;INTC:0.217;AMD:0.217;AVGO:0.217
2025-11-25,0.02186244919320371,0.0,SPY:0.350;AMD:0.217;INTC:0.217;AVGO:0.217
2025-12-02,0.05451081765342816,0.0,SPY:0.350;AMD:0.217;INTC:0.217;AVGO:0.217
2025-12-09,0.06406620585944592,0.0,SPY:0.350;AMD:0.217;INTC:0.217;AVGO:0.217
2025-12-16,0.035171181988916556,0.0,SPY:0.350;INTC:0.217;AMD:0.217;AVGO:0.217
2025-12-23,0.43994263343654527,0.0,SPY:0.350;AMD:0.217;INTC:0.217;GOOGL:0.217
2025-12-30,0.4339885306537956,0.0,SPY:0.350;AMD:0.217;GOOGL:0.217;AVGO:0.217
2026-01-06,0.0015948104230952276,0.0,SPY:0.350;AMD:0.217;AVGO:0.217;GOOGL:0.217
2026-01-13,0.44183255459659465,0.0,SPY:0.350;AMD:0.217;AVGO:0.217;INTC:0.217
2026-01-20,0.47727103622888933,0.0,SPY:0.350;AMD:0.217;INTC:0.217;TSLA:0.217
2026-01-27,0.47182104654084533,0.0,SPY:0.350;AMD:0.217;TSLA:0.217;GOOGL:0.217
2026-02-03,0.44627479041326623,0.0,SPY:0.350;AMD:0.217;AMAT:0.217;GOOGL:0.217
2026-02-10,0.02071300811424656,0.0,SPY:0.350;AMD:0.217;AMAT:0.217;GOOGL:0.217
2026-02-17,0.47307404552189974,0.0,SPY:0.350;AMD:0.217;INTC:0.217;AMAT:0.217
2026-02-24,1.8009998977292354,0.0,SPY:0.100;IEF:0.900
2026-03-03,0.0007767009846798706,0.0,SPY:0.100;IEF:0.900
2026-03-10,0.0016035175583093558,0.0,SPY:0.100;IEF:0.900
2026-03-17,0.00022550129374382388,0.0,SPY:0.100;IEF:0.900
2026-03-24,0.001235974798340575,0.0,SPY:0.100;IEF:0.900
2026-03-31,0.0017843682292688484,0.0,SPY:0.100;IEF:0.900
2026-04-07,0.00187374156007436,0.0,SPY:0.100;IEF:0.900
2026-04-14,0.002211813706939611,0.0,SPY:0.100;IEF:0.900
2026-04-21,1.7924871345046784,0.0,SPY:0.350;INTC:0.217;AMAT:0.217;GOOGL:0.217
2026-04-28,0.4405786203954601,0.0,SPY:0.350;INTC:0.217;AMAT:0.217;AMD:0.217
2026-05-05,0.5300034239078262,0.0,SPY:0.350;INTC:0.217;AMAT:0.217;GOOGL:0.217
2026-05-12,0.5027016265604515,0.0,SPY:0.350;INTC:0.217;AMAT:0.217;AMD:0.217
2026-05-19,0.07033115598161827,0.0,SPY:0.350;INTC:0.217;AMD:0.217;AMAT:0.217
2026-05-26,0.031239188816566815,0.0,SPY:0.350;INTC:0.217;AMD:0.217;AMAT:0.217
2026-06-02,0.05240701135488707,0.0,SPY:0.350;INTC:0.217;AMD:0.217;AMAT:0.217
2026-06-09,0.05521996296710602,0.0,SPY:0.350;INTC:0.217;AMD:0.217;AMAT:0.217
2026-06-16,0.030963758350735587,0.0,SPY:0.350;INTC:0.217;AMD:0.217;AMAT:0.217
2026-06-23,0.03437304530457877,0.0,SPY:0.350;INTC:0.217;AMD:0.217;AMAT:0.217
2026-06-30,0.04064262637879368,0.0,SPY:0.350;INTC:0.217;AMAT:0.217;AMD:0.217
2026-07-07,0.0644145016803487,0.0,SPY:0.350;INTC:0.217;AMAT:0.217;AMD:0.217
2026-07-14,0.10018040080844928,0.0,SPY:0.350;INTC:0.217;AMAT:0.217;AMD:0.217
2026-07-21,0.03539894180200534,0.0,SPY:0.350;INTC:0.217;AMAT:0.217;AMD:0.217
2026-07-28,0.01572463551075795,0.0,SPY:0.350;INTC:0.217;AMD:0.217;AMAT:0.217
2026-08-04,0.08081505509087128,0.0,SPY:0.350;INTC:0.217;AMD:0.217;AMAT:0.217
2026-08-11,0.04538822031330669,0.0,SPY:0.350;AMD:0.217;INTC:0.217;AMAT:0.217
2026-08-18,0.025108465857845153,0.0,SPY:0.350;INTC:0.217;AMAT:0.217;AMD:0.217
2026-08-25,0.010868667804353832,0.0,SPY:0.350;INTC:0.217;AMAT:0.217;AMD:0.217
2026-09-01,0.038389581721724075,0.0,SPY:0.350;INTC:0.217;AMAT:0.217;AMD:0.217
2026-09-08,0.03194584843631604,0.0,SPY:0.350;INTC:0.217;AMAT:0.217;AMD:0.217
2026-09-15,0.04891813197770209,0.0,SPY:0.350;INTC:0.217;AMAT:0.217;AMD:0.217
2026-09-22,0.04195060317082089,0.0,SPY:0.350;INTC:0.217;AMD:0.217;AMAT:0.217
2026-09-29,0.08364619296052525,0.0,SPY:0.350;INTC:0.217;AMD:0.217;AMAT:0.217
2026-10-06,0.03893471106835719,0.0,SPY:0.350;INTC:0.217;AMD:0.217;AMAT:0.217
2026-10-13,0.02478507313734485,0.0,SPY:0.350;AMD:0.217;INTC:0.217;AMAT:0.217
