Rank,Combo,CAGR_%,Max_DD_%,Calmar,Sharpe,Sortino,Vol_%,Win_Rate_%,Best_Year_%,Worst_Year_%,Final_$,Strategy,Signal_Day,Exec_Lag_d
1,"System E | sig Fri close, exec +2d",35.09,-26.44,1.327,1.272,1.905,24.4,59.1,244.0,-14.9,66298655,System E,Fri,2
2,"E80/R3 Blend | sig Fri close, exec +2d",32.43,-24.5,1.323,1.296,1.961,22.0,59.4,203.3,-15.3,43094749,E80/R3 Blend,Fri,2
3,"System E | sig Fri close, exec +1d",34.93,-28.5,1.225,1.226,1.684,25.4,60.5,212.3,-16.1,64918908,System E,Fri,1
4,"E80/R3 Blend | sig Fri close, exec +1d",32.32,-26.75,1.208,1.256,1.744,22.7,60.8,174.9,-16.7,42621254,E80/R3 Blend,Fri,1
5,"E80/R3 Blend | sig Thu close, exec +3d",30.29,-26.2,1.156,1.214,1.789,22.1,59.6,189.5,-15.7,30174920,E80/R3 Blend,Thu,3
6,"System E | sig Fri close, exec +3d",34.15,-29.79,1.146,1.287,1.899,23.4,60.2,204.9,-10.7,57015941,System E,Fri,3
7,"E80/R3 Blend | sig Fri close, exec +3d",31.6,-27.58,1.146,1.318,1.97,21.0,60.2,170.5,-11.5,37668027,E80/R3 Blend,Fri,3
8,"E80/R3 Blend | sig Mon close, exec +1d",31.48,-27.55,1.142,1.28,1.833,21.6,60.9,161.1,-19.6,36888378,E80/R3 Blend,Mon,1
9,"System E | sig Thu close, exec +3d",32.74,-28.98,1.13,1.193,1.736,24.6,59.1,224.4,-15.0,45140027,System E,Thu,3
10,"System E | sig Thu close, exec +1d",33.16,-29.61,1.12,1.225,1.885,24.1,57.8,184.7,-20.9,48600105,System E,Thu,1
11,"System E | sig Tue close, exec +3d",36.04,-32.33,1.115,1.3,2.003,24.4,58.5,153.9,-21.7,77129702,System E,Tue,3
12,"E80/R3 Blend | sig Mon close, exec +3d",33.39,-30.51,1.095,1.334,1.883,21.9,60.2,101.5,-22.3,50419045,E80/R3 Blend,Mon,3
13,"System E | sig Tue close, exec +2d",36.56,-33.46,1.092,1.357,2.106,23.5,60.9,161.4,-22.7,83701486,System E,Tue,2
14,"System E | sig Mon close, exec +1d",34.1,-31.27,1.091,1.26,1.8,24.0,59.8,185.8,-19.6,56549596,System E,Mon,1
15,"System E | sig Thu close, exec +2d",32.11,-29.43,1.091,1.127,1.507,25.9,60.3,207.7,-16.1,40942444,System E,Thu,2
16,"E80/R3 Blend | sig Thu close, exec +1d",30.39,-28.13,1.08,1.242,1.927,21.6,57.9,156.6,-22.0,30824116,E80/R3 Blend,Thu,1
17,"E80/R3 Blend | sig Tue close, exec +3d",32.74,-30.85,1.061,1.31,2.022,21.9,58.5,127.3,-21.4,45376946,E80/R3 Blend,Tue,3
18,"E80/R3 Blend | sig Thu close, exec +2d",29.92,-28.55,1.048,1.155,1.566,23.2,60.6,175.3,-16.9,28550955,E80/R3 Blend,Thu,2
19,"System E | sig Mon close, exec +2d",34.11,-32.65,1.045,1.292,1.782,23.2,60.5,162.4,-20.4,56628612,System E,Mon,2
20,"E80/R3 Blend | sig Mon close, exec +2d",31.47,-30.41,1.035,1.319,1.838,20.8,60.9,141.6,-20.2,36838540,E80/R3 Blend,Mon,2
21,"E80/R3 Blend | sig Tue close, exec +2d",33.35,-32.45,1.028,1.37,2.118,21.1,60.5,133.2,-22.1,50104141,E80/R3 Blend,Tue,2
22,"System E | sig Mon close, exec +3d",36.14,-35.34,1.022,1.301,1.806,24.5,60.9,110.9,-22.8,78276749,System E,Mon,3
23,"R3 Vol-Adj | sig Fri close, exec +3d",20.92,-20.52,1.02,1.382,2.138,12.9,60.6,63.8,-14.7,6055721,R3 Vol-Adj,Fri,3
24,"System E | sig Wed close, exec +2d",33.1,-32.5,1.018,1.195,1.712,24.8,58.6,132.6,-20.9,48081617,System E,Wed,2
25,"System E | sig Tue close, exec +1d",35.48,-35.39,1.002,1.351,1.997,22.9,59.7,180.1,-20.3,70485313,System E,Tue,1
26,"E80/R3 Blend | sig Wed close, exec +2d",30.23,-31.21,0.969,1.211,1.754,22.2,58.8,117.3,-21.5,30058071,E80/R3 Blend,Wed,2
27,"R3 Vol-Adj | sig Mon close, exec +2d",20.45,-21.28,0.961,1.353,1.94,12.9,61.7,68.2,-19.4,5560375,R3 Vol-Adj,Mon,2
28,"E80/R3 Blend | sig Tue close, exec +1d",32.34,-34.06,0.949,1.362,2.011,20.6,60.0,149.6,-20.1,42516986,E80/R3 Blend,Tue,1
29,"System E | sig Wed close, exec +1d",32.54,-35.36,0.92,1.196,1.637,24.4,60.2,122.6,-20.1,43901955,System E,Wed,1
30,"R3 Vol-Adj | sig Fri close, exec +2d",21.3,-23.45,0.908,1.32,2.086,13.8,59.7,78.9,-16.9,6471731,R3 Vol-Adj,Fri,2
31,"E80/R3 Blend | sig Wed close, exec +3d",29.88,-33.33,0.896,1.153,1.461,23.3,61.6,81.8,-17.0,28322031,E80/R3 Blend,Wed,3
32,"R3 Vol-Adj | sig Mon close, exec +3d",21.82,-24.74,0.882,1.411,2.108,13.2,60.3,58.4,-20.3,7101149,R3 Vol-Adj,Mon,3
33,"R3 Vol-Adj | sig Mon close, exec +1d",20.55,-23.32,0.881,1.277,1.818,13.8,61.5,77.3,-19.6,5659351,R3 Vol-Adj,Mon,1
34,"E80/R3 Blend | sig Wed close, exec +1d",29.76,-33.84,0.88,1.211,1.676,21.8,60.2,109.7,-20.7,27780068,E80/R3 Blend,Wed,1
35,"R3 Vol-Adj | sig Fri close, exec +1d",21.25,-24.55,0.865,1.319,1.97,13.8,61.2,61.2,-19.0,6441729,R3 Vol-Adj,Fri,1
36,"System E | sig Wed close, exec +3d",32.31,-39.25,0.823,1.13,1.412,26.0,61.0,85.4,-16.1,42315311,System E,Wed,3
37,"R3 Vol-Adj | sig Thu close, exec +3d",19.97,-25.64,0.779,1.242,1.948,13.8,59.4,79.8,-18.6,5083075,R3 Vol-Adj,Thu,3
38,"R3 Vol-Adj | sig Thu close, exec +2d",20.4,-28.38,0.719,1.237,1.824,14.2,61.0,72.8,-20.2,5512624,R3 Vol-Adj,Thu,2
39,"R3 Vol-Adj | sig Tue close, exec +2d",20.35,-28.36,0.718,1.305,1.883,13.3,60.7,51.3,-19.8,5467756,R3 Vol-Adj,Tue,2
40,"R3 Vol-Adj | sig Tue close, exec +1d",19.65,-28.58,0.688,1.282,1.816,13.1,61.6,54.6,-19.4,4821647,R3 Vol-Adj,Tue,1
41,"R3 Vol-Adj | sig Tue close, exec +3d",19.32,-28.11,0.687,1.228,1.819,13.5,59.4,53.0,-20.4,4540002,R3 Vol-Adj,Tue,3
42,"R3 Vol-Adj | sig Wed close, exec +3d",19.32,-28.14,0.686,1.173,1.579,14.2,61.0,59.6,-20.3,4537954,R3 Vol-Adj,Wed,3
43,"R3 Vol-Adj | sig Thu close, exec +1d",18.87,-30.41,0.62,1.214,1.884,13.3,59.9,64.6,-26.3,4181791,R3 Vol-Adj,Thu,1
44,"R3 Vol-Adj | sig Wed close, exec +1d",18.16,-32.66,0.556,1.172,1.654,13.3,60.2,56.7,-23.5,3677657,R3 Vol-Adj,Wed,1
45,"R3 Vol-Adj | sig Wed close, exec +2d",18.29,-33.75,0.542,1.18,1.764,13.3,60.2,57.9,-24.3,3766418,R3 Vol-Adj,Wed,2
46,SPY Buy & Hold,10.81,-54.61,0.198,0.564,0.698,17.3,57.3,33.9,-39.4,1006190,SPY,—,0
