Strategy,Years,CAGR_%,Max_DD_%,Calmar,Sharpe,Sortino,Vol_%,Beta,Alpha_%,Best_Year_%,Worst_Year_%,Final_$,w_Sys_E_Original,w_R3_Vol_Adj,w_R7_Full_Kelly
grid,22.5,12.08,-20.73,0.583,1.106,1.777,8.8,0.123,10.31,41.9,-17.9,1300405,0,0,100
grid,22.5,12.39,-20.89,0.593,1.128,1.814,8.9,0.131,10.51,42.8,-18.2,1386019,0,5,95
grid,22.5,12.71,-21.07,0.603,1.148,1.845,9.0,0.139,10.71,43.7,-18.5,1476901,0,10,90
grid,22.5,13.03,-21.25,0.613,1.166,1.879,9.1,0.147,10.91,44.7,-18.7,1573348,0,15,85
grid,22.5,13.35,-21.48,0.621,1.181,1.905,9.2,0.155,11.11,45.6,-19.0,1675675,0,20,80
grid,22.5,13.66,-21.72,0.629,1.195,1.929,9.4,0.162,11.31,46.6,-19.3,1784212,0,25,75
grid,22.5,13.98,-21.97,0.636,1.207,1.95,9.5,0.17,11.51,47.5,-19.5,1899304,0,30,70
grid,22.5,14.3,-22.22,0.643,1.217,1.969,9.7,0.178,11.71,48.5,-19.8,2021316,0,35,65
grid,22.5,14.61,-22.47,0.65,1.226,1.984,9.9,0.186,11.91,49.4,-20.0,2150629,0,40,60
grid,22.5,14.93,-22.72,0.657,1.233,1.997,10.0,0.194,12.11,50.4,-20.3,2287645,0,45,55
grid,22.5,15.24,-22.96,0.664,1.239,2.005,10.2,0.202,12.31,51.4,-20.6,2432785,0,50,50
grid,22.5,15.55,-23.21,0.67,1.244,2.014,10.4,0.209,12.51,52.3,-20.8,2586489,0,55,45
grid,22.5,15.87,-23.46,0.676,1.247,2.019,10.6,0.217,12.71,53.3,-21.1,2749219,0,60,40
grid,22.5,16.18,-23.7,0.683,1.25,2.022,10.8,0.225,12.91,54.3,-21.4,2921461,0,65,35
grid,22.5,16.49,-23.95,0.689,1.251,2.024,11.1,0.233,13.11,55.3,-21.6,3103723,0,70,30
grid,22.5,16.81,-24.19,0.695,1.252,2.022,11.3,0.241,13.31,56.3,-21.9,3296536,0,75,25
grid,22.5,17.12,-24.44,0.7,1.252,2.02,11.5,0.248,13.51,57.3,-22.1,3500458,0,80,20
grid,22.5,17.43,-24.68,0.706,1.251,2.016,11.8,0.256,13.72,58.3,-22.4,3716071,0,85,15
grid,22.5,17.74,-24.93,0.712,1.25,2.011,12.0,0.264,13.92,59.3,-22.6,3943987,0,90,10
grid,22.5,18.05,-25.17,0.717,1.248,2.003,12.3,0.272,14.12,60.3,-22.9,4184844,0,95,5
grid,22.5,18.36,-25.42,0.723,1.246,1.994,12.5,0.28,14.32,61.3,-23.2,4439309,0,100,0
grid,22.5,13.08,-20.68,0.632,1.161,1.885,9.2,0.144,11.0,47.2,-18.1,1588472,5,0,95
grid,22.5,13.4,-20.89,0.641,1.178,1.914,9.3,0.152,11.19,48.2,-18.3,1692259,5,5,90
grid,22.5,13.71,-21.13,0.649,1.194,1.941,9.4,0.159,11.39,49.2,-18.6,1802350,5,10,85
grid,22.5,14.03,-21.37,0.657,1.208,1.968,9.6,0.167,11.59,50.1,-18.9,1919114,5,15,80
grid,22.5,14.35,-21.61,0.664,1.22,1.993,9.7,0.175,11.79,51.1,-19.1,2042922,5,20,75
grid,22.5,14.67,-21.86,0.671,1.23,2.013,9.9,0.183,11.99,52.1,-19.4,2174168,5,25,70
grid,22.5,14.98,-22.11,0.678,1.239,2.03,10.0,0.191,12.19,53.1,-19.7,2313268,5,30,65
grid,22.5,15.3,-22.36,0.684,1.246,2.041,10.2,0.199,12.39,54.1,-19.9,2460649,5,35,60
grid,22.5,15.61,-22.6,0.691,1.252,2.05,10.4,0.206,12.59,55.1,-20.2,2616764,5,40,55
grid,22.5,15.93,-22.85,0.697,1.257,2.058,10.6,0.214,12.79,56.1,-20.4,2782087,5,45,50
grid,22.5,16.24,-23.1,0.703,1.261,2.063,10.8,0.222,12.99,57.1,-20.7,2957115,5,50,45
grid,22.5,16.56,-23.34,0.709,1.263,2.068,11.0,0.23,13.19,58.1,-21.0,3142367,5,55,40
grid,22.5,16.87,-23.59,0.715,1.265,2.068,11.2,0.238,13.39,59.1,-21.2,3338388,5,60,35
grid,22.5,17.19,-23.84,0.721,1.266,2.068,11.4,0.245,13.6,60.1,-21.5,3545745,5,65,30
grid,22.5,17.5,-24.08,0.727,1.266,2.063,11.7,0.253,13.8,61.1,-21.7,3765030,5,70,25
grid,22.5,17.81,-24.33,0.732,1.266,2.059,11.9,0.261,14.0,62.2,-22.0,3996858,5,75,20
grid,22.5,18.12,-24.57,0.738,1.264,2.052,12.1,0.269,14.2,63.2,-22.3,4241852,5,80,15
grid,22.5,18.43,-24.82,0.743,1.263,2.045,12.4,0.277,14.4,64.2,-22.5,4500630,5,85,10
grid,22.5,18.75,-25.06,0.748,1.261,2.035,12.6,0.285,14.6,65.3,-22.8,4773755,5,90,5
grid,22.5,19.05,-25.3,0.753,1.258,2.026,12.9,0.292,14.8,66.3,-23.0,5061494,5,95,0
grid,22.5,14.08,-20.77,0.678,1.201,1.976,9.7,0.164,11.68,52.8,-18.2,1936741,10,0,90
grid,22.5,14.4,-21.01,0.685,1.215,2.001,9.8,0.172,11.88,53.8,-18.5,2062269,10,5,85
grid,22.5,14.72,-21.25,0.693,1.228,2.025,9.9,0.18,12.08,54.8,-18.7,2195343,10,10,80
grid,22.5,15.03,-21.5,0.699,1.238,2.042,10.1,0.188,12.28,55.8,-19.0,2336407,10,15,75
grid,22.5,15.35,-21.75,0.706,1.247,2.059,10.2,0.196,12.48,56.8,-19.3,2485905,10,20,70
grid,22.5,15.67,-22.0,0.712,1.255,2.074,10.4,0.203,12.68,57.8,-19.5,2644297,10,25,65
grid,22.5,15.99,-22.24,0.719,1.261,2.085,10.6,0.211,12.88,58.8,-19.8,2812069,10,30,60
grid,22.5,16.3,-22.49,0.725,1.266,2.093,10.8,0.219,13.08,59.8,-20.1,2989727,10,35,55
grid,22.5,16.62,-22.74,0.731,1.27,2.099,11.0,0.227,13.28,60.9,-20.3,3177804,10,40,50
grid,22.5,16.93,-22.99,0.737,1.273,2.105,11.2,0.235,13.48,61.9,-20.6,3376859,10,45,45
grid,22.5,17.25,-23.23,0.742,1.275,2.106,11.4,0.243,13.68,62.9,-20.8,3587472,10,50,40
grid,22.5,17.56,-23.48,0.748,1.276,2.106,11.6,0.25,13.88,64.0,-21.1,3810248,10,55,35
grid,22.5,17.88,-23.73,0.753,1.276,2.1,11.8,0.258,14.08,65.0,-21.4,4045814,10,60,30
grid,22.5,18.19,-23.97,0.759,1.276,2.096,12.1,0.266,14.28,66.1,-21.6,4294819,10,65,25
grid,22.5,18.5,-24.22,0.764,1.275,2.087,12.3,0.274,14.48,67.1,-21.9,4557941,10,70,20
grid,22.5,18.81,-24.46,0.769,1.274,2.077,12.6,0.282,14.68,68.2,-22.1,4835854,10,75,15
grid,22.5,19.13,-24.71,0.774,1.272,2.068,12.8,0.289,14.88,69.2,-22.4,5129235,10,80,10
grid,22.5,19.44,-24.95,0.779,1.27,2.057,13.1,0.297,15.09,70.3,-22.7,5438650,10,85,5
grid,22.5,19.75,-25.19,0.784,1.267,2.049,13.3,0.305,15.29,71.4,-22.9,5764743,10,90,0
grid,22.5,15.08,-20.89,0.722,1.231,2.051,10.2,0.185,12.36,58.5,-18.4,2356979,15,0,85
grid,22.5,15.4,-21.14,0.728,1.241,2.068,10.3,0.193,12.56,59.5,-18.6,2508492,15,5,80
grid,22.5,15.72,-21.39,0.735,1.251,2.082,10.5,0.2,12.76,60.6,-18.9,2669025,15,10,75
grid,22.5,16.03,-21.64,0.741,1.259,2.097,10.6,0.208,12.96,61.6,-19.2,2839098,15,15,70
grid,22.5,16.35,-21.88,0.747,1.265,2.105,10.8,0.216,13.16,62.6,-19.4,3019238,15,20,65
grid,22.5,16.67,-22.13,0.753,1.271,2.115,11.0,0.224,13.36,63.7,-19.7,3209991,15,25,60
grid,22.5,16.99,-22.38,0.759,1.275,2.123,11.2,0.232,13.56,64.7,-19.9,3411925,15,30,55
grid,22.5,17.3,-22.63,0.765,1.278,2.129,11.4,0.24,13.76,65.8,-20.2,3625631,15,35,50
grid,22.5,17.62,-22.88,0.77,1.281,2.13,11.6,0.247,13.96,66.8,-20.5,3851732,15,40,45
grid,22.5,17.93,-23.12,0.776,1.282,2.127,11.8,0.255,14.16,67.9,-20.7,4090876,15,45,40
grid,22.5,18.25,-23.37,0.781,1.283,2.123,12.0,0.263,14.36,69.0,-21.0,4343734,15,50,35
grid,22.5,18.56,-23.62,0.786,1.283,2.118,12.3,0.271,14.56,70.0,-21.2,4611016,15,55,30
grid,22.5,18.88,-23.86,0.791,1.283,2.112,12.5,0.279,14.76,71.1,-21.5,4893438,15,60,25
grid,22.5,19.19,-24.11,0.796,1.281,2.103,12.7,0.286,14.97,72.2,-21.8,5191743,15,65,20
grid,22.5,19.5,-24.35,0.801,1.28,2.093,13.0,0.294,15.17,73.3,-22.0,5506691,15,70,15
grid,22.5,19.81,-24.6,0.806,1.278,2.083,13.2,0.302,15.37,74.4,-22.3,5838988,15,75,10
grid,22.5,20.12,-24.84,0.81,1.275,2.072,13.5,0.31,15.57,75.5,-22.5,6189377,15,80,5
grid,22.5,20.43,-25.08,0.815,1.273,2.059,13.8,0.318,15.77,76.6,-22.8,6558724,15,85,0
grid,22.5,16.08,-21.03,0.765,1.251,2.097,10.8,0.205,13.04,64.4,-18.5,2863074,20,0,80
grid,22.5,16.4,-21.28,0.771,1.259,2.111,10.9,0.213,13.24,65.4,-18.8,3045584,20,5,75
grid,22.5,16.72,-21.53,0.777,1.266,2.119,11.1,0.221,13.44,66.5,-19.0,3238855,20,10,70
grid,22.5,17.03,-21.78,0.782,1.272,2.126,11.3,0.229,13.64,67.6,-19.3,3443493,20,15,65
grid,22.5,17.35,-22.02,0.788,1.277,2.135,11.5,0.237,13.84,68.6,-19.6,3660112,20,20,60
grid,22.5,17.67,-22.27,0.793,1.28,2.137,11.6,0.244,14.04,69.7,-19.8,3889356,20,25,55
grid,22.5,17.99,-22.52,0.799,1.283,2.143,11.8,0.252,14.24,70.8,-20.1,4131890,20,30,50
grid,22.5,18.3,-22.77,0.804,1.285,2.14,12.1,0.26,14.44,71.9,-20.3,4388411,20,35,45
grid,22.5,18.62,-23.01,0.809,1.286,2.139,12.3,0.268,14.64,73.0,-20.6,4659644,20,40,40
grid,22.5,18.93,-23.26,0.814,1.287,2.133,12.5,0.276,14.85,74.1,-20.9,4946338,20,45,35
grid,22.5,19.25,-23.51,0.819,1.287,2.128,12.7,0.283,15.05,75.2,-21.1,5249265,20,50,30
grid,22.5,19.56,-23.75,0.824,1.286,2.119,13.0,0.291,15.25,76.3,-21.4,5569241,20,55,25
grid,22.5,19.88,-24.0,0.828,1.285,2.111,13.2,0.299,15.45,77.4,-21.6,5907097,20,60,20
grid,22.5,20.19,-24.24,0.833,1.283,2.1,13.4,0.307,15.65,78.5,-21.9,6263632,20,65,15
grid,22.5,20.5,-24.49,0.837,1.281,2.09,13.7,0.315,15.85,79.6,-22.2,6639709,20,70,10
grid,22.5,20.81,-24.73,0.841,1.279,2.077,13.9,0.323,16.05,80.7,-22.4,7036198,20,75,5
grid,22.5,21.12,-24.98,0.846,1.276,2.065,14.2,0.33,16.25,81.9,-22.7,7454138,20,80,0
grid,22.5,17.08,-21.17,0.807,1.263,2.125,11.4,0.226,13.73,70.4,-18.6,3471387,25,0,75
grid,22.5,17.4,-21.42,0.812,1.27,2.134,11.6,0.234,13.93,71.5,-18.9,3690794,25,5,70
grid,22.5,17.71,-21.67,0.818,1.275,2.138,11.7,0.241,14.13,72.6,-19.2,3923011,25,10,65
grid,22.5,18.03,-21.92,0.823,1.279,2.142,11.9,0.249,14.33,73.7,-19.4,4168735,25,15,60
grid,22.5,18.35,-22.16,0.828,1.283,2.144,12.1,0.257,14.53,74.8,-19.7,4428696,25,20,55
grid,22.5,18.67,-22.41,0.833,1.285,2.145,12.3,0.265,14.73,75.9,-20.0,4703640,25,25,50
grid,22.5,18.98,-22.66,0.838,1.287,2.145,12.5,0.273,14.93,77.1,-20.2,4994346,25,30,45
grid,22.5,19.3,-22.91,0.843,1.288,2.142,12.8,0.28,15.13,78.2,-20.5,5301620,25,35,40
grid,22.5,19.62,-23.15,0.847,1.288,2.138,13.0,0.288,15.33,79.3,-20.7,5626307,25,40,35
grid,22.5,19.93,-23.4,0.852,1.288,2.131,13.2,0.296,15.53,80.4,-21.0,5969273,25,45,30
grid,22.5,20.25,-23.64,0.856,1.287,2.124,13.4,0.304,15.73,81.6,-21.3,6331422,25,50,25
grid,22.5,20.56,-23.89,0.861,1.286,2.114,13.7,0.312,15.93,82.7,-21.5,6713646,25,55,20
grid,22.5,20.87,-24.13,0.865,1.285,2.104,13.9,0.32,16.13,83.8,-21.8,7116892,25,60,15
grid,22.5,21.18,-24.38,0.869,1.283,2.093,14.2,0.327,16.33,85.0,-22.0,7542131,25,65,10
grid,22.5,21.5,-24.62,0.873,1.28,2.081,14.4,0.335,16.53,86.1,-22.3,7990380,25,70,5
grid,22.5,21.81,-24.87,0.877,1.278,2.068,14.7,0.343,16.74,87.3,-22.6,8462809,25,75,0
grid,22.5,18.07,-21.31,0.848,1.27,2.136,12.0,0.246,14.41,76.7,-18.8,4201147,30,0,70
grid,22.5,18.39,-21.56,0.853,1.275,2.141,12.2,0.254,14.61,77.8,-19.1,4464384,30,5,65
grid,22.5,18.71,-21.81,0.858,1.279,2.143,12.4,0.262,14.81,78.9,-19.3,4742833,30,10,60
grid,22.5,19.03,-22.06,0.863,1.282,2.143,12.6,0.27,15.01,80.1,-19.6,5037308,30,15,55
grid,22.5,19.35,-22.3,0.867,1.285,2.145,12.8,0.278,15.21,81.2,-19.8,5348652,30,20,50
grid,22.5,19.66,-22.55,0.872,1.286,2.145,13.0,0.285,15.41,82.3,-20.1,5677737,30,25,45
grid,22.5,19.98,-22.8,0.876,1.287,2.142,13.3,0.293,15.61,83.5,-20.4,6025467,30,30,40
grid,22.5,20.3,-23.04,0.881,1.288,2.138,13.5,0.301,15.81,84.6,-20.6,6392786,30,35,35
grid,22.5,20.61,-23.29,0.885,1.287,2.132,13.7,0.309,16.01,85.8,-20.9,6780665,30,40,30
grid,22.5,20.93,-23.54,0.889,1.287,2.123,13.9,0.317,16.21,87.0,-21.1,7190084,30,45,25
grid,22.5,21.24,-23.78,0.893,1.286,2.114,14.2,0.324,16.42,88.1,-21.4,7622074,30,50,20
grid,22.5,21.55,-24.03,0.897,1.284,2.102,14.4,0.332,16.62,89.3,-21.7,8077702,30,55,15
grid,22.5,21.87,-24.27,0.901,1.282,2.091,14.7,0.34,16.82,90.5,-21.9,8558063,30,60,10
grid,22.5,22.18,-24.52,0.905,1.28,2.079,14.9,0.348,17.02,91.7,-22.2,9064331,30,65,5
grid,22.5,22.49,-24.76,0.908,1.278,2.068,15.2,0.356,17.22,92.8,-22.4,9597786,30,70,0
grid,22.5,19.07,-21.46,0.889,1.274,2.141,12.7,0.267,15.09,83.1,-18.9,5074902,35,0,65
grid,22.5,19.39,-21.7,0.893,1.277,2.142,12.9,0.275,15.29,84.3,-19.2,5390098,35,5,60
grid,22.5,19.71,-21.95,0.898,1.28,2.142,13.1,0.282,15.49,85.4,-19.5,5723319,35,10,55
grid,22.5,20.02,-22.2,0.902,1.282,2.141,13.3,0.29,15.7,86.6,-19.7,6075507,35,15,50
grid,22.5,20.34,-22.45,0.906,1.284,2.138,13.5,0.298,15.9,87.8,-20.0,6447639,35,20,45
grid,22.5,20.66,-22.69,0.91,1.285,2.135,13.8,0.306,16.1,88.9,-20.2,6840739,35,25,40
grid,22.5,20.98,-22.94,0.914,1.285,2.131,14.0,0.314,16.3,90.1,-20.5,7255845,35,30,35
grid,22.5,21.29,-23.19,0.918,1.285,2.124,14.2,0.321,16.5,91.3,-20.8,7694031,35,35,30
grid,22.5,21.61,-23.43,0.922,1.285,2.118,14.5,0.329,16.7,92.5,-21.0,8156412,35,40,25
grid,22.5,21.92,-23.68,0.926,1.284,2.104,14.7,0.337,16.9,93.7,-21.3,8644155,35,45,20
grid,22.5,22.23,-23.92,0.929,1.282,2.095,14.9,0.345,17.1,94.9,-21.5,9158451,35,50,15
grid,22.5,22.55,-24.17,0.933,1.281,2.085,15.2,0.353,17.3,96.1,-21.8,9700521,35,55,10
grid,22.5,22.86,-24.41,0.936,1.279,2.074,15.4,0.361,17.5,97.3,-22.1,10271726,35,60,5
grid,22.5,23.17,-24.66,0.94,1.276,2.064,15.7,0.368,17.7,98.5,-22.3,10873450,35,65,0
grid,22.5,20.06,-21.6,0.929,1.274,2.135,13.5,0.287,15.78,89.7,-19.1,6119038,40,0,60
grid,22.5,20.38,-21.84,0.933,1.277,2.134,13.7,0.295,15.98,90.9,-19.3,6495700,40,5,55
grid,22.5,20.7,-22.09,0.937,1.279,2.13,13.9,0.303,16.18,92.1,-19.6,6893674,40,10,50
grid,22.5,21.02,-22.34,0.941,1.28,2.128,14.1,0.311,16.38,93.3,-19.9,7314048,40,15,45
grid,22.5,21.34,-22.59,0.945,1.281,2.123,14.3,0.318,16.58,94.5,-20.1,7757952,40,20,40
grid,22.5,21.65,-22.83,0.948,1.282,2.118,14.5,0.326,16.78,95.7,-20.4,8226558,40,25,35
grid,22.5,21.97,-23.08,0.952,1.282,2.109,14.8,0.334,16.98,96.9,-20.6,8721064,40,30,30
grid,22.5,22.28,-23.33,0.955,1.281,2.101,15.0,0.342,17.18,98.1,-20.9,9242735,40,35,25
grid,22.5,22.6,-23.57,0.959,1.28,2.092,15.2,0.35,17.38,99.4,-21.2,9792849,40,40,20
grid,22.5,22.91,-23.82,0.962,1.279,2.085,15.5,0.358,17.59,100.6,-21.4,10372759,40,45,15
grid,22.5,23.23,-24.06,0.965,1.278,2.075,15.7,0.365,17.79,101.8,-21.7,10983840,40,50,10
grid,22.5,23.54,-24.31,0.968,1.276,2.065,16.0,0.373,17.99,103.1,-21.9,11627625,40,55,5
grid,22.5,23.85,-24.55,0.971,1.274,2.055,16.2,0.381,18.19,104.3,-22.2,12305627,40,60,0
grid,22.5,21.06,-21.75,0.968,1.272,2.12,14.2,0.308,16.46,96.5,-19.2,7364356,45,0,55
grid,22.5,21.37,-21.99,0.972,1.274,2.118,14.4,0.316,16.66,97.7,-19.5,7813584,45,5,50
grid,22.5,21.69,-22.24,0.976,1.275,2.113,14.6,0.323,16.86,98.9,-19.7,8287951,45,10,45
grid,22.5,22.01,-22.48,0.979,1.276,2.106,14.9,0.331,17.07,100.2,-20.0,8788705,45,15,40
grid,22.5,22.33,-22.73,0.982,1.277,2.101,15.1,0.339,17.27,101.4,-20.3,9317146,45,20,35
grid,22.5,22.64,-22.98,0.986,1.277,2.094,15.3,0.347,17.47,102.7,-20.5,9874638,45,25,30
grid,22.5,22.96,-23.22,0.989,1.277,2.087,15.5,0.355,17.67,103.9,-20.8,10462572,45,30,25
grid,22.5,23.27,-23.47,0.992,1.276,2.08,15.8,0.362,17.87,105.2,-21.0,11082404,45,35,20
grid,22.5,23.59,-23.71,0.995,1.275,2.071,16.0,0.37,18.07,106.4,-21.3,11735611,45,40,15
grid,22.5,23.9,-23.96,0.998,1.274,2.063,16.3,0.378,18.27,107.7,-21.6,12423776,45,45,10
grid,22.5,24.21,-24.2,1.001,1.272,2.054,16.5,0.386,18.47,109.0,-21.8,13148580,45,50,5
grid,22.5,24.53,-24.45,1.003,1.27,2.045,16.8,0.394,18.67,110.2,-22.1,13911711,45,55,0
grid,22.5,22.05,-21.89,1.007,1.268,2.1,15.0,0.328,17.15,103.4,-19.4,8846736,50,0,50
grid,22.5,22.37,-22.14,1.01,1.27,2.096,15.2,0.336,17.35,104.7,-19.6,9381452,50,5,45
grid,22.5,22.68,-22.38,1.014,1.271,2.09,15.4,0.344,17.55,106.0,-19.9,9945745,50,10,40
grid,22.5,23.0,-22.63,1.017,1.272,2.085,15.6,0.352,17.75,107.2,-20.1,10541053,50,15,35
grid,22.5,23.32,-22.87,1.019,1.272,2.078,15.9,0.359,17.95,108.5,-20.4,11168895,50,20,30
grid,22.5,23.63,-23.12,1.022,1.272,2.071,16.1,0.367,18.15,109.8,-20.7,11830821,50,25,25
grid,22.5,23.95,-23.36,1.025,1.271,2.064,16.3,0.375,18.35,111.1,-20.9,12528459,50,30,20
grid,22.5,24.26,-23.61,1.028,1.27,2.056,16.6,0.383,18.56,112.4,-21.2,13263465,50,35,15
grid,22.5,24.58,-23.86,1.03,1.269,2.048,16.8,0.391,18.76,113.7,-21.4,14037620,50,40,10
grid,22.5,24.89,-24.1,1.033,1.268,2.04,17.1,0.399,18.96,115.0,-21.7,14852767,50,45,5
grid,22.5,25.2,-24.34,1.035,1.266,2.032,17.3,0.406,19.16,116.3,-22.0,15710790,50,50,0
grid,22.5,23.04,-22.05,1.045,1.264,2.077,15.8,0.349,17.83,110.6,-19.5,10607878,55,0,45
grid,22.5,23.35,-22.29,1.048,1.265,2.073,16.0,0.356,18.04,111.9,-19.8,11243088,55,5,40
grid,22.5,23.67,-22.53,1.051,1.266,2.067,16.2,0.364,18.24,113.2,-20.0,11913031,55,10,35
grid,22.5,23.99,-22.77,1.053,1.266,2.061,16.4,0.372,18.44,114.5,-20.3,12619352,55,15,30
grid,22.5,24.3,-23.02,1.056,1.266,2.055,16.7,0.38,18.64,115.8,-20.6,13363814,55,20,25
grid,22.5,24.62,-23.26,1.058,1.266,2.047,16.9,0.388,18.84,117.1,-20.8,14148199,55,25,20
grid,22.5,24.93,-23.51,1.061,1.265,2.04,17.1,0.396,19.04,118.5,-21.1,14974375,55,30,15
grid,22.5,25.25,-23.75,1.063,1.264,2.033,17.4,0.403,19.24,119.8,-21.3,15844335,55,35,10
grid,22.5,25.56,-24.0,1.065,1.263,2.027,17.6,0.411,19.44,121.1,-21.6,16760106,55,40,5
grid,22.5,25.87,-24.24,1.067,1.262,2.019,17.9,0.419,19.64,122.5,-21.8,17723784,55,45,0
grid,22.5,24.02,-22.2,1.082,1.259,2.053,16.6,0.369,18.52,117.9,-19.7,12696135,60,0,40
grid,22.5,24.34,-22.44,1.085,1.26,2.049,16.8,0.377,18.72,119.3,-19.9,13449243,60,5,35
grid,22.5,24.66,-22.68,1.087,1.26,2.043,17.0,0.385,18.92,120.6,-20.2,14243042,60,10,30
grid,22.5,24.97,-22.92,1.089,1.26,2.037,17.2,0.393,19.12,122.0,-20.4,15079436,60,15,25
grid,22.5,25.29,-23.16,1.092,1.26,2.031,17.5,0.4,19.33,123.3,-20.7,15960434,60,20,20
grid,22.5,25.6,-23.41,1.094,1.26,2.023,17.7,0.408,19.53,124.7,-21.0,16888117,60,25,15
grid,22.5,25.92,-23.65,1.096,1.259,2.017,18.0,0.416,19.73,126.0,-21.2,17864692,60,30,10
grid,22.5,26.23,-23.9,1.098,1.258,2.011,18.2,0.424,19.93,127.4,-21.5,18892405,60,35,5
grid,22.5,26.54,-24.14,1.1,1.257,2.004,18.5,0.432,20.13,128.8,-21.7,19973587,60,40,0
grid,22.5,25.01,-22.35,1.119,1.253,2.029,17.4,0.39,19.21,125.5,-19.8,15167444,65,0,35
grid,22.5,25.32,-22.59,1.121,1.254,2.024,17.6,0.397,19.41,126.9,-20.1,16058580,65,5,30
grid,22.5,25.64,-22.83,1.123,1.254,2.018,17.8,0.405,19.61,128.2,-20.3,16997287,65,10,25
grid,22.5,25.96,-23.07,1.125,1.254,2.013,18.1,0.413,19.81,129.6,-20.6,17985754,65,15,20
grid,22.5,26.27,-23.31,1.127,1.254,2.007,18.3,0.421,20.01,131.0,-20.8,19026315,65,20,15
grid,22.5,26.59,-23.55,1.129,1.253,2.001,18.5,0.429,20.21,132.4,-21.1,20121401,65,25,10
grid,22.5,26.9,-23.8,1.13,1.253,1.995,18.8,0.437,20.41,133.8,-21.4,21273505,65,30,5
grid,22.5,27.21,-24.04,1.132,1.252,1.989,19.0,0.444,20.62,135.2,-21.6,22485217,65,35,0
grid,22.5,25.99,-22.5,1.155,1.247,2.005,18.2,0.41,19.89,133.2,-19.9,18086372,70,0,30
grid,22.5,26.3,-22.75,1.157,1.248,2.0,18.4,0.418,20.1,134.7,-20.2,19138766,70,5,25
grid,22.5,26.62,-22.99,1.158,1.248,1.995,18.7,0.426,20.3,136.1,-20.5,20246654,70,10,20
grid,22.5,26.94,-23.23,1.16,1.248,1.99,18.9,0.434,20.5,137.5,-20.7,21412589,70,15,15
grid,22.5,27.25,-23.47,1.161,1.248,1.985,19.1,0.441,20.7,138.9,-21.0,22639259,70,20,10
grid,22.5,27.57,-23.7,1.163,1.247,1.979,19.4,0.449,20.9,140.4,-21.2,23929431,70,25,5
grid,22.5,27.88,-23.94,1.164,1.246,1.973,19.6,0.457,21.1,141.8,-21.5,25285973,70,30,0
grid,22.5,26.97,-22.66,1.19,1.241,1.982,19.0,0.431,20.58,141.2,-20.1,21527267,75,0,25
grid,22.5,27.28,-22.9,1.192,1.242,1.978,19.3,0.438,20.78,142.6,-20.4,22767669,75,5,20
grid,22.5,27.6,-23.14,1.193,1.242,1.973,19.5,0.446,20.98,144.1,-20.6,24072700,75,10,15
grid,22.5,27.91,-23.4,1.193,1.242,1.968,19.7,0.454,21.19,145.6,-20.9,25445304,75,15,10
grid,22.5,28.23,-23.67,1.193,1.241,1.963,20.0,0.462,21.39,147.0,-21.1,26888546,75,20,5
grid,22.5,28.54,-23.94,1.192,1.241,1.957,20.2,0.47,21.59,148.5,-21.4,28405603,75,25,0
grid,22.5,27.94,-23.41,1.194,1.235,1.96,19.9,0.451,21.27,149.3,-20.2,25575546,80,0,20
grid,22.5,28.26,-23.64,1.195,1.236,1.956,20.1,0.459,21.47,150.8,-20.5,27034704,80,5,15
grid,22.5,28.57,-23.88,1.197,1.236,1.951,20.4,0.467,21.67,152.3,-20.8,28568971,80,10,10
grid,22.5,28.89,-24.11,1.198,1.235,1.947,20.6,0.475,21.87,153.8,-21.0,30181724,80,15,5
grid,22.5,29.2,-24.35,1.199,1.235,1.942,20.8,0.482,22.08,155.3,-21.3,31876473,80,20,0
grid,22.5,28.92,-24.25,1.192,1.229,1.938,20.7,0.472,21.96,157.7,-20.4,30329107,85,0,15
grid,22.5,29.23,-24.49,1.194,1.23,1.934,21.0,0.479,22.16,159.2,-20.6,32042262,85,5,10
grid,22.5,29.55,-24.72,1.195,1.23,1.931,21.2,0.487,22.36,160.8,-20.9,33842515,85,10,5
grid,22.5,29.86,-24.96,1.196,1.229,1.926,21.5,0.495,22.56,162.3,-21.2,35733743,85,15,0
grid,22.5,29.89,-25.1,1.191,1.224,1.918,21.6,0.492,22.65,166.3,-20.5,35899887,90,0,10
grid,22.5,30.2,-25.33,1.192,1.224,1.915,21.8,0.5,22.85,167.8,-20.8,37907329,90,5,5
grid,22.5,30.51,-25.57,1.194,1.224,1.911,22.1,0.508,23.05,169.4,-21.0,40015557,90,10,0
grid,22.5,30.85,-25.94,1.189,1.218,1.899,22.5,0.513,23.34,175.0,-20.7,42415567,95,0,5
grid,22.5,31.17,-26.17,1.191,1.218,1.895,22.7,0.52,23.54,176.6,-20.9,44763229,95,5,0
grid,22.5,31.81,-26.78,1.188,1.212,1.881,23.3,0.533,24.03,184.0,-20.8,50021436,100,0,0
