Strategy,Years,CAGR_%,Max_DD_%,Calmar,Sharpe,Sortino,Vol_%,Beta,Alpha_%,Best_Year_%,Worst_Year_%,Final_$,w_Sys_E_Original,w_R7_Full_Kelly,w_Platinum
grid,18.5,13.95,-26.05,0.536,0.835,1.055,14.5,0.468,8.36,43.0,-24.0,1117232,0,0,100
grid,18.5,13.83,-25.7,0.538,0.855,1.087,13.9,0.449,8.39,41.2,-23.6,1094151,0,5,95
grid,18.5,13.69,-25.36,0.54,0.876,1.121,13.4,0.431,8.42,39.5,-23.3,1070633,0,10,90
grid,18.5,13.55,-25.02,0.542,0.898,1.158,12.8,0.412,8.45,37.8,-23.0,1046727,0,15,85
grid,18.5,13.41,-24.68,0.543,0.921,1.196,12.3,0.394,8.48,36.1,-22.7,1022484,0,20,80
grid,18.5,13.26,-24.35,0.545,0.944,1.238,11.8,0.376,8.52,34.4,-22.4,997954,0,25,75
grid,18.5,13.11,-24.01,0.546,0.968,1.285,11.3,0.357,8.55,32.7,-22.1,973186,0,30,70
grid,18.5,12.95,-23.68,0.547,0.991,1.333,10.8,0.339,8.58,31.0,-21.8,948228,0,35,65
grid,18.5,12.78,-23.35,0.548,1.015,1.385,10.4,0.32,8.62,29.4,-21.5,923129,0,40,60
grid,18.5,12.62,-23.02,0.548,1.037,1.441,10.0,0.302,8.65,27.8,-21.2,897935,0,45,55
grid,18.5,12.44,-22.69,0.548,1.058,1.497,9.6,0.284,8.68,26.4,-20.9,872692,0,50,50
grid,18.5,12.26,-22.36,0.548,1.076,1.55,9.3,0.265,8.72,27.9,-20.6,847443,0,55,45
grid,18.5,12.08,-22.07,0.547,1.09,1.601,9.0,0.247,8.75,29.5,-20.3,822232,0,60,40
grid,18.5,11.89,-21.8,0.546,1.1,1.645,8.7,0.228,8.79,31.0,-20.0,797101,0,65,35
grid,18.5,11.7,-21.57,0.542,1.104,1.679,8.5,0.21,8.83,32.6,-19.7,772088,0,70,30
grid,18.5,11.5,-21.39,0.538,1.1,1.696,8.4,0.192,8.86,34.1,-19.4,747234,0,75,25
grid,18.5,11.3,-21.2,0.533,1.09,1.697,8.3,0.173,8.9,35.7,-19.1,722573,0,80,20
grid,18.5,11.09,-21.02,0.528,1.071,1.681,8.2,0.155,8.93,37.2,-18.8,698142,0,85,15
grid,18.5,10.88,-20.83,0.522,1.045,1.658,8.3,0.136,8.97,38.8,-18.5,673972,0,90,10
grid,18.5,10.66,-20.74,0.514,1.012,1.621,8.4,0.118,9.01,40.3,-18.2,650096,0,95,5
grid,18.5,10.44,-20.73,0.504,0.973,1.576,8.5,0.1,9.05,41.9,-17.9,626542,0,100,0
grid,18.5,14.79,-25.76,0.574,0.884,1.128,14.5,0.47,9.07,42.5,-23.8,1278244,5,0,95
grid,18.5,14.66,-25.42,0.577,0.905,1.163,14.0,0.451,9.1,40.8,-23.5,1251509,5,5,90
grid,18.5,14.52,-25.08,0.579,0.926,1.201,13.4,0.433,9.13,39.0,-23.2,1224190,5,10,85
grid,18.5,14.38,-24.74,0.581,0.949,1.241,12.9,0.414,9.16,37.3,-22.8,1196414,5,15,80
grid,18.5,14.23,-24.41,0.583,0.972,1.283,12.4,0.396,9.19,35.6,-22.5,1168257,5,20,75
grid,18.5,14.08,-24.07,0.585,0.995,1.328,11.9,0.378,9.23,33.9,-22.2,1139788,5,25,70
grid,18.5,13.92,-23.74,0.586,1.018,1.378,11.5,0.359,9.26,32.3,-21.9,1111066,5,30,65
grid,18.5,13.76,-23.4,0.588,1.041,1.432,11.0,0.341,9.29,30.6,-21.6,1082148,5,35,60
grid,18.5,13.59,-23.07,0.589,1.063,1.49,10.6,0.322,9.33,29.5,-21.3,1053091,5,40,55
grid,18.5,13.42,-22.74,0.59,1.084,1.546,10.2,0.304,9.36,31.1,-21.0,1023946,5,45,50
grid,18.5,13.24,-22.42,0.591,1.102,1.602,9.9,0.286,9.4,32.7,-20.7,994768,5,50,45
grid,18.5,13.06,-22.13,0.59,1.117,1.655,9.6,0.267,9.43,34.3,-20.4,965605,5,55,40
grid,18.5,12.87,-21.9,0.588,1.128,1.704,9.3,0.249,9.47,36.0,-20.1,936507,5,60,35
grid,18.5,12.68,-21.71,0.584,1.134,1.742,9.1,0.23,9.5,37.6,-19.8,907521,5,65,30
grid,18.5,12.48,-21.52,0.58,1.133,1.765,8.9,0.212,9.54,39.2,-19.5,878692,5,70,25
grid,18.5,12.28,-21.34,0.576,1.127,1.771,8.8,0.194,9.57,40.8,-19.2,850062,5,75,20
grid,18.5,12.08,-21.15,0.571,1.113,1.769,8.8,0.175,9.61,42.4,-18.9,821671,5,80,15
grid,18.5,11.86,-20.97,0.566,1.091,1.756,8.8,0.157,9.65,44.0,-18.6,793557,5,85,10
grid,18.5,11.65,-20.79,0.56,1.064,1.724,8.8,0.138,9.68,45.6,-18.4,765741,5,90,5
grid,18.5,11.43,-20.68,0.553,1.03,1.68,8.9,0.12,9.72,47.2,-18.1,738229,5,95,0
grid,18.5,15.62,-25.48,0.613,0.928,1.199,14.6,0.472,9.77,42.0,-23.6,1460138,10,0,90
grid,18.5,15.48,-25.14,0.616,0.95,1.237,14.1,0.453,9.81,40.3,-23.3,1429081,10,5,85
grid,18.5,15.34,-24.8,0.619,0.971,1.277,13.6,0.435,9.84,38.6,-23.0,1397400,10,10,80
grid,18.5,15.2,-24.47,0.621,0.994,1.319,13.1,0.416,9.87,36.9,-22.7,1365204,10,15,75
grid,18.5,15.05,-24.13,0.624,1.016,1.366,12.6,0.398,9.9,35.2,-22.4,1332584,10,20,70
grid,18.5,14.89,-23.8,0.626,1.039,1.417,12.1,0.38,9.94,33.5,-22.1,1299622,10,25,65
grid,18.5,14.73,-23.46,0.628,1.061,1.469,11.7,0.361,9.97,32.6,-21.8,1266386,10,30,60
grid,18.5,14.56,-23.13,0.63,1.082,1.525,11.3,0.343,10.0,34.3,-21.5,1232946,10,35,55
grid,18.5,14.39,-22.8,0.631,1.102,1.582,10.9,0.324,10.04,36.0,-21.2,1199370,10,40,50
grid,18.5,14.22,-22.48,0.633,1.12,1.639,10.6,0.306,10.07,37.7,-20.9,1165716,10,45,45
grid,18.5,14.04,-22.23,0.631,1.135,1.693,10.3,0.288,10.11,39.3,-20.6,1132047,10,50,40
grid,18.5,13.85,-22.04,0.628,1.146,1.742,10.0,0.269,10.14,41.0,-20.3,1098420,10,55,35
grid,18.5,13.66,-21.85,0.625,1.153,1.781,9.8,0.251,10.18,42.7,-20.0,1064891,10,60,30
grid,18.5,13.46,-21.66,0.622,1.155,1.81,9.6,0.232,10.21,44.4,-19.7,1031512,10,65,25
grid,18.5,13.26,-21.48,0.618,1.151,1.828,9.4,0.214,10.25,46.1,-19.4,998332,10,70,20
grid,18.5,13.06,-21.29,0.613,1.141,1.832,9.4,0.196,10.29,47.7,-19.1,965395,10,75,15
grid,18.5,12.85,-21.11,0.609,1.124,1.822,9.3,0.177,10.32,49.4,-18.8,932740,10,80,10
grid,18.5,12.63,-20.93,0.604,1.102,1.806,9.4,0.159,10.36,51.1,-18.5,900407,10,85,5
grid,18.5,12.41,-20.77,0.598,1.073,1.766,9.4,0.14,10.39,52.8,-18.2,868411,10,90,0
grid,18.5,16.44,-25.21,0.652,0.969,1.267,14.7,0.474,10.48,41.6,-23.4,1665272,15,0,85
grid,18.5,16.31,-24.87,0.656,0.99,1.307,14.2,0.455,10.52,39.8,-23.1,1629233,15,5,80
grid,18.5,16.16,-24.53,0.659,1.011,1.35,13.7,0.437,10.55,38.1,-22.8,1592526,15,10,75
grid,18.5,16.01,-24.19,0.662,1.032,1.396,13.3,0.418,10.58,36.4,-22.5,1555261,15,15,70
grid,18.5,15.86,-23.86,0.665,1.054,1.445,12.8,0.4,10.61,35.7,-22.2,1517535,15,20,65
grid,18.5,15.7,-23.52,0.667,1.075,1.497,12.4,0.382,10.65,37.5,-21.9,1479435,15,25,60
grid,18.5,15.54,-23.19,0.67,1.095,1.551,12.0,0.363,10.68,39.2,-21.6,1441048,15,30,55
grid,18.5,15.37,-22.86,0.672,1.114,1.606,11.6,0.345,10.71,41.0,-21.3,1402455,15,35,50
grid,18.5,15.19,-22.56,0.673,1.131,1.662,11.3,0.326,10.75,42.7,-21.0,1363728,15,40,45
grid,18.5,15.01,-22.37,0.671,1.145,1.716,11.0,0.308,10.78,44.5,-20.7,1324940,15,45,40
grid,18.5,14.83,-22.18,0.669,1.157,1.767,10.7,0.289,10.82,46.2,-20.4,1286158,15,50,35
grid,18.5,14.64,-21.99,0.666,1.165,1.808,10.5,0.271,10.85,48.0,-20.1,1247449,15,55,30
grid,18.5,14.44,-21.8,0.662,1.168,1.842,10.3,0.253,10.89,49.7,-19.8,1208874,15,60,25
grid,18.5,14.24,-21.61,0.659,1.167,1.862,10.1,0.234,10.92,51.5,-19.5,1170490,15,65,20
grid,18.5,14.04,-21.43,0.655,1.159,1.872,10.0,0.216,10.96,53.2,-19.2,1132352,15,70,15
grid,18.5,13.83,-21.25,0.651,1.147,1.875,10.0,0.197,11.0,55.0,-18.9,1094513,15,75,10
grid,18.5,13.61,-21.07,0.646,1.128,1.859,10.0,0.179,11.03,56.7,-18.6,1057017,15,80,5
grid,18.5,13.39,-20.89,0.641,1.104,1.835,10.0,0.161,11.07,58.5,-18.4,1019889,15,85,0
grid,18.5,17.27,-24.93,0.693,1.004,1.333,15.0,0.475,11.19,41.1,-23.2,1896222,20,0,80
grid,18.5,17.12,-24.59,0.696,1.024,1.375,14.5,0.457,11.23,39.4,-22.9,1854468,20,5,75
grid,18.5,16.98,-24.26,0.7,1.045,1.42,14.0,0.439,11.26,38.8,-22.6,1811998,20,10,70
grid,18.5,16.82,-23.92,0.703,1.065,1.467,13.6,0.42,11.29,40.6,-22.3,1768929,20,15,65
grid,18.5,16.67,-23.59,0.707,1.085,1.517,13.1,0.402,11.32,42.5,-22.0,1725363,20,20,60
grid,18.5,16.5,-23.26,0.71,1.103,1.569,12.7,0.383,11.36,44.3,-21.7,1681404,20,25,55
grid,18.5,16.34,-22.94,0.712,1.121,1.622,12.4,0.365,11.39,46.1,-21.4,1637145,20,30,50
grid,18.5,16.16,-22.7,0.712,1.137,1.675,12.0,0.347,11.43,47.9,-21.1,1592677,20,35,45
grid,18.5,15.98,-22.51,0.71,1.152,1.728,11.7,0.328,11.46,49.7,-20.8,1548087,20,40,40
grid,18.5,15.8,-22.32,0.708,1.163,1.776,11.4,0.31,11.49,51.6,-20.5,1503455,20,45,35
grid,18.5,15.61,-22.13,0.706,1.171,1.819,11.2,0.291,11.53,53.4,-20.2,1458859,20,50,30
grid,18.5,15.42,-21.94,0.703,1.175,1.855,11.0,0.273,11.56,55.2,-19.9,1414366,20,55,25
grid,18.5,15.22,-21.75,0.7,1.175,1.881,10.8,0.255,11.6,57.1,-19.7,1370056,20,60,20
grid,18.5,15.02,-21.57,0.696,1.17,1.892,10.7,0.236,11.64,58.9,-19.4,1325992,20,65,15
grid,18.5,14.81,-21.39,0.692,1.161,1.904,10.6,0.218,11.67,60.7,-19.1,1282236,20,70,10
grid,18.5,14.59,-21.21,0.688,1.146,1.899,10.6,0.199,11.71,62.6,-18.8,1238841,20,75,5
grid,18.5,14.38,-21.03,0.684,1.126,1.878,10.6,0.181,11.74,64.4,-18.5,1195844,20,80,0
grid,18.5,18.08,-24.66,0.733,1.035,1.397,15.2,0.477,11.9,41.9,-23.1,2155795,25,0,75
grid,18.5,17.94,-24.32,0.738,1.054,1.439,14.8,0.459,11.94,43.8,-22.8,2107503,25,5,70
grid,18.5,17.79,-23.99,0.742,1.073,1.485,14.3,0.441,11.97,45.7,-22.5,2058447,25,10,65
grid,18.5,17.63,-23.65,0.745,1.091,1.532,13.9,0.422,12.0,47.6,-22.2,2008746,25,15,60
grid,18.5,17.47,-23.32,0.749,1.109,1.582,13.5,0.404,12.04,49.5,-21.9,1958519,25,20,55
grid,18.5,17.3,-23.08,0.75,1.126,1.632,13.1,0.385,12.07,51.4,-21.6,1907879,25,25,50
grid,18.5,17.13,-22.84,0.75,1.141,1.682,12.8,0.367,12.1,53.3,-21.3,1856935,25,30,45
grid,18.5,16.96,-22.65,0.749,1.154,1.732,12.5,0.349,12.14,55.2,-21.0,1805784,25,35,40
grid,18.5,16.77,-22.46,0.747,1.165,1.777,12.2,0.33,12.17,57.1,-20.7,1754524,25,40,35
grid,18.5,16.59,-22.27,0.745,1.173,1.819,12.0,0.312,12.21,59.0,-20.4,1703246,25,45,30
grid,18.5,16.39,-22.08,0.742,1.178,1.856,11.7,0.293,12.24,60.9,-20.1,1652045,25,50,25
grid,18.5,16.2,-21.89,0.74,1.179,1.885,11.6,0.275,12.28,62.8,-19.8,1601001,25,55,20
grid,18.5,15.99,-21.71,0.737,1.176,1.901,11.4,0.257,12.31,64.7,-19.5,1550196,25,60,15
grid,18.5,15.79,-21.53,0.733,1.169,1.915,11.3,0.238,12.35,66.6,-19.2,1499699,25,65,10
grid,18.5,15.57,-21.35,0.729,1.157,1.921,11.3,0.22,12.38,68.5,-18.9,1449579,25,70,5
grid,18.5,15.35,-21.17,0.725,1.141,1.905,11.3,0.201,12.42,70.4,-18.6,1399881,25,75,0
grid,18.5,18.89,-24.39,0.775,1.061,1.454,15.5,0.479,12.61,48.9,-22.9,2447040,30,0,70
grid,18.5,18.75,-24.05,0.779,1.078,1.497,15.1,0.461,12.65,50.9,-22.6,2391288,30,5,65
grid,18.5,18.59,-23.72,0.784,1.096,1.542,14.7,0.443,12.68,52.8,-22.3,2334720,30,10,60
grid,18.5,18.43,-23.46,0.786,1.112,1.588,14.3,0.424,12.71,54.8,-22.0,2277461,30,15,55
grid,18.5,18.27,-23.22,0.787,1.128,1.635,13.9,0.406,12.75,56.8,-21.7,2219648,30,20,50
grid,18.5,18.1,-22.98,0.787,1.142,1.683,13.6,0.387,12.78,58.8,-21.4,2161405,30,25,45
grid,18.5,17.92,-22.79,0.787,1.154,1.73,13.3,0.369,12.81,60.8,-21.1,2102855,30,30,40
grid,18.5,17.74,-22.6,0.785,1.165,1.774,13.0,0.351,12.85,62.7,-20.8,2044112,30,35,35
grid,18.5,17.56,-22.41,0.783,1.173,1.815,12.7,0.332,12.88,64.7,-20.5,1985287,30,40,30
grid,18.5,17.37,-22.22,0.782,1.178,1.852,12.5,0.314,12.92,66.7,-20.2,1926482,30,45,25
grid,18.5,17.17,-22.04,0.779,1.18,1.881,12.3,0.295,12.95,68.7,-19.9,1867800,30,50,20
grid,18.5,16.97,-21.85,0.777,1.178,1.899,12.2,0.277,12.99,70.7,-19.6,1809340,30,55,15
grid,18.5,16.76,-21.67,0.774,1.173,1.916,12.1,0.259,13.02,72.7,-19.4,1751180,30,60,10
grid,18.5,16.55,-21.49,0.77,1.164,1.923,12.0,0.24,13.06,74.7,-19.1,1693406,30,65,5
grid,18.5,16.33,-21.31,0.766,1.15,1.918,12.0,0.222,13.1,76.7,-18.8,1636073,30,70,0
grid,18.5,19.7,-24.12,0.817,1.082,1.505,15.9,0.481,13.32,56.2,-22.7,2773267,35,0,65
grid,18.5,19.55,-23.85,0.82,1.098,1.548,15.5,0.463,13.36,58.2,-22.4,2709017,35,5,60
grid,18.5,19.39,-23.6,0.822,1.114,1.591,15.1,0.445,13.39,60.3,-22.1,2643897,35,10,55
grid,18.5,19.23,-23.36,0.823,1.128,1.635,14.8,0.426,13.42,62.4,-21.8,2578040,35,15,50
grid,18.5,19.06,-23.12,0.824,1.141,1.681,14.4,0.408,13.46,64.4,-21.5,2511600,35,20,45
grid,18.5,18.89,-22.93,0.824,1.153,1.725,14.1,0.389,13.49,66.5,-21.3,2444726,35,25,40
grid,18.5,18.71,-22.74,0.823,1.163,1.766,13.8,0.371,13.53,68.6,-21.0,2377553,35,30,35
grid,18.5,18.53,-22.55,0.822,1.171,1.806,13.6,0.353,13.56,70.6,-20.7,2310207,35,35,30
grid,18.5,18.34,-22.36,0.82,1.176,1.843,13.3,0.334,13.6,72.7,-20.4,2242812,35,40,25
grid,18.5,18.14,-22.18,0.818,1.178,1.872,13.2,0.316,13.63,74.8,-20.1,2175490,35,45,20
grid,18.5,17.94,-21.99,0.816,1.178,1.894,13.0,0.297,13.67,76.9,-19.8,2108354,35,50,15
grid,18.5,17.73,-21.81,0.813,1.174,1.913,12.9,0.279,13.7,78.9,-19.5,2041502,35,55,10
grid,18.5,17.52,-21.63,0.81,1.167,1.927,12.8,0.26,13.74,81.0,-19.2,1975033,35,60,5
grid,18.5,17.31,-21.46,0.807,1.156,1.927,12.8,0.242,13.77,83.1,-18.9,1909019,35,65,0
grid,18.5,20.51,-23.99,0.855,1.099,1.55,16.3,0.483,14.03,63.8,-22.6,3138055,40,0,60
grid,18.5,20.35,-23.74,0.857,1.114,1.591,16.0,0.465,14.07,65.9,-22.3,3064144,40,5,55
grid,18.5,20.19,-23.5,0.859,1.127,1.633,15.6,0.446,14.1,68.1,-22.0,2989303,40,10,50
grid,18.5,20.02,-23.27,0.861,1.14,1.675,15.3,0.428,14.14,70.2,-21.7,2913687,40,15,45
grid,18.5,19.85,-23.07,0.86,1.151,1.717,14.9,0.41,14.17,72.4,-21.4,2837469,40,20,40
grid,18.5,19.67,-22.88,0.86,1.16,1.756,14.7,0.391,14.2,74.5,-21.1,2760816,40,25,35
grid,18.5,19.49,-22.69,0.859,1.167,1.794,14.4,0.373,14.24,76.7,-20.8,2683876,40,30,30
grid,18.5,19.3,-22.51,0.858,1.173,1.828,14.2,0.354,14.27,78.9,-20.5,2606797,40,35,25
grid,18.5,19.11,-22.32,0.856,1.176,1.858,14.0,0.336,14.31,81.0,-20.2,2529717,40,40,20
grid,18.5,18.91,-22.14,0.854,1.176,1.884,13.8,0.318,14.34,83.2,-19.9,2452771,40,45,15
grid,18.5,18.71,-21.95,0.852,1.173,1.904,13.7,0.299,14.38,85.4,-19.6,2376081,40,50,10
grid,18.5,18.5,-21.77,0.849,1.167,1.918,13.6,0.281,14.41,87.5,-19.4,2299758,40,55,5
grid,18.5,18.28,-21.6,0.846,1.158,1.926,13.5,0.262,14.45,89.7,-19.1,2223892,40,60,0
grid,18.5,21.3,-23.89,0.892,1.113,1.589,16.8,0.485,14.75,71.7,-22.4,3545267,45,0,55
grid,18.5,21.15,-23.65,0.894,1.125,1.628,16.4,0.467,14.78,74.0,-22.1,3460392,45,5,50
grid,18.5,20.98,-23.41,0.896,1.137,1.668,16.1,0.448,14.81,76.2,-21.8,3374533,45,10,45
grid,18.5,20.81,-23.22,0.896,1.147,1.707,15.8,0.43,14.85,78.4,-21.5,3287864,45,15,40
grid,18.5,20.64,-23.02,0.896,1.156,1.743,15.5,0.412,14.88,80.7,-21.2,3200574,45,20,35
grid,18.5,20.45,-22.84,0.896,1.163,1.779,15.2,0.393,14.92,82.9,-20.9,3112858,45,25,30
grid,18.5,20.27,-22.65,0.895,1.169,1.813,15.0,0.375,14.95,85.2,-20.7,3024885,45,30,25
grid,18.5,20.07,-22.46,0.894,1.172,1.841,14.8,0.356,14.99,87.5,-20.4,2936813,45,35,20
grid,18.5,19.88,-22.28,0.892,1.172,1.868,14.6,0.338,15.02,89.7,-20.1,2848799,45,40,15
grid,18.5,19.67,-22.1,0.89,1.171,1.89,14.5,0.32,15.06,92.0,-19.8,2760997,45,45,10
grid,18.5,19.47,-21.92,0.888,1.166,1.907,14.4,0.301,15.09,94.2,-19.5,2673529,45,50,5
grid,18.5,19.25,-21.75,0.885,1.159,1.917,14.3,0.283,15.13,96.5,-19.2,2586508,45,55,0
grid,18.5,22.1,-23.79,0.929,1.123,1.622,17.3,0.487,15.46,80.0,-22.3,3999062,50,0,50
grid,18.5,21.94,-23.55,0.931,1.134,1.659,17.0,0.469,15.49,82.3,-22.0,3901774,50,5,45
grid,18.5,21.77,-23.36,0.932,1.144,1.695,16.7,0.45,15.53,84.7,-21.7,3803445,50,10,40
grid,18.5,21.59,-23.17,0.932,1.152,1.73,16.4,0.432,15.56,87.0,-21.4,3704274,50,15,35
grid,18.5,21.41,-22.98,0.932,1.159,1.763,16.1,0.414,15.59,89.3,-21.1,3604480,50,20,30
grid,18.5,21.23,-22.79,0.931,1.164,1.794,15.9,0.395,15.63,91.7,-20.8,3504277,50,25,25
grid,18.5,21.04,-22.61,0.931,1.167,1.823,15.7,0.377,15.66,94.0,-20.5,3403850,50,30,20
grid,18.5,20.84,-22.42,0.929,1.168,1.85,15.5,0.358,15.7,96.4,-20.2,3303381,50,35,15
grid,18.5,20.64,-22.24,0.928,1.167,1.874,15.3,0.34,15.73,98.7,-19.9,3203053,50,40,10
grid,18.5,20.43,-22.06,0.926,1.164,1.894,15.2,0.322,15.77,101.1,-19.6,3103008,50,45,5
grid,18.5,20.22,-21.89,0.924,1.158,1.903,15.1,0.303,15.8,103.4,-19.4,3003382,50,50,0
grid,18.5,22.89,-23.7,0.966,1.131,1.649,17.8,0.489,16.17,88.6,-22.1,4503905,55,0,45
grid,18.5,22.72,-23.5,0.967,1.14,1.683,17.5,0.471,16.2,91.0,-21.8,4392587,55,5,40
grid,18.5,22.55,-23.31,0.967,1.147,1.716,17.2,0.452,16.24,93.5,-21.5,4280175,55,10,35
grid,18.5,22.37,-23.12,0.967,1.154,1.747,17.0,0.434,16.27,95.9,-21.2,4166893,55,15,30
grid,18.5,22.19,-22.94,0.967,1.159,1.776,16.7,0.416,16.31,98.4,-20.9,4053001,55,20,25
grid,18.5,22.0,-22.75,0.967,1.162,1.805,16.5,0.397,16.34,100.8,-20.6,3938719,55,25,20
grid,18.5,21.8,-22.57,0.966,1.164,1.833,16.3,0.379,16.38,103.3,-20.4,3824265,55,30,15
grid,18.5,21.6,-22.39,0.965,1.163,1.856,16.2,0.36,16.41,105.7,-20.1,3709850,55,35,10
grid,18.5,21.4,-22.21,0.964,1.16,1.875,16.1,0.342,16.45,108.1,-19.8,3595644,55,40,5
grid,18.5,21.19,-22.05,0.961,1.156,1.887,16.0,0.324,16.48,110.6,-19.5,3481805,55,45,0
grid,18.5,23.67,-23.65,1.001,1.135,1.671,18.4,0.491,16.88,97.6,-21.9,5064579,60,0,40
grid,18.5,23.5,-23.46,1.002,1.143,1.702,18.1,0.473,16.92,100.1,-21.7,4937437,60,5,35
grid,18.5,23.32,-23.27,1.002,1.149,1.731,17.9,0.454,16.95,102.7,-21.4,4809146,60,10,30
grid,18.5,23.14,-23.08,1.003,1.154,1.759,17.6,0.436,16.99,105.2,-21.1,4679969,60,15,25
grid,18.5,22.95,-22.9,1.002,1.157,1.787,17.4,0.417,17.02,107.7,-20.8,4550198,60,20,20
grid,18.5,22.76,-22.72,1.002,1.159,1.814,17.2,0.399,17.06,110.3,-20.5,4420078,60,25,15
grid,18.5,22.56,-22.53,1.001,1.159,1.837,17.0,0.381,17.09,112.8,-20.2,4289855,60,30,10
grid,18.5,22.36,-22.35,1.0,1.157,1.858,16.9,0.362,17.13,115.4,-19.9,4159740,60,35,5
grid,18.5,22.15,-22.2,0.998,1.153,1.87,16.8,0.344,17.16,117.9,-19.7,4029912,60,40,0
grid,18.5,24.45,-23.6,1.036,1.138,1.688,19.0,0.493,17.6,106.9,-21.8,5686196,65,0,35
grid,18.5,24.27,-23.42,1.037,1.144,1.715,18.7,0.475,17.63,109.6,-21.5,5541237,65,5,30
grid,18.5,24.09,-23.23,1.037,1.149,1.742,18.5,0.456,17.67,112.2,-21.2,5395071,65,10,25
grid,18.5,23.91,-23.04,1.037,1.152,1.77,18.3,0.438,17.7,114.9,-20.9,5248021,65,15,20
grid,18.5,23.72,-22.86,1.037,1.154,1.795,18.1,0.419,17.74,117.5,-20.6,5100404,65,20,15
grid,18.5,23.52,-22.68,1.037,1.154,1.818,17.9,0.401,17.77,120.2,-20.4,4952487,65,25,10
grid,18.5,23.32,-22.5,1.036,1.153,1.839,17.8,0.383,17.8,122.8,-20.1,4804541,65,30,5
grid,18.5,23.11,-22.35,1.034,1.15,1.853,17.7,0.364,17.84,125.5,-19.8,4656763,65,35,0
grid,18.5,25.22,-23.56,1.07,1.139,1.7,19.6,0.495,18.31,116.7,-21.7,6374197,70,0,30
grid,18.5,25.04,-23.38,1.071,1.144,1.726,19.4,0.477,18.35,119.4,-21.4,6209212,70,5,25
grid,18.5,24.86,-23.19,1.072,1.147,1.752,19.2,0.458,18.38,122.2,-21.1,6042966,70,10,20
grid,18.5,24.67,-23.01,1.072,1.149,1.777,19.0,0.44,18.41,124.9,-20.8,5875851,70,15,15
grid,18.5,24.47,-22.83,1.072,1.15,1.8,18.8,0.421,18.45,127.7,-20.5,5708194,70,20,10
grid,18.5,24.27,-22.65,1.071,1.149,1.82,18.7,0.403,18.48,130.5,-20.2,5540307,70,25,5
grid,18.5,24.06,-22.5,1.069,1.146,1.835,18.5,0.385,18.52,133.2,-19.9,5372423,70,30,0
grid,18.5,25.98,-23.52,1.105,1.139,1.711,20.3,0.497,19.03,126.8,-21.5,7134369,75,0,25
grid,18.5,25.8,-23.34,1.106,1.142,1.736,20.1,0.479,19.06,129.7,-21.2,6946913,75,5,20
grid,18.5,25.62,-23.16,1.106,1.144,1.759,19.9,0.46,19.09,132.6,-20.9,6758149,75,10,15
grid,18.5,25.42,-22.98,1.106,1.145,1.782,19.7,0.442,19.13,135.4,-20.7,6568524,75,15,10
grid,18.5,25.22,-22.81,1.106,1.144,1.801,19.5,0.423,19.16,138.3,-20.4,6378400,75,20,5
grid,18.5,25.02,-22.66,1.104,1.142,1.817,19.4,0.405,19.2,141.2,-20.1,6188050,75,25,0
grid,18.5,26.74,-23.49,1.139,1.137,1.72,21.0,0.499,19.74,137.4,-21.4,7972837,80,0,20
grid,18.5,26.56,-23.31,1.14,1.139,1.743,20.8,0.481,19.78,140.3,-21.1,7760210,80,5,15
grid,18.5,26.37,-23.13,1.14,1.14,1.764,20.6,0.462,19.81,143.3,-20.8,7546222,80,10,10
grid,18.5,26.17,-23.02,1.137,1.14,1.783,20.4,0.444,19.84,146.3,-20.5,7331367,80,15,5
grid,18.5,25.97,-23.41,1.109,1.138,1.799,20.3,0.425,19.88,149.3,-20.2,7115985,80,20,0
grid,18.5,27.5,-23.46,1.172,1.135,1.726,21.7,0.501,20.46,148.3,-21.2,8896076,85,0,15
grid,18.5,27.31,-23.49,1.163,1.136,1.747,21.5,0.482,20.49,151.5,-20.9,8655283,85,5,10
grid,18.5,27.11,-23.87,1.136,1.136,1.767,21.3,0.464,20.53,154.6,-20.7,8413048,85,10,5
grid,18.5,26.91,-24.25,1.11,1.135,1.782,21.2,0.446,20.56,157.7,-20.4,8169844,85,15,0
grid,18.5,28.25,-24.34,1.16,1.131,1.732,22.4,0.503,21.17,159.8,-21.1,9910904,90,0,10
grid,18.5,28.05,-24.72,1.135,1.132,1.75,22.2,0.484,21.21,163.0,-20.8,9638620,90,5,5
grid,18.5,27.85,-25.1,1.11,1.131,1.766,22.1,0.466,21.24,166.3,-20.5,9364615,90,10,0
grid,18.5,28.99,-25.56,1.134,1.128,1.735,23.1,0.505,21.89,171.7,-21.0,11024480,95,0,5
grid,18.5,28.79,-25.94,1.11,1.127,1.75,23.0,0.486,21.92,175.0,-20.7,10716757,95,5,0
grid,18.5,29.72,-26.78,1.11,1.123,1.735,23.9,0.507,22.61,184.0,-20.8,12244297,100,0,0
