,first_valid,last_valid,non_null,rows
sp500,1991-01-03,2026-08-13,1859,1859
gold,2000-08-31,2026-08-13,1355,1859
net_liquidity_t,2003-02-13,2026-08-13,1227,1859
net_liquidity_13w_chg,2003-05-15,2026-08-13,1214,1859
net_liquidity_26w_chg,2003-08-14,2026-08-13,1201,1859
reserve_gdp,2002-12-19,2026-08-13,1235,1859
cp_sofr_bps,2018-04-05,2026-08-13,437,1859
hy_spread,2023-08-17,2026-08-13,157,1859
baa10y_spread,1991-01-03,2026-08-13,1859,1859
credit_spread_for_model,1991-01-03,2026-08-13,1859,1859
credit_spread_source,1991-01-03,2026-08-13,1859,1859
credit_stress,1991-01-03,2026-08-13,1859,1859
vix,1991-01-03,2026-08-13,1859,1859
vix3m,2006-07-20,2026-08-13,1048,1859
vix_term_inverted,1991-01-03,2026-08-13,1859,1859
move,2002-11-14,2026-08-13,1240,1859
dxy,1991-01-03,2026-08-13,1859,1859
tnx_irx_curve,2026-07-23,2026-08-13,4,1859
t2108,1991-01-03,2026-08-13,1859,1859
sp_below_200dma,1991-01-03,2026-08-13,1859,1859
sp_200dma_diff,1991-01-03,2026-08-13,1859,1859
liquidity_score,1991-01-03,2026-08-13,1859,1859
liquidity_divergence,1991-01-03,2026-08-13,1859,1859
d1_market_regime_score,1991-01-03,2026-08-13,1859,1859
d1_bear_prob12,,,0,1859
d1_bull_prob,1991-01-03,2026-08-13,1859,1859
d1_bull_score,1991-01-03,2026-08-13,1859,1859
d1_etf_rotation_warning,1991-01-03,2026-08-13,1859,1859
d1_200ma_state,1991-01-03,2026-08-13,1859,1859
d1_rwra_bearish_count,1991-01-03,2026-08-13,1859,1859
d1_rwra_bull_prob,1991-01-03,2026-08-13,1859,1859
d1_rwra_bear_prob,1991-01-03,2026-08-13,1859,1859
d1_rwra_crisis_prob,1991-01-03,2026-08-13,1859,1859
d1_gex_available,1991-01-03,2026-08-13,1859,1859
d1_market_pulse_available,1991-01-03,2026-08-13,1859,1859
d1_ml_meta_included,1991-01-03,2026-08-13,1859,1859
d2_sp500_overextension_status,1993-12-02,2026-08-13,1707,1859
d2_downward_momentum_status,1993-12-02,2026-08-13,1707,1859
d2_range_breakdown_status,1993-12-02,2026-08-13,1707,1859
d2_technical_deterioration_status,1993-12-02,2026-08-13,1707,1859
d2_breadth_worsening_status,1993-12-02,2026-08-13,1707,1859
d2_vix_spike_status,1993-12-02,2026-08-13,1707,1859
d2_breakout_failure_status,1993-12-02,2026-08-13,1707,1859
d2_theme_momentum_status,1993-12-02,2026-08-13,1707,1859
d2_sp500_overextension_score,1993-12-02,2026-08-13,1707,1859
d2_downward_momentum_score,1993-12-02,2026-08-13,1707,1859
d2_range_breakdown_score,1993-12-02,2026-08-13,1707,1859
d2_technical_deterioration_score,1993-12-02,2026-08-13,1707,1859
d2_breadth_worsening_score,1993-12-02,2026-08-13,1707,1859
d2_vix_spike_score,1993-12-02,2026-08-13,1707,1859
d2_breakout_failure_score,1993-12-02,2026-08-13,1707,1859
d2_theme_momentum_score,1993-12-02,2026-08-13,1707,1859
d2_score,1993-12-02,2026-08-13,1707,1859
d2_warning_count,1993-12-02,2026-08-13,1707,1859
d2_watch_count,1993-12-02,2026-08-13,1707,1859
d2_level,1993-12-02,2026-08-13,1707,1859
d2_rsi14,1993-12-02,2026-08-13,1707,1859
d2_dist50,1993-12-02,2026-08-13,1707,1859
d2_z20,1993-12-02,2026-08-13,1707,1859
d2_momentum_count,1993-12-02,2026-08-13,1707,1859
d2_technical_count,1993-12-02,2026-08-13,1707,1859
d2_pct_above_50dma,1993-12-02,2026-08-13,1707,1859
d2_pct_above_200dma,1993-12-02,2026-08-13,1707,1859
d2_breadth_drop5,1993-12-02,2026-08-13,1707,1859
d2_vix,1993-12-02,2026-08-13,1707,1859
d2_vix_chg5,1993-12-02,2026-08-13,1707,1859
d2_breakout_win_rate,1993-12-02,2026-08-13,1707,1859
d2_breakdown_rate,1993-12-02,2026-08-13,1707,1859
d2_theme_worst_underperf,1993-12-02,2026-08-13,1707,1859
d2_theme_worst_pct50,1993-12-02,2026-08-13,1707,1859
fwd_max_dd_4w,1991-01-03,2026-07-16,1855,1859
drop_5_4w,1991-01-03,2026-08-13,1859,1859
drop_10_4w,1991-01-03,2026-08-13,1859,1859
drop_15_4w,1991-01-03,2026-08-13,1859,1859
drop_20_4w,1991-01-03,2026-08-13,1859,1859
fwd_max_dd_8w,1991-01-03,2026-06-18,1851,1859
drop_5_8w,1991-01-03,2026-08-13,1859,1859
drop_10_8w,1991-01-03,2026-08-13,1859,1859
drop_15_8w,1991-01-03,2026-08-13,1859,1859
drop_20_8w,1991-01-03,2026-08-13,1859,1859
fwd_max_dd_13w,1991-01-03,2026-05-14,1846,1859
drop_5_13w,1991-01-03,2026-08-13,1859,1859
drop_10_13w,1991-01-03,2026-08-13,1859,1859
drop_15_13w,1991-01-03,2026-08-13,1859,1859
drop_20_13w,1991-01-03,2026-08-13,1859,1859
fwd_max_dd_26w,1991-01-03,2026-02-12,1833,1859
drop_5_26w,1991-01-03,2026-08-13,1859,1859
drop_10_26w,1991-01-03,2026-08-13,1859,1859
drop_15_26w,1991-01-03,2026-08-13,1859,1859
drop_20_26w,1991-01-03,2026-08-13,1859,1859
composite_risk_score_raw,1998-06-11,2026-08-13,1471,1859
composite_risk_score,1998-06-11,2026-08-13,1471,1859
composite_risk_state,1991-01-03,2026-08-13,1859,1859
model_liquidity_only,1991-01-03,2026-08-13,1859,1859
model_correction_watch,1991-01-03,2026-08-13,1859,1859
model_confirmed_drop,1991-01-03,2026-08-13,1859,1859
model_crash_watch,1991-01-03,2026-08-13,1859,1859
model_crash_confirmed,1991-01-03,2026-08-13,1859,1859
