,latest
sp500,7666.4501953125
gold,4202.2998046875
net_liquidity_t,5.794007
net_liquidity_13w_chg,-0.04814499999999988
net_liquidity_26w_chg,-0.03329200000000032
reserve_gdp,9.053487958583707
cp_sofr_bps,29.000000000000004
hy_spread,3.24
baa10y_spread,1.49
credit_spread_for_model,3.24
credit_spread_source,HY_OAS
credit_stress,False
vix,16.389999389648438
vix3m,18.579999923706055
vix_term_inverted,False
move,108.12999725341797
dxy,102.0999984741211
tnx_irx_curve,1.2549998760223389
t2108,32.0
sp_below_200dma,False
sp_200dma_diff,0.060489199212646394
liquidity_score,85
liquidity_divergence,True
d1_market_regime_score,30
d1_bear_prob12,22.1
d1_bull_prob,33.33
d1_bull_score,3.3329999999999997
d1_etf_rotation_warning,False
d1_200ma_state,Bullish
d1_rwra_bearish_count,1
d1_rwra_bull_prob,50.0
d1_rwra_bear_prob,15.0
d1_rwra_crisis_prob,5.0
d1_gex_available,False
d1_market_pulse_available,False
d1_ml_meta_included,False
d2_sp500_overextension_status,Normal
d2_downward_momentum_status,Warning
d2_range_breakdown_status,Normal
d2_technical_deterioration_status,Normal
d2_breadth_worsening_status,Warning
d2_vix_spike_status,Normal
d2_breakout_failure_status,Warning
d2_theme_momentum_status,Warning
d2_sp500_overextension_score,0.0
d2_downward_momentum_score,2.0
d2_range_breakdown_score,0.0
d2_technical_deterioration_score,0.0
d2_breadth_worsening_score,2.0
d2_vix_spike_score,0.0
d2_breakout_failure_score,2.0
d2_theme_momentum_score,2.0
d2_score,8.0
d2_warning_count,4.0
d2_watch_count,0.0
d2_level,Critical
d2_rsi14,50.02247951209767
d2_dist50,0.23464920735545292
d2_z20,0.013622574066685742
d2_momentum_count,4.0
d2_technical_count,1.0
d2_pct_above_50dma,36.0
d2_pct_above_200dma,56.00000000000001
d2_breadth_drop5,-4.0
d2_vix,16.389999389648438
d2_vix_chg5,4.59476266655372
d2_breakout_win_rate,22.815533980582526
d2_breakdown_rate,22.0
d2_theme_worst_underperf,6.315940487159432
d2_theme_worst_pct50,40.0
fwd_max_dd_4w,
drop_5_4w,False
drop_10_4w,False
drop_15_4w,False
drop_20_4w,False
fwd_max_dd_8w,
drop_5_8w,False
drop_10_8w,False
drop_15_8w,False
drop_20_8w,False
fwd_max_dd_13w,
drop_5_13w,False
drop_10_13w,False
drop_15_13w,False
drop_20_13w,False
fwd_max_dd_26w,
drop_5_26w,False
drop_10_26w,False
drop_15_26w,False
drop_20_26w,False
composite_risk_score_raw,67.27345010455176
composite_risk_score,56.00767803048602
composite_risk_state,Warning
model_liquidity_only,True
model_correction_watch,True
model_confirmed_drop,False
model_crash_watch,False
model_crash_confirmed,False
