d1_min,d2_min,liquidity_min,n,drop5_4w,drop10_8w,drop10_13w,drop10_26w,drop15_26w,drop20_26w,avg_fwd_dd_26w,median_fwd_dd_26w
70,3,30,48,0.2916666666666667,0.3125,0.4375,0.4375,0.4166666666666667,0.3125,-0.13464664791510547,-0.08005471212674148
70,5,30,48,0.2916666666666667,0.3125,0.4375,0.4375,0.4166666666666667,0.3125,-0.13464664791510547,-0.08005471212674148
70,7,30,48,0.2916666666666667,0.3125,0.4375,0.4375,0.4166666666666667,0.3125,-0.13464664791510547,-0.08005471212674148
70,9,30,48,0.2916666666666667,0.3125,0.4375,0.4375,0.4166666666666667,0.3125,-0.13464664791510547,-0.08005471212674148
70,11,30,46,0.30434782608695654,0.32608695652173914,0.43478260869565216,0.43478260869565216,0.41304347826086957,0.30434782608695654,-0.1330218168603828,-0.08005471212674148
70,9,0,58,0.2413793103448276,0.25862068965517243,0.3620689655172414,0.3620689655172414,0.3448275862068966,0.25862068965517243,-0.11689427999259289,-0.07352156689099232
70,11,0,55,0.2545454545454545,0.2727272727272727,0.36363636363636365,0.36363636363636365,0.34545454545454546,0.2545454545454545,-0.11526787407336152,-0.07140840957184891
70,7,0,59,0.2542372881355932,0.2542372881355932,0.3728813559322034,0.3728813559322034,0.3389830508474576,0.2542372881355932,-0.11710642589491076,-0.07563472421013573
70,3,0,60,0.25,0.25,0.36666666666666664,0.36666666666666664,0.3333333333333333,0.25,-0.11588966962698458,-0.07352156689099232
70,5,0,60,0.25,0.25,0.36666666666666664,0.36666666666666664,0.3333333333333333,0.25,-0.11588966962698458,-0.07352156689099232
60,11,30,80,0.25,0.225,0.3125,0.35,0.3,0.225,-0.11369694776393882,-0.06921928015504136
60,9,30,90,0.24444444444444444,0.2222222222222222,0.32222222222222224,0.35555555555555557,0.28888888888888886,0.2222222222222222,-0.10882055026098413,-0.06694967114018724
50,3,30,162,0.2654320987654321,0.21604938271604937,0.29012345679012347,0.35185185185185186,0.2839506172839506,0.2222222222222222,-0.1126209475501622,-0.06710150430820855
60,7,30,96,0.23958333333333334,0.21875,0.3125,0.34375,0.28125,0.21875,-0.10482139514237832,-0.06297699416798125
60,5,30,101,0.24752475247524752,0.21782178217821782,0.3069306930693069,0.33663366336633666,0.27722772277227725,0.21782178217821782,-0.10343875723415967,-0.06284578138099273
60,3,30,102,0.24509803921568626,0.21568627450980393,0.30392156862745096,0.3333333333333333,0.27450980392156865,0.21568627450980393,-0.1025047021114515,-0.061372257032728694
50,5,30,156,0.2564102564102564,0.20512820512820512,0.27564102564102566,0.33974358974358976,0.2692307692307692,0.20512820512820512,-0.1068500937741536,-0.06694967114018724
50,7,30,141,0.2553191489361702,0.20567375886524822,0.2765957446808511,0.3404255319148936,0.2624113475177305,0.19858156028368795,-0.10380344949675055,-0.06703015073823382
40,3,30,197,0.24873096446700507,0.19289340101522842,0.27918781725888325,0.350253807106599,0.25888324873096447,0.19796954314720813,-0.10774932009466275,-0.06686919154214066
40,5,30,189,0.24338624338624337,0.18518518518518517,0.2698412698412698,0.3439153439153439,0.24867724867724866,0.18518518518518517,-0.10387568368725393,-0.06686919154214066
40,7,30,168,0.24404761904761904,0.18452380952380953,0.27380952380952384,0.35119047619047616,0.25,0.18452380952380953,-0.10360442317951297,-0.06779839449335251
50,9,30,126,0.2619047619047619,0.20634920634920634,0.2857142857142857,0.3333333333333333,0.25396825396825395,0.18253968253968253,-0.10028490697515238,-0.06710150430820855
40,9,30,148,0.25,0.18243243243243243,0.27702702702702703,0.34459459459459457,0.25,0.17567567567567569,-0.10205059238122058,-0.06779839449335251
40,11,30,127,0.25984251968503935,0.1732283464566929,0.25984251968503935,0.33858267716535434,0.25984251968503935,0.1732283464566929,-0.10232278580477723,-0.06842393110852174
50,11,30,110,0.2727272727272727,0.2,0.2727272727272727,0.32727272727272727,0.2545454545454545,0.17272727272727273,-0.09955617091743797,-0.06852109627061415
60,11,0,119,0.226890756302521,0.17647058823529413,0.24369747899159663,0.31092436974789917,0.23529411764705882,0.16806722689075632,-0.09583071651774956,-0.06284578138099273
60,9,0,132,0.22727272727272727,0.17424242424242425,0.25757575757575757,0.3181818181818182,0.22727272727272727,0.16666666666666666,-0.09372988581710924,-0.0626996504457889
60,5,0,147,0.23809523809523808,0.17006802721088435,0.2585034013605442,0.3129251700680272,0.21768707482993196,0.16326530612244897,-0.09087587750486087,-0.05989873268446466
60,7,0,141,0.23404255319148937,0.1702127659574468,0.2624113475177305,0.3191489361702128,0.2198581560283688,0.16312056737588654,-0.09170349217314469,-0.06215438353744429
60,3,0,148,0.23648648648648649,0.16891891891891891,0.25675675675675674,0.3108108108108108,0.21621621621621623,0.16216216216216217,-0.09031702113467888,-0.05984340714171177
50,3,0,237,0.24472573839662448,0.1729957805907173,0.24050632911392406,0.3037974683544304,0.21518987341772153,0.16033755274261605,-0.09490761065194611,-0.06310820695496977
30,3,30,260,0.22692307692307692,0.16153846153846155,0.2423076923076923,0.3153846153846154,0.2076923076923077,0.15,-0.0914396207621597,-0.053343406516978886
50,5,0,231,0.23809523809523808,0.1645021645021645,0.22943722943722944,0.2943722943722944,0.20346320346320346,0.1471861471861472,-0.09055032402663599,-0.06284578138099273
40,3,0,298,0.2516778523489933,0.174496644295302,0.2550335570469799,0.33557046979865773,0.20469798657718122,0.14093959731543623,-0.0939340558430285,-0.06649334075179503
50,7,0,213,0.23943661971830985,0.1643192488262911,0.2300469483568075,0.29577464788732394,0.19718309859154928,0.14084507042253522,-0.08825475070347664,-0.06310820695496977
30,7,30,223,0.2242152466367713,0.15695067264573992,0.23766816143497757,0.3094170403587444,0.20179372197309417,0.13901345291479822,-0.08754210505272865,-0.05467437844688772
30,5,30,252,0.2222222222222222,0.15476190476190477,0.23412698412698413,0.30952380952380953,0.1984126984126984,0.1388888888888889,-0.08800298779140157,-0.053343406516978886
50,9,0,186,0.24193548387096775,0.16666666666666666,0.23118279569892472,0.2903225806451613,0.1935483870967742,0.13440860215053763,-0.08593609985922615,-0.0626996504457889
40,5,0,283,0.2508833922261484,0.1696113074204947,0.2508833922261484,0.3286219081272085,0.20141342756183744,0.13427561837455831,-0.09156736874532122,-0.06583837378766522
40,7,0,257,0.2529182879377432,0.16731517509727625,0.2529182879377432,0.3346303501945525,0.19844357976653695,0.13229571984435798,-0.09102567848238804,-0.06703015073823382
30,9,30,197,0.22842639593908629,0.15736040609137056,0.2436548223350254,0.30456852791878175,0.20304568527918782,0.1319796954314721,-0.08601896406377643,-0.0546305163308799
40,11,0,190,0.2578947368421053,0.1631578947368421,0.22631578947368422,0.32105263157894737,0.21578947368421053,0.13157894736842105,-0.0901071442555616,-0.064922879452943
30,11,30,168,0.24404761904761904,0.1488095238095238,0.23214285714285715,0.2976190476190476,0.20833333333333334,0.13095238095238096,-0.0862676976253034,-0.05467437844688772
50,11,0,161,0.2422360248447205,0.16149068322981366,0.21739130434782608,0.2857142857142857,0.19875776397515527,0.13043478260869565,-0.08553730096916459,-0.06284578138099273
40,9,0,223,0.2556053811659193,0.17040358744394618,0.25112107623318386,0.33183856502242154,0.20179372197309417,0.13004484304932734,-0.09002050193589933,-0.06686919154214066
30,3,0,403,0.228287841191067,0.1488833746898263,0.24069478908188585,0.3325062034739454,0.20843672456575682,0.12655086848635236,-0.08655469465267364,-0.06215248235450682
30,7,0,349,0.23209169054441262,0.14613180515759314,0.24355300859598855,0.335243553008596,0.21203438395415472,0.12320916905444126,-0.08554954514723134,-0.06445133836859418
30,5,0,386,0.22797927461139897,0.14507772020725387,0.23834196891191708,0.3290155440414508,0.20725388601036268,0.12176165803108809,-0.08497938679620978,-0.06215058117156935
30,11,0,257,0.245136186770428,0.14396887159533073,0.22568093385214008,0.31906614785992216,0.2178988326848249,0.12062256809338522,-0.08413352648497704,-0.059788081598958875
20,7,0,478,0.22594142259414227,0.14853556485355648,0.2405857740585774,0.33472803347280333,0.2112970711297071,0.1192468619246862,-0.08085456874682216,-0.058754815011698214
20,9,0,405,0.2271604938271605,0.15308641975308643,0.2518518518518518,0.34074074074074073,0.21975308641975308,0.11851851851851852,-0.08124446868152777,-0.058674591383365726
20,11,30,186,0.23118279569892472,0.13978494623655913,0.22043010752688172,0.2956989247311828,0.1881720430107527,0.11827956989247312,-0.08080814769961141,-0.04866196693829833
30,9,0,305,0.2360655737704918,0.15081967213114755,0.24918032786885247,0.3344262295081967,0.21639344262295082,0.1180327868852459,-0.0848413512290029,-0.06284578138099273
20,11,0,326,0.22699386503067484,0.1441717791411043,0.2331288343558282,0.3282208588957055,0.2147239263803681,0.11349693251533742,-0.07962938391393908,-0.055355042019430756
20,5,0,584,0.20205479452054795,0.13527397260273974,0.21746575342465754,0.3099315068493151,0.1952054794520548,0.1113013698630137,-0.07731579832951002,-0.05205273415336481
20,9,30,234,0.21794871794871795,0.1452991452991453,0.2264957264957265,0.2905982905982906,0.1752136752136752,0.1111111111111111,-0.07798570497795941,-0.04460116488756105
20,7,30,280,0.20714285714285716,0.14285714285714285,0.21428571428571427,0.28214285714285714,0.16428571428571428,0.11071428571428571,-0.07642072353322055,-0.04126575659867637
20,3,0,696,0.1839080459770115,0.125,0.1997126436781609,0.28735632183908044,0.17672413793103448,0.10057471264367816,-0.07306942816487207,-0.04401435889245875
20,5,30,357,0.18207282913165265,0.12885154061624648,0.19047619047619047,0.25770308123249297,0.1484593837535014,0.09803921568627451,-0.07330471430303183,-0.04126575659867637
20,3,30,433,0.16397228637413394,0.11547344110854503,0.16859122401847576,0.23556581986143188,0.13394919168591224,0.09006928406466513,-0.06961243445596556,-0.03786061178676936
40,3,50,88,0.2159090909090909,0.06818181818181818,0.10227272727272728,0.1590909090909091,0.11363636363636363,0.056818181818181816,-0.061262926855000115,-0.04087008203707271
50,3,50,71,0.22535211267605634,0.08450704225352113,0.11267605633802817,0.15492957746478872,0.1267605633802817,0.056338028169014086,-0.05793497177416545,-0.04083630353492673
30,3,50,114,0.19298245614035087,0.07894736842105263,0.11403508771929824,0.17543859649122806,0.10526315789473684,0.043859649122807015,-0.05761365738249391,-0.03921017273236682
40,7,50,71,0.2112676056338028,0.07042253521126761,0.09859154929577464,0.15492957746478872,0.09859154929577464,0.04225352112676056,-0.05730742296360453,-0.040903860539218684
40,5,50,84,0.21428571428571427,0.05952380952380952,0.08333333333333333,0.14285714285714285,0.09523809523809523,0.03571428571428571,-0.055612420761399196,-0.04087008203707271
50,7,50,59,0.22033898305084745,0.0847457627118644,0.1016949152542373,0.13559322033898305,0.1016949152542373,0.03389830508474576,-0.04927434609159994,-0.039550102296907585
30,7,50,93,0.1935483870967742,0.08602150537634409,0.11827956989247312,0.16129032258064516,0.0967741935483871,0.03225806451612903,-0.053641467776346284,-0.039167088024841756
40,9,50,63,0.2222222222222222,0.07936507936507936,0.1111111111111111,0.15873015873015872,0.09523809523809523,0.031746031746031744,-0.0572369191052718,-0.0445196349956698
50,5,50,68,0.22058823529411764,0.07352941176470588,0.08823529411764706,0.1323529411764706,0.10294117647058823,0.029411764705882353,-0.050458309602228524,-0.04019320291591716
30,5,50,110,0.19090909090909092,0.07272727272727272,0.1,0.16363636363636364,0.09090909090909091,0.02727272727272727,-0.053125220779259956,-0.03921017273236682
20,3,50,201,0.15920398009950248,0.07462686567164178,0.09950248756218906,0.16417910447761194,0.07960199004975124,0.024875621890547265,-0.0506730259770549,-0.03747627626827088
20,7,50,124,0.1935483870967742,0.0967741935483871,0.12903225806451613,0.18548387096774194,0.08064516129032258,0.024193548387096774,-0.050557686161467726,-0.0388623350405215
30,9,50,83,0.20481927710843373,0.0963855421686747,0.13253012048192772,0.1686746987951807,0.0963855421686747,0.024096385542168676,-0.05395532435513846,-0.03922715491758055
20,9,50,103,0.20388349514563106,0.0970873786407767,0.13592233009708737,0.1941747572815534,0.08737864077669903,0.019417475728155338,-0.0515453141197672,-0.03921017273236682
50,9,50,52,0.23076923076923078,0.09615384615384616,0.11538461538461539,0.1346153846153846,0.09615384615384616,0.019230769230769232,-0.04872940038957829,-0.04087008203707271
40,11,50,54,0.24074074074074073,0.07407407407407407,0.1111111111111111,0.16666666666666666,0.09259259259259259,0.018518518518518517,-0.053821941048506274,-0.04460116488756105
20,5,50,163,0.17177914110429449,0.07975460122699386,0.10429447852760736,0.17791411042944785,0.07975460122699386,0.018404907975460124,-0.05160095747202368,-0.03922715491758055
30,11,50,71,0.22535211267605634,0.08450704225352113,0.1267605633802817,0.16901408450704225,0.08450704225352113,0.014084507042253521,-0.050404128620149806,-0.03922715491758055
20,11,50,81,0.20987654320987653,0.07407407407407407,0.12345679012345678,0.19753086419753085,0.07407407407407407,0.012345679012345678,-0.049144985974651584,-0.03922715491758055
30,11,70,11,0.18181818181818182,0.09090909090909091,0.18181818181818182,0.18181818181818182,0.0,0.0,-0.033151432219803476,-0.01644957038518191
20,7,70,17,0.23529411764705882,0.11764705882352941,0.17647058823529413,0.17647058823529413,0.0,0.0,-0.039063352180731876,-0.0271153047224878
20,11,70,12,0.25,0.08333333333333333,0.16666666666666666,0.16666666666666666,0.0,0.0,-0.0367601605777333,-0.023860806022428294
20,5,70,19,0.2631578947368421,0.10526315789473684,0.15789473684210525,0.15789473684210525,0.0,0.0,-0.03969535858891368,-0.03317787485990581
70,11,50,14,0.21428571428571427,0.14285714285714285,0.14285714285714285,0.14285714285714285,0.07142857142857142,0.0,-0.03267045665698785,-0.045492570487715545
30,9,70,14,0.14285714285714285,0.07142857142857142,0.14285714285714285,0.14285714285714285,0.0,0.0,-0.03161898681463617,-0.019704069085241416
20,3,70,22,0.2727272727272727,0.09090909090909091,0.13636363636363635,0.13636363636363635,0.0,0.0,-0.04312069377324256,-0.03747627626827088
20,9,70,15,0.2,0.06666666666666667,0.13333333333333333,0.13333333333333333,0.0,0.0,-0.03460813252799119,-0.02295856778530092
30,7,70,15,0.13333333333333333,0.06666666666666667,0.13333333333333333,0.13333333333333333,0.0,0.0,-0.03161898681463617,-0.019704069085241416
70,3,50,15,0.2,0.13333333333333333,0.13333333333333333,0.13333333333333333,0.06666666666666667,0.0,-0.02634127672316302,-0.03922715491758055
70,5,50,15,0.2,0.13333333333333333,0.13333333333333333,0.13333333333333333,0.06666666666666667,0.0,-0.02634127672316302,-0.03922715491758055
70,7,50,15,0.2,0.13333333333333333,0.13333333333333333,0.13333333333333333,0.06666666666666667,0.0,-0.02634127672316302,-0.03922715491758055
70,9,50,15,0.2,0.13333333333333333,0.13333333333333333,0.13333333333333333,0.06666666666666667,0.0,-0.02634127672316302,-0.03922715491758055
50,11,50,46,0.2391304347826087,0.08695652173913043,0.10869565217391304,0.13043478260869565,0.08695652173913043,0.0,-0.043809972368084156,-0.042793277659335494
30,5,70,17,0.17647058823529413,0.058823529411764705,0.11764705882352941,0.11764705882352941,0.0,0.0,-0.03326053969460267,-0.0271153047224878
30,3,70,18,0.16666666666666666,0.05555555555555555,0.1111111111111111,0.1111111111111111,0.0,0.0,-0.033508524198936095,-0.031272041659674676
60,11,50,28,0.21428571428571427,0.10714285714285714,0.10714285714285714,0.10714285714285714,0.07142857142857142,0.0,-0.04213336230101876,-0.04822034041865142
60,9,50,29,0.20689655172413793,0.10344827586206896,0.10344827586206896,0.10344827586206896,0.06896551724137931,0.0,-0.03853334145097037,-0.0446826947794523
60,7,50,32,0.1875,0.09375,0.09375,0.09375,0.0625,0.0,-0.03437616579934271,-0.03938862860724407
60,3,50,35,0.2,0.08571428571428572,0.08571428571428572,0.08571428571428572,0.05714285714285714,0.0,-0.03512054026905546,-0.03922715491758055
60,5,50,35,0.2,0.08571428571428572,0.08571428571428572,0.08571428571428572,0.05714285714285714,0.0,-0.03512054026905546,-0.03922715491758055
40,3,70,12,0.08333333333333333,0.0,0.0,0.0,0.0,0.0,-0.012670515666352319,-0.016140445427291206
40,5,70,11,0.09090909090909091,0.0,0.0,0.0,0.0,0.0,-0.010415446520723359,-0.0158313204694005
40,7,70,9,0.0,0.0,0.0,0.0,0.0,0.0,-0.002785232446580071,-0.007915162362000405
40,9,70,9,0.0,0.0,0.0,0.0,0.0,0.0,-0.002785232446580071,-0.007915162362000405
50,3,70,8,0.0,0.0,0.0,0.0,0.0,0.0,-0.0011544714437275172,-0.004520249327004677
50,5,70,8,0.0,0.0,0.0,0.0,0.0,0.0,-0.0011544714437275172,-0.004520249327004677
50,7,70,8,0.0,0.0,0.0,0.0,0.0,0.0,-0.0011544714437275172,-0.004520249327004677
50,9,70,8,0.0,0.0,0.0,0.0,0.0,0.0,-0.0011544714437275172,-0.004520249327004677
40,11,70,7,0.0,0.0,0.0,0.0,0.0,0.0,0.0019603994622115406,-0.0011253362920089494
50,11,70,7,0.0,0.0,0.0,0.0,0.0,0.0,0.0019603994622115406,-0.0011253362920089494
60,3,70,5,0.0,0.0,0.0,0.0,0.0,0.0,0.0076175057965326195,0.006952415154481084
60,5,70,5,0.0,0.0,0.0,0.0,0.0,0.0,0.0076175057965326195,0.006952415154481084
60,7,70,5,0.0,0.0,0.0,0.0,0.0,0.0,0.0076175057965326195,0.006952415154481084
60,9,70,5,0.0,0.0,0.0,0.0,0.0,0.0,0.0076175057965326195,0.006952415154481084
60,11,70,5,0.0,0.0,0.0,0.0,0.0,0.0,0.0076175057965326195,0.006952415154481084
