Date,Indicator,Status Change,Severity
2026-10-09,Theme stocks momentum weakening,Normal -> Watch,Watch
2026-10-07,Market breadth worsening,Watch -> Normal,Normal
2026-10-06,Market breadth worsening,Warning -> Watch,Watch
2026-10-05,Increasing downward momentum,Watch -> Normal,Normal
2026-10-02,Increasing downward momentum,Warning -> Watch,Watch
2026-10-01,Technical indicators deteriorating,Warning -> Normal,Normal
2026-09-30,Increasing downward momentum,Watch -> Warning,Warning
2026-09-30,Technical indicators deteriorating,Normal -> Warning,Warning
2026-09-28,Increasing downward momentum,Normal -> Watch,Watch
2026-09-24,Market breadth worsening,Watch -> Warning,Warning
2026-09-21,Increasing downward momentum,Warning -> Normal,Normal
2026-09-21,Technical indicators deteriorating,Watch -> Normal,Normal
2026-09-21,Market breadth worsening,Warning -> Watch,Watch
2026-09-18,Technical indicators deteriorating,Warning -> Watch,Watch
2026-09-18,Market breadth worsening,Watch -> Warning,Warning
2026-09-17,Top range formation & breakdown from range,Watch -> Normal,Normal
2026-09-16,Market breadth worsening,Warning -> Watch,Watch
2026-09-16,Theme stocks momentum weakening,Warning -> Normal,Normal
2026-09-15,Top range formation & breakdown from range,Normal -> Watch,Watch
2026-09-14,Technical indicators deteriorating,Watch -> Warning,Warning
2026-09-14,Market breadth worsening,Normal -> Warning,Warning
2026-09-14,Theme stocks momentum weakening,Normal -> Warning,Warning
2026-09-11,Top range formation & breakdown from range,Watch -> Normal,Normal
2026-09-11,Technical indicators deteriorating,Warning -> Watch,Watch
